match_id,date,venue,team1,team2,toss_winner,toss_decision,winner,result,team1_score,team2_score,team1_players,team2_players,team1_total_wins_against_team2,team2_total_wins_against_team1,team1_wins_against_team2_last_three,team2_wins_against_team1_last_three,team1_form_last_5,team2_form_last_5,team1_last_5_avg_score,team1_last_5_runs_conceded,team2_last_5_avg_score,team2_last_5_runs_conceded,team1_chasing_win_rate,team1_defending_win_rate,team2_chasing_win_rate,team2_defending_win_rate,venue_avg_score,chasing_win_rate_venue,team1_win_rate_at_venue,team2_win_rate_at_venue
335982,2008-04-18,"M Chinnaswamy Stadium, Bengaluru",Kolkata Knight Riders,Royal Challengers Bengaluru,Royal Challengers Bengaluru,field,Kolkata Knight Riders,won by 140 runs,222,82,"R Dravid, W Jaffer, V Kohli, JH Kallis, CL White, MV Boucher, B Akhil, AA Noffke, P Kumar, Z Khan, SB Joshi","SC Ganguly, BB McCullum, RT Ponting, DJ Hussey, Mohammad Hafeez, LR Shukla, WP Saha, AB Agarkar, AB Dinda, M Kartik, I Sharma",0,0,0,0,0,0,0.0,0.0,0.0,0.0,0.0,0.0,0.0,0.0,0.0,0.0,0.0,0.0
335983,2008-04-19,"Punjab Cricket Association IS Bindra Stadium, Mohali, Chandigarh",Chennai Super Kings,Punjab Kings,Chennai Super Kings,bat,Chennai Super Kings,won by 33 runs,240,207,"K Goel, JR Hopes, KC Sangakkara, Yuvraj Singh, SM Katich, IK Pathan, P Dharmani, B Lee, PP Chawla, WA Mota, S Sreesanth","PA Patel, ML Hayden, MEK Hussey, MS Dhoni, SK Raina, JDP Oram, S Badrinath, Joginder Sharma, P Amarnath, MS Gony, M Muralitharan",0,0,0,0,0,0,0.0,0.0,0.0,0.0,0.0,0.0,0.0,0.0,0.0,0.0,0.0,0.0
335984,2008-04-19,"Arun Jaitley Stadium, Delhi",Rajasthan Royals,Delhi Capitals,Rajasthan Royals,bat,Delhi Capitals,won by 9 wickets,129,132,"G Gambhir, V Sehwag, S Dhawan, MK Tiwary, KD Karthik, R Bhatia, M Manhas, DL Vettori, MF Maharoof, B Geeves, GD McGrath","T Kohli, YK Pathan, SR Watson, M Kaif, DS Lehmann, RA Jadeja, M Rawat, D Salunkhe, SK Warne, SK Trivedi, MM Patel",0,0,0,0,0,0,0.0,0.0,0.0,0.0,0.0,0.0,0.0,0.0,0.0,0.0,0.0,0.0
335986,2008-04-20,"Eden Gardens, Kolkata",Deccan Chargers,Kolkata Knight Riders,Deccan Chargers,bat,Kolkata Knight Riders,won by 5 wickets,110,112,"WP Saha, BB McCullum, RT Ponting, SC Ganguly, DJ Hussey, Mohammad Hafeez, LR Shukla, AB Agarkar, AB Dinda, M Kartik, I Sharma","AC Gilchrist, Y Venugopal Rao, VVS Laxman, A Symonds, RG Sharma, SB Styris, AS Yadav, SB Bangar, WPUJC Vaas, RP Singh, PP Ojha",0,0,0,0,0,1,0.0,0.0,222.0,82.0,0.0,0.0,0.0,0.0,0.0,0.0,0.0,0.0
335985,2008-04-20,"Wankhede Stadium, Mumbai",Mumbai Indians,Royal Challengers Bengaluru,Mumbai Indians,bat,Royal Challengers Bengaluru,won by 5 wickets,165,166,"L Ronchi, ST Jayasuriya, DJ Thornely, RV Uthappa, PR Shah, AM Nayar, SM Pollock, Harbhajan Singh, MA Khote, A Nehra, DS Kulkarni","S Chanderpaul, R Dravid, LRPL Taylor, JH Kallis, V Kohli, MV Boucher, B Akhil, P Kumar, Z Khan, SB Joshi, R Vinay Kumar",0,0,0,0,0,0,0.0,0.0,82.0,222.0,0.0,0.0,0.0,0.0,0.0,0.0,0.0,0.0
335987,2008-04-21,"Sawai Mansingh Stadium, Jaipur",Punjab Kings,Rajasthan Royals,Punjab Kings,bat,Rajasthan Royals,won by 6 wickets,166,168,"M Kaif, Kamran Akmal, YK Pathan, SR Watson, DS Lehmann, RA Jadeja, Pankaj Singh, D Salunkhe, SK Warne, SK Trivedi, MM Patel","K Goel, JR Hopes, KC Sangakkara, DPMD Jayawardene, Yuvraj Singh, IK Pathan, S Sohal, B Lee, PP Chawla, WA Mota, S Sreesanth",0,0,0,0,0,0,207.0,240.0,129.0,132.0,0.0,0.0,0.0,0.0,0.0,0.0,0.0,0.0
335988,2008-04-22,"Rajiv Gandhi International Stadium, Uppal, Hyderabad",Deccan Chargers,Delhi Capitals,Deccan Chargers,bat,Delhi Capitals,won by 9 wickets,142,143,"AC Gilchrist, Y Venugopal Rao, VVS Laxman, A Symonds, RG Sharma, Shahid Afridi, SB Bangar, AS Yadav, WPUJC Vaas, RP Singh, PP Ojha","G Gambhir, V Sehwag, S Dhawan, Shoaib Malik, KD Karthik, MK Tiwary, R Bhatia, MF Maharoof, Mohammad Asif, VY Mahesh, GD McGrath",0,0,0,0,0,1,110.0,112.0,132.0,129.0,0.0,0.0,0.0,0.0,0.0,0.0,0.0,0.0
335989,2008-04-23,"MA Chidambaram Stadium, Chepauk, Chennai",Chennai Super Kings,Mumbai Indians,Mumbai Indians,field,Chennai Super Kings,won by 6 runs,208,202,"PA Patel, ML Hayden, MEK Hussey, SK Raina, MS Dhoni, JDP Oram, S Badrinath, Joginder Sharma, P Amarnath, MS Gony, M Muralitharan","L Ronchi, ST Jayasuriya, RV Uthappa, SM Pollock, DJ Bravo, AM Nayar, MA Khote, Harbhajan Singh, A Nehra, VS Yeligati, DS Kulkarni",0,0,0,0,1,0,240.0,207.0,165.0,166.0,0.0,1.0,0.0,0.0,0.0,0.0,0.0,0.0
335990,2008-04-24,"Rajiv Gandhi International Stadium, Uppal, Hyderabad",Deccan Chargers,Rajasthan Royals,Rajasthan Royals,field,Rajasthan Royals,won by 3 wickets,214,217,"AC Gilchrist, VVS Laxman, Shahid Afridi, A Symonds, RG Sharma, AS Yadav, SB Bangar, WPUJC Vaas, RP Singh, PP Ojha, D Kalyankrishna","Kamran Akmal, GC Smith, YK Pathan, SR Watson, M Kaif, RA Jadeja, SK Warne, D Salunkhe, Pankaj Singh, SK Trivedi, MM Patel",0,0,0,0,0,1,126.0,127.5,148.5,149.0,0.0,0.0,0.0,0.0,142.5,0.0,0.0,0.0
335991,2008-04-25,"Punjab Cricket Association IS Bindra Stadium, Mohali, Chandigarh",Punjab Kings,Mumbai Indians,Mumbai Indians,field,Punjab Kings,won by 66 runs,182,116,"K Goel, IK Pathan, KC Sangakkara, Yuvraj Singh, RR Sarwan, DPMD Jayawardene, S Sohal, B Lee, PP Chawla, S Sreesanth, VRV Singh","L Ronchi, ST Jayasuriya, RV Uthappa, DJ Bravo, SS Tiwary, SM Pollock, AM Nayar, Harbhajan Singh, MA Khote, DS Kulkarni, A Nehra",0,0,0,0,0,0,186.5,204.0,183.5,187.0,0.0,0.0,0.0,0.0,223.5,0.0,0.0,0.0
335993,2008-04-26,"MA Chidambaram Stadium, Chepauk, Chennai",Kolkata Knight Riders,Chennai Super Kings,Kolkata Knight Riders,bat,Chennai Super Kings,won by 9 wickets,147,152,"PA Patel, ML Hayden, MS Dhoni, MEK Hussey, S Badrinath, SK Raina, JDP Oram, Joginder Sharma, P Amarnath, MS Gony, M Muralitharan","SC Ganguly, BB McCullum, RT Ponting, WP Saha, DJ Hussey, Mohammad Hafeez, LR Shukla, AB Agarkar, M Kartik, I Sharma, AB Dinda",0,0,0,0,2,2,167.0,96.0,224.0,204.5,0.0,0.0,0.0,1.0,205.0,0.0,0.0,1.0
335992,2008-04-26,"M Chinnaswamy Stadium, Bengaluru",Royal Challengers Bengaluru,Rajasthan Royals,Rajasthan Royals,field,Rajasthan Royals,won by 7 wickets,135,138,"S Chanderpaul, R Dravid, LRPL Taylor, JH Kallis, V Kohli, MV Boucher, P Kumar, SB Joshi, Z Khan, R Vinay Kumar, A Kumble","GC Smith, M Rawat, YK Pathan, SR Watson, M Kaif, RA Jadeja, D Salunkhe, SK Warne, Sohail Tanvir, SK Trivedi, MM Patel",0,0,0,0,1,2,124.0,193.5,171.33,170.67,0.0,0.0,1.0,0.0,152.0,0.0,0.0,0.0
335994,2008-04-27,"Dr DY Patil Sports Academy, Mumbai",Mumbai Indians,Deccan Chargers,Deccan Chargers,field,Deccan Chargers,won by 10 wickets,154,155,"L Ronchi, ST Jayasuriya, AM Rahane, RV Uthappa, SM Pollock, AM Nayar, DJ Bravo, MA Khote, A Nehra, DS Kulkarni, SD Chitnis","AC Gilchrist, VVS Laxman, A Symonds, RG Sharma, Shahid Afridi, SB Bangar, AS Yadav, RP Singh, PP Ojha, D Kalyankrishna, DNT Zoysa",0,0,0,0,0,0,161.0,185.33,155.33,157.33,0.0,0.0,0.0,0.0,0.0,0.0,0.0,0.0
335995,2008-04-27,"Punjab Cricket Association IS Bindra Stadium, Mohali, Chandigarh",Delhi Capitals,Punjab Kings,Delhi Capitals,bat,Punjab Kings,won by 4 wickets,158,162,"K Goel, SM Katich, KC Sangakkara, DPMD Jayawardene, Yuvraj Singh, TM Srivastava, IK Pathan, B Lee, PP Chawla, S Sreesanth, VRV Singh","G Gambhir, V Sehwag, S Dhawan, Shoaib Malik, MK Tiwary, KD Karthik, R Bhatia, MF Maharoof, VY Mahesh, Mohammad Asif, GD McGrath",0,0,0,0,2,1,137.5,135.5,185.0,174.67,0.0,0.0,0.0,0.0,186.25,0.0,0.0,0.5
335996,2008-04-28,"M Chinnaswamy Stadium, Bengaluru",Chennai Super Kings,Royal Challengers Bengaluru,Chennai Super Kings,bat,Chennai Super Kings,won by 13 runs,178,165,"B Chipli, W Jaffer, LRPL Taylor, JH Kallis, MV Boucher, V Kohli, R Dravid, P Kumar, Z Khan, B Akhil, DW Steyn","PA Patel, ML Hayden, MEK Hussey, SK Raina, MS Dhoni, JDP Oram, S Badrinath, JA Morkel, Joginder Sharma, P Amarnath, MS Gony",0,0,0,0,3,1,200.0,185.33,127.67,175.0,0.0,1.0,0.0,0.0,144.25,0.5,0.0,0.0
335997,2008-04-29,"Eden Gardens, Kolkata",Kolkata Knight Riders,Mumbai Indians,Kolkata Knight Riders,bat,Mumbai Indians,won by 7 wickets,137,138,"BB McCullum, SC Ganguly, RT Ponting, DB Das, DJ Hussey, Mohammad Hafeez, LR Shukla, AB Agarkar, M Kartik, I Sharma, AB Dinda","AM Rahane, ST Jayasuriya, MK Pandey, RV Uthappa, DJ Bravo, SM Pollock, AM Nayar, A Nehra, DS Kulkarni, CRD Fernando, PR Shah",0,0,0,0,2,0,160.33,114.67,159.25,177.75,0.0,0.0,0.0,0.0,111.0,0.0,1.0,0.0
335998,2008-04-30,"Arun Jaitley Stadium, Delhi",Delhi Capitals,Royal Challengers Bengaluru,Royal Challengers Bengaluru,field,Delhi Capitals,won by 10 runs,191,181,"G Gambhir, V Sehwag, S Dhawan, Shoaib Malik, KD Karthik, MK Tiwary, R Bhatia, DL Vettori, Mohammad Asif, VY Mahesh, GD McGrath","P Kumar, W Jaffer, LRPL Taylor, JH Kallis, R Dravid, MV Boucher, V Kohli, Z Khan, DW Steyn, R Vinay Kumar, SB Joshi",0,0,0,0,2,1,144.33,144.33,137.0,175.75,0.0,0.0,0.0,0.0,130.5,0.0,1.0,0.0
335999,2008-05-01,"Rajiv Gandhi International Stadium, Uppal, Hyderabad",Deccan Chargers,Punjab Kings,Punjab Kings,field,Punjab Kings,won by 7 wickets,164,167,"AC Gilchrist, VVS Laxman, HH Gibbs, RG Sharma, Shahid Afridi, Y Venugopal Rao, SB Bangar, DNT Zoysa, D Kalyankrishna, RP Singh, PP Ojha","SE Marsh, RR Sarwan, KC Sangakkara, Yuvraj Singh, DPMD Jayawardene, K Goel, IK Pathan, PP Chawla, S Sreesanth, VRV Singh, Gagandeep Singh",0,0,0,0,1,2,155.25,156.5,179.25,170.5,1.0,0.0,0.0,0.0,179.0,1.0,0.0,0.0
336000,2008-05-01,"Sawai Mansingh Stadium, Jaipur",Rajasthan Royals,Kolkata Knight Riders,Rajasthan Royals,bat,Rajasthan Royals,won by 45 runs,196,151,"GC Smith, SA Asnodkar, M Kaif, YK Pathan, SR Watson, RA Jadeja, SK Warne, Sohail Tanvir, M Rawat, SK Trivedi, MM Patel","Salman Butt, SC Ganguly, AB Agarkar, BJ Hodge, DJ Hussey, LR Shukla, DB Das, WP Saha, Umar Gul, I Sharma, AB Dinda",0,0,0,0,3,2,163.0,161.75,154.5,120.5,1.0,0.0,0.0,0.0,167.0,0.0,1.0,0.0
336001,2008-05-02,"MA Chidambaram Stadium, Chepauk, Chennai",Chennai Super Kings,Delhi Capitals,Chennai Super Kings,bat,Delhi Capitals,won by 8 wickets,169,172,"PA Patel, SP Fleming, S Vidyut, MS Dhoni, JA Morkel, SK Raina, S Badrinath, Joginder Sharma, M Ntini, MS Gony, M Muralitharan","G Gambhir, V Sehwag, AB de Villiers, S Dhawan, Shoaib Malik, KD Karthik, R Bhatia, VY Mahesh, GD McGrath, PJ Sangwan, Mohammad Asif",0,0,0,0,4,3,194.5,180.25,156.0,153.5,0.0,1.0,0.0,0.0,177.25,0.0,1.0,0.0
336034,2008-05-03,"M Chinnaswamy Stadium, Bengaluru",Royal Challengers Bengaluru,Deccan Chargers,Deccan Chargers,field,Royal Challengers Bengaluru,won by 3 runs,156,153,"B Chipli, W Jaffer, V Kohli, JH Kallis, Misbah-ul-Haq, R Dravid, MV Boucher, P Kumar, Z Khan, DW Steyn, A Kumble","AC Gilchrist, VVS Laxman, HH Gibbs, RG Sharma, Shahid Afridi, SB Styris, AS Yadav, SB Bangar, RP Singh, DP Vijaykumar, PP Ojha",0,0,0,0,1,1,145.8,178.8,157.0,158.6,0.0,0.0,1.0,0.0,153.33,0.5,0.0,0.0
336003,2008-05-03,"Punjab Cricket Association IS Bindra Stadium, Mohali, Chandigarh",Punjab Kings,Kolkata Knight Riders,Punjab Kings,bat,Punjab Kings,won by 9 runs,178,169,"SE Marsh, JR Hopes, KC Sangakkara, Yuvraj Singh, DPMD Jayawardene, K Goel, IK Pathan, PP Chawla, S Sreesanth, VRV Singh, Gagandeep Singh","Mohammad Hafeez, SC Ganguly, DB Das, BJ Hodge, DJ Hussey, LR Shukla, WP Saha, AB Agarkar, Umar Gul, I Sharma, AB Dinda",0,0,0,0,3,2,176.8,169.2,153.8,135.6,1.0,0.0,0.0,0.0,177.5,0.0,0.667,0.0
336004,2008-05-04,"Dr DY Patil Sports Academy, Mumbai",Mumbai Indians,Delhi Capitals,Delhi Capitals,field,Mumbai Indians,won by 29 runs,162,133,"YV Takawale, ST Jayasuriya, DJ Thornely, RV Uthappa, DJ Bravo, AM Nayar, SM Pollock, SS Tiwary, RR Raje, A Nehra, DS Kulkarni","G Gambhir, V Sehwag, S Dhawan, AB de Villiers, Shoaib Malik, KD Karthik, R Bhatia, PJ Sangwan, VY Mahesh, Mohammad Asif, GD McGrath",0,0,0,0,1,4,155.0,169.6,159.2,156.6,0.0,0.0,0.0,0.0,154.5,1.0,0.0,0.0
336005,2008-05-04,"Sawai Mansingh Stadium, Jaipur",Chennai Super Kings,Rajasthan Royals,Chennai Super Kings,bat,Rajasthan Royals,won by 8 wickets,109,110,"GC Smith, SA Asnodkar, YK Pathan, SR Watson, M Rawat, M Kaif, RA Jadeja, SK Warne, Sohail Tanvir, SK Trivedi, MM Patel","PA Patel, SP Fleming, S Vidyut, SK Raina, S Badrinath, MS Dhoni, JA Morkel, Joginder Sharma, MS Gony, M Muralitharan, M Ntini",0,0,0,0,4,4,189.4,178.6,169.6,159.6,0.0,0.667,1.0,0.5,170.25,0.0,0.0,1.0
336006,2008-05-05,"M Chinnaswamy Stadium, Bengaluru",Royal Challengers Bengaluru,Punjab Kings,Punjab Kings,field,Punjab Kings,won by 6 wickets,126,127,"W Jaffer, V Kohli, CL White, JH Kallis, R Dravid, Misbah-ul-Haq, P Kumar, DT Patil, Z Khan, A Kumble, DW Steyn","SE Marsh, JR Hopes, RR Sarwan, Yuvraj Singh, DPMD Jayawardene, IK Pathan, PP Chawla, U Kaul, Gagandeep Singh, S Sreesanth, VRV Singh",0,0,0,0,2,4,160.6,165.0,171.0,155.0,0.0,0.0,1.0,0.5,153.62,0.333,0.25,0.0
336007,2008-05-06,"MA Chidambaram Stadium, Chepauk, Chennai",Chennai Super Kings,Deccan Chargers,Deccan Chargers,field,Deccan Chargers,won by 7 wickets,144,148,"PA Patel, SP Fleming, S Anirudha, SK Raina, S Badrinath, MS Dhoni, JA Morkel, Joginder Sharma, MS Gony, M Ntini, M Muralitharan","AC Gilchrist, HH Gibbs, SB Styris, RG Sharma, Shahid Afridi, Y Venugopal Rao, SB Bangar, AS Yadav, RP Singh, DP Vijaykumar, PP Ojha",0,0,0,0,3,1,163.2,159.2,165.6,167.4,0.0,0.5,0.5,0.0,175.0,0.0,0.667,0.0
336008,2008-05-07,"Dr DY Patil Sports Academy, Mumbai",Rajasthan Royals,Mumbai Indians,Mumbai Indians,field,Mumbai Indians,won by 7 wickets,103,104,"YV Takawale, ST Jayasuriya, RV Uthappa, DJ Bravo, AM Nayar, DJ Thornely, SM Pollock, SS Tiwary, RR Raje, A Nehra, DS Kulkarni","GC Smith, SA Asnodkar, YK Pathan, SR Watson, M Kaif, RA Jadeja, SK Warne, Sohail Tanvir, M Rawat, SK Trivedi, MM Patel",0,0,0,0,5,2,165.8,155.0,154.4,163.0,1.0,0.5,0.0,0.0,151.0,0.5,0.0,0.5
336010,2008-05-08,"Eden Gardens, Kolkata",Kolkata Knight Riders,Royal Challengers Bengaluru,Kolkata Knight Riders,bat,Kolkata Knight Riders,won by 5 runs,129,124,"A Chopra, BJ Hodge, SC Ganguly, DJ Hussey, T Taibu, LR Shukla, WP Saha, M Kartik, Umar Gul, I Sharma, AB Dinda","J Arunkumar, S Chanderpaul, MV Boucher, R Dravid, CL White, P Kumar, R Vinay Kumar, V Kohli, Z Khan, A Kumble, DW Steyn",1,0,1,0,1,1,143.2,154.8,152.6,157.4,0.0,0.0,0.0,0.0,124.25,0.0,0.5,0.0
336009,2008-05-08,"Arun Jaitley Stadium, Delhi",Delhi Capitals,Chennai Super Kings,Chennai Super Kings,field,Chennai Super Kings,won by 4 wickets,187,188,"G Gambhir, V Sehwag, AB de Villiers, S Dhawan, Shoaib Malik, KD Karthik, MK Tiwary, VY Mahesh, GD McGrath, Mohammad Asif, PJ Sangwan","S Vidyut, SP Fleming, MS Dhoni, SK Raina, JA Morkel, CK Kapugedera, S Badrinath, MS Gony, P Amarnath, M Muralitharan, L Balaji",1,0,1,0,3,2,159.4,163.2,150.4,148.4,0.0,0.0,0.0,0.5,158.25,0.0,1.0,0.0
336011,2008-05-09,"Sawai Mansingh Stadium, Jaipur",Deccan Chargers,Rajasthan Royals,Rajasthan Royals,field,Rajasthan Royals,won by 8 wickets,140,141,"GC Smith, YK Pathan, M Kaif, SR Watson, Niraj Patel, RA Jadeja, SK Warne, M Rawat, Sohail Tanvir, SK Trivedi, MM Patel","AC Gilchrist, HH Gibbs, SB Styris, RG Sharma, Shahid Afridi, SB Bangar, DB Ravi Teja, Y Venugopal Rao, RP Singh, PP Ojha, DP Vijaykumar",0,1,0,1,2,4,166.8,167.6,152.8,142.6,0.667,0.0,1.0,0.5,150.0,0.0,0.0,1.0
336013,2008-05-10,"MA Chidambaram Stadium, Chepauk, Chennai",Chennai Super Kings,Punjab Kings,Punjab Kings,field,Chennai Super Kings,won by 18 runs,181,163,"S Vidyut, SP Fleming, SK Raina, S Badrinath, MS Dhoni, JA Morkel, CK Kapugedera, P Amarnath, MS Gony, M Muralitharan, L Balaji","SE Marsh, JR Hopes, K Goel, RR Sarwan, Yuvraj Singh, DPMD Jayawardene, IK Pathan, PP Chawla, S Sreesanth, VRV Singh, U Kaul",1,0,1,0,2,5,157.6,156.4,163.2,146.6,1.0,0.5,1.0,0.5,167.75,0.5,0.5,0.0
336014,2008-05-11,"Rajiv Gandhi International Stadium, Uppal, Hyderabad",Kolkata Knight Riders,Deccan Chargers,Kolkata Knight Riders,bat,Kolkata Knight Riders,won by 23 runs,204,181,"AC Gilchrist, HH Gibbs, DB Ravi Teja, RG Sharma, SB Styris, Y Venugopal Rao, SB Bangar, WPUJC Vaas, RP Singh, DP Vijaykumar, PP Ojha","Salman Butt, A Chopra, SC Ganguly, DJ Hussey, T Taibu, LR Shukla, WP Saha, Umar Gul, I Sharma, AB Dinda, M Kartik",1,0,1,0,1,2,146.6,157.6,152.0,152.4,0.0,0.333,0.667,0.0,174.5,1.0,0.0,0.0
336015,2008-05-11,"Sawai Mansingh Stadium, Jaipur",Delhi Capitals,Rajasthan Royals,Rajasthan Royals,field,Rajasthan Royals,won by 3 wickets,156,159,"YK Pathan, GC Smith, M Kaif, SR Watson, RA Jadeja, AD Mascarenhas, SK Warne, Niraj Patel, M Rawat, SK Trivedi, MM Patel","G Gambhir, V Sehwag, S Dhawan, AB de Villiers, KD Karthik, TM Dilshan, A Mishra, MF Maharoof, VY Mahesh, GD McGrath, PJ Sangwan",1,0,1,0,2,4,168.2,172.4,137.6,127.8,0.0,0.0,1.0,0.5,147.62,1.0,0.0,1.0
336016,2008-05-12,"Punjab Cricket Association IS Bindra Stadium, Mohali, Chandigarh",Royal Challengers Bengaluru,Punjab Kings,Royal Challengers Bengaluru,bat,Punjab Kings,won by 9 wickets,143,144,"SE Marsh, JR Hopes, LA Pomersbach, Yuvraj Singh, DPMD Jayawardene, IK Pathan, TM Srivastava, PP Chawla, U Kaul, S Sreesanth, VRV Singh","J Arunkumar, V Kohli, Misbah-ul-Haq, CL White, R Dravid, MV Boucher, P Kumar, R Vinay Kumar, Z Khan, A Kumble, DW Steyn",0,1,0,1,1,4,150.4,155.6,159.4,159.6,0.0,0.0,0.667,0.5,176.5,0.0,0.0,0.75
336017,2008-05-13,"Eden Gardens, Kolkata",Kolkata Knight Riders,Delhi Capitals,Kolkata Knight Riders,bat,Kolkata Knight Riders,won by 23 runs,133,110,"Salman Butt, A Chopra, SC Ganguly, DJ Hussey, T Taibu, LR Shukla, WP Saha, Iqbal Abdulla, I Sharma, AB Dinda, Shoaib Akhtar","G Gambhir, V Sehwag, AB de Villiers, MK Tiwary, S Dhawan, TM Dilshan, A Mishra, MF Maharoof, VY Mahesh, PJ Sangwan, GD McGrath",0,0,0,0,2,2,158.0,163.4,167.8,171.8,0.0,0.5,0.0,0.0,125.0,0.0,0.667,0.0
336018,2008-05-14,"Wankhede Stadium, Mumbai",Chennai Super Kings,Mumbai Indians,Mumbai Indians,field,Mumbai Indians,won by 9 wickets,156,158,"ST Jayasuriya, SR Tendulkar, RV Uthappa, DJ Thornely, DJ Bravo, AM Nayar, SM Pollock, YV Takawale, RR Raje, A Nehra, DS Kulkarni","S Vidyut, SP Fleming, SK Raina, S Badrinath, CK Kapugedera, MS Dhoni, JA Morkel, Joginder Sharma, MS Gony, L Balaji, M Muralitharan",1,0,1,0,2,3,158.2,156.0,134.8,142.0,1.0,0.5,0.333,0.0,165.5,0.0,0.0,0.0
336020,2008-05-15,"Arun Jaitley Stadium, Delhi",Delhi Capitals,Deccan Chargers,Deccan Chargers,field,Delhi Capitals,won by 12 runs,194,182,"G Gambhir, V Sehwag, S Dhawan, MF Maharoof, TM Dilshan, MK Tiwary, KD Karthik, A Mishra, R Bhatia, GD McGrath, Mohammad Asif","AC Gilchrist, Shahid Afridi, HH Gibbs, RG Sharma, SB Styris, Y Venugopal Rao, DB Ravi Teja, RP Singh, PP Ojha, DP Vijaykumar, PM Sarvesh Kumar",1,0,1,0,1,1,151.6,162.2,157.2,162.4,0.0,0.0,0.667,0.0,168.0,0.5,0.667,0.0
336021,2008-05-16,"Wankhede Stadium, Mumbai",Kolkata Knight Riders,Mumbai Indians,Mumbai Indians,field,Mumbai Indians,won by 8 wickets,67,68,"ST Jayasuriya, SR Tendulkar, RV Uthappa, DJ Thornely, DJ Bravo, AM Nayar, SM Pollock, RV Pawar, YV Takawale, RR Raje, A Nehra","Salman Butt, A Chopra, SC Ganguly, DJ Hussey, Mohammad Hafeez, WP Saha, LR Shukla, AB Agarkar, Shoaib Akhtar, I Sharma, AB Dinda",0,1,0,1,3,4,157.2,157.8,143.2,136.8,0.0,0.6,0.5,0.0,161.25,1.0,0.0,0.5
336023,2008-05-17,"Sawai Mansingh Stadium, Jaipur",Rajasthan Royals,Royal Challengers Bengaluru,Royal Challengers Bengaluru,field,Rajasthan Royals,won by 65 runs,197,132,"GC Smith, SA Asnodkar, SR Watson, YK Pathan, M Kaif, RA Jadeja, SK Warne, Sohail Tanvir, M Rawat, SK Trivedi, MM Patel","J Arunkumar, V Kohli, Misbah-ul-Haq, JH Kallis, CL White, R Dravid, DT Patil, P Kumar, Z Khan, A Kumble, Abdur Razzak",1,0,1,0,4,1,141.8,132.0,146.0,148.8,1.0,0.5,0.0,0.0,149.6,1.0,1.0,0.0
336022,2008-05-17,"Arun Jaitley Stadium, Delhi",Delhi Capitals,Punjab Kings,Delhi Capitals,bat,Punjab Kings,won by 6 runs,118,94,"G Gambhir, V Sehwag, S Dhawan, TM Dilshan, MF Maharoof, Shoaib Malik, PJ Sangwan, KD Karthik, A Mishra, R Bhatia, GD McGrath","SE Marsh, JR Hopes, Yuvraj Singh, LA Pomersbach, DPMD Jayawardene, IK Pathan, RR Powar, PP Chawla, U Kaul, S Sreesanth, VRV Singh",0,1,0,1,1,4,156.0,164.8,155.8,156.6,0.0,0.0,0.667,0.5,173.0,0.333,0.75,0.0
336025,2008-05-18,"Eden Gardens, Kolkata",Kolkata Knight Riders,Chennai Super Kings,Kolkata Knight Riders,bat,Chennai Super Kings,won by 3 runs,149,55,"Salman Butt, Mohammad Hafeez, SC Ganguly, DB Das, DJ Hussey, LR Shukla, WP Saha, AB Agarkar, I Sharma, AB Dinda, Shoaib Akhtar","PA Patel, SP Fleming, S Vidyut, SK Raina, S Badrinath, MS Dhoni, JA Morkel, MS Gony, L Balaji, M Muralitharan, M Ntini",0,1,0,1,3,2,140.4,132.2,155.6,153.2,0.0,0.6,1.0,0.5,124.12,0.0,0.75,0.0
336024,2008-05-18,"Rajiv Gandhi International Stadium, Uppal, Hyderabad",Mumbai Indians,Deccan Chargers,Deccan Chargers,field,Mumbai Indians,won by 25 runs,178,153,"AC Gilchrist, Shahid Afridi, RG Sharma, LPC Silva, Y Venugopal Rao, DB Ravi Teja, DNT Zoysa, H Das, RP Singh, PP Ojha, DP Vijaykumar","ST Jayasuriya, SR Tendulkar, DJ Thornely, AM Nayar, RV Uthappa, DJ Bravo, PR Shah, YV Takawale, RR Raje, A Nehra, CRD Fernando",0,1,0,1,5,1,126.0,119.2,160.8,167.8,0.6,0.0,0.5,0.0,179.0,1.0,0.0,0.0
336026,2008-05-19,"M Chinnaswamy Stadium, Bengaluru",Royal Challengers Bengaluru,Delhi Capitals,Delhi Capitals,field,Delhi Capitals,won by 5 wickets,154,158,"JH Kallis, B Chipli, SP Goswami, R Dravid, Misbah-ul-Haq, CL White, B Akhil, P Kumar, Z Khan, A Kumble, DW Steyn","G Gambhir, V Sehwag, AB de Villiers, TM Dilshan, S Dhawan, KD Karthik, MF Maharoof, R Bhatia, VY Mahesh, PJ Sangwan, GD McGrath",0,1,0,1,1,1,136.2,150.0,153.0,151.2,0.0,0.0,0.0,0.0,148.2,0.5,0.2,0.0
336027,2008-05-20,"Eden Gardens, Kolkata",Kolkata Knight Riders,Rajasthan Royals,Rajasthan Royals,field,Rajasthan Royals,won by 6 wickets,147,150,"Salman Butt, Mohammad Hafeez, SC Ganguly, DJ Hussey, DB Das, LR Shukla, WP Saha, AB Agarkar, Umar Gul, I Sharma, AB Dinda","GC Smith, SA Asnodkar, Sohail Tanvir, M Kaif, SR Watson, YK Pathan, RA Jadeja, SK Warne, M Rawat, SK Trivedi, MM Patel",0,1,0,1,3,4,136.4,107.6,142.0,128.2,0.0,0.5,1.0,0.5,119.7,0.0,0.6,0.0
336028,2008-05-21,"Wankhede Stadium, Mumbai",Punjab Kings,Mumbai Indians,Mumbai Indians,field,Punjab Kings,won by 1 runs,189,188,"ST Jayasuriya, SR Tendulkar, DR Smith, AM Nayar, RV Uthappa, SM Pollock, PR Shah, SD Chitnis, CRD Fernando, A Nehra, VS Yeligati","SE Marsh, JR Hopes, LA Pomersbach, Yuvraj Singh, DPMD Jayawardene, IK Pathan, TM Srivastava, PP Chawla, U Kaul, S Sreesanth, VRV Singh",1,0,1,0,4,5,141.2,147.4,134.0,122.4,0.667,0.5,0.6,0.0,130.0,1.0,0.0,0.667
336029,2008-05-21,"MA Chidambaram Stadium, Chepauk, Chennai",Royal Challengers Bengaluru,Chennai Super Kings,Royal Challengers Bengaluru,bat,Royal Challengers Bengaluru,won by 14 runs,126,112,"PA Patel, SP Fleming, MS Dhoni, SK Raina, S Badrinath, JA Morkel, S Vidyut, MS Gony, L Balaji, M Ntini, M Muralitharan","JH Kallis, SP Goswami, V Kohli, R Dravid, Misbah-ul-Haq, MV Boucher, B Akhil, P Kumar, R Vinay Kumar, A Kumble, DW Steyn",0,1,0,1,0,3,135.8,151.0,144.8,161.0,0.0,0.0,1.0,0.5,168.6,0.333,0.0,0.6
336031,2008-05-23,"Punjab Cricket Association IS Bindra Stadium, Mohali, Chandigarh",Deccan Chargers,Punjab Kings,Punjab Kings,field,Punjab Kings,won by 6 wickets,175,178,"SE Marsh, KC Sangakkara, Yuvraj Singh, LA Pomersbach, DPMD Jayawardene, PP Chawla, TM Srivastava, RR Powar, Gagandeep Singh, VRV Singh, S Sreesanth","AC Gilchrist, HH Gibbs, RG Sharma, Y Venugopal Rao, LPC Silva, SB Styris, DB Ravi Teja, SB Bangar, RP Singh, PP Ojha, DP Vijaykumar",0,1,0,1,1,4,160.8,172.2,143.4,151.2,0.4,0.0,0.667,0.5,169.9,0.0,0.0,0.8
336032,2008-05-24,"Arun Jaitley Stadium, Delhi",Mumbai Indians,Delhi Capitals,Delhi Capitals,field,Delhi Capitals,won by 5 wickets,176,179,"G Gambhir, V Sehwag, S Dhawan, MK Tiwary, TM Dilshan, KD Karthik, MF Maharoof, B Geeves, VY Mahesh, A Mishra, GD McGrath","ST Jayasuriya, SR Tendulkar, DR Smith, RV Uthappa, AM Nayar, SM Pollock, SD Chitnis, PR Shah, A Nel, DS Kulkarni, A Nehra",1,0,1,0,4,2,139.2,133.6,147.2,144.4,0.5,0.0,0.5,0.0,159.6,0.333,0.0,0.6
336033,2008-05-24,"MA Chidambaram Stadium, Chepauk, Chennai",Rajasthan Royals,Chennai Super Kings,Rajasthan Royals,bat,Rajasthan Royals,won by 10 runs,211,201,"PA Patel, SP Fleming, SK Raina, JA Morkel, MS Dhoni, S Badrinath, MS Gony, A Mukund, L Balaji, M Muralitharan, M Ntini","GC Smith, SA Asnodkar, Kamran Akmal, YK Pathan, M Kaif, T Kohli, D Salunkhe, SK Warne, Sohail Tanvir, Pankaj Singh, MM Patel",1,0,1,0,4,3,150.0,135.8,138.4,156.6,1.0,0.5,1.0,0.5,160.33,0.333,0.0,0.5
336002,2008-05-25,"Rajiv Gandhi International Stadium, Uppal, Hyderabad",Deccan Chargers,Royal Challengers Bengaluru,Deccan Chargers,bat,Royal Challengers Bengaluru,won by 5 wickets,165,171,"AC Gilchrist, HH Gibbs, RG Sharma, LPC Silva, Y Venugopal Rao, DB Ravi Teja, AS Yadav, SB Bangar, WPUJC Vaas, RP Singh, DP Vijaykumar","JH Kallis, W Jaffer, Misbah-ul-Haq, R Dravid, CL White, V Kohli, B Akhil, SP Goswami, R Vinay Kumar, A Kumble, DW Steyn",0,1,0,1,0,1,166.2,179.0,135.8,148.0,0.4,0.0,0.0,0.5,176.3,0.667,0.0,0.0
336035,2008-05-25,"Eden Gardens, Kolkata",Punjab Kings,Kolkata Knight Riders,Punjab Kings,bat,Kolkata Knight Riders,won by 3 wickets,174,175,"Salman Butt, SC Ganguly, DB Das, DJ Hussey, LR Shukla, WP Saha, A Chopra, Umar Gul, I Sharma, BAW Mendis, AB Dinda","SE Marsh, JR Hopes, KC Sangakkara, Yuvraj Singh, DPMD Jayawardene, IK Pathan, PP Chawla, TM Srivastava, RR Powar, VRV Singh, S Sreesanth",1,0,1,0,4,2,153.6,161.0,140.0,112.8,0.75,0.5,0.0,0.5,124.5,1.0,0.0,0.5
336036,2008-05-26,"Sawai Mansingh Stadium, Jaipur",Mumbai Indians,Rajasthan Royals,Rajasthan Royals,field,Rajasthan Royals,won by 5 wickets,145,146,"Kamran Akmal, SA Asnodkar, YK Pathan, SR Watson, M Kaif, RA Jadeja, Niraj Patel, SK Warne, Sohail Tanvir, SK Trivedi, Pankaj Singh","ST Jayasuriya, SR Tendulkar, AM Nayar, RV Uthappa, DR Smith, SM Pollock, MK Pandey, YV Takawale, RR Raje, CRD Fernando, A Nehra",1,0,1,0,3,5,153.6,148.8,171.6,155.2,0.5,0.0,1.0,0.667,152.08,0.667,0.0,1.0
336037,2008-05-27,"Rajiv Gandhi International Stadium, Uppal, Hyderabad",Deccan Chargers,Chennai Super Kings,Deccan Chargers,bat,Chennai Super Kings,won by 7 wickets,147,148,"AC Gilchrist, HH Gibbs, SB Styris, Y Venugopal Rao, DB Ravi Teja, Shahid Afridi, AS Yadav, RP Singh, PP Ojha, PM Sarvesh Kumar, DP Vijaykumar","PA Patel, SP Fleming, SK Raina, MS Dhoni, JA Morkel, S Badrinath, A Mukund, M Ntini, M Muralitharan, MS Gony, L Balaji",1,0,1,0,0,2,171.2,185.0,141.0,161.4,0.4,0.0,1.0,0.5,174.92,0.667,0.0,0.0
336019,2008-05-28,"Punjab Cricket Association IS Bindra Stadium, Mohali, Chandigarh",Punjab Kings,Rajasthan Royals,Rajasthan Royals,field,Punjab Kings,won by 41 runs,221,180,"SE Marsh, JR Hopes, Yuvraj Singh, LA Pomersbach, KC Sangakkara, RR Powar, PP Chawla, IK Pathan, VRV Singh, S Sreesanth, WA Mota","M Kaif, Niraj Patel, Younis Khan, SR Watson, YK Pathan, Kamran Akmal, M Rawat, D Salunkhe, Pankaj Singh, SK Trivedi, MM Patel",0,1,0,1,4,5,155.8,159.8,172.6,156.2,0.75,0.333,1.0,0.667,171.0,0.5,0.833,0.0
336012,2008-05-28,"M Chinnaswamy Stadium, Bengaluru",Royal Challengers Bengaluru,Mumbai Indians,Mumbai Indians,field,Mumbai Indians,won by 9 wickets,122,126,"MV Boucher, SP Goswami, Misbah-ul-Haq, R Dravid, CL White, V Kohli, B Akhil, P Kumar, R Vinay Kumar, A Kumble, DW Steyn","ST Jayasuriya, SR Tendulkar, RV Uthappa, DR Smith, AM Nayar, SM Pollock, MK Pandey, YV Takawale, DS Kulkarni, CRD Fernando, A Nehra",1,0,1,0,2,2,145.2,155.2,151.0,146.8,0.0,0.5,0.5,0.0,149.5,0.6,0.167,0.0
336038,2008-05-30,"Wankhede Stadium, Mumbai",Rajasthan Royals,Delhi Capitals,Delhi Capitals,field,Rajasthan Royals,won by 105 runs,192,87,"G Gambhir, V Sehwag, S Dhawan, MK Tiwary, TM Dilshan, KD Karthik, MF Maharoof, A Mishra, VY Mahesh, Mohammad Asif, GD McGrath","GC Smith, SA Asnodkar, Sohail Tanvir, SR Watson, M Kaif, YK Pathan, RA Jadeja, SK Warne, M Rawat, MM Patel, SK Trivedi",1,1,1,1,4,3,176.8,169.2,151.8,147.8,0.857,0.667,0.667,0.0,144.62,0.667,0.0,0.0
336039,2008-05-31,"Wankhede Stadium, Mumbai",Punjab Kings,Chennai Super Kings,Punjab Kings,bat,Chennai Super Kings,won by 9 wickets,112,116,"PA Patel, S Vidyut, SK Raina, MS Dhoni, CK Kapugedera, S Badrinath, JA Morkel, MS Gony, L Balaji, M Muralitharan, M Ntini","SE Marsh, JR Hopes, KC Sangakkara, Yuvraj Singh, DPMD Jayawardene, IK Pathan, WA Mota, PP Chawla, RR Powar, S Sreesanth, VRV Singh",0,2,0,2,4,2,171.2,167.2,134.4,158.2,0.75,0.333,1.0,0.5,143.6,0.5,1.0,0.0
336040,2008-06-01,"Dr DY Patil Sports Academy, Mumbai",Chennai Super Kings,Rajasthan Royals,Rajasthan Royals,field,Rajasthan Royals,won by 3 wickets,163,164,"PA Patel, S Vidyut, SK Raina, JA Morkel, MS Dhoni, CK Kapugedera, S Badrinath, MS Gony, L Balaji, M Muralitharan, M Ntini","Niraj Patel, SA Asnodkar, Kamran Akmal, SR Watson, YK Pathan, M Kaif, RA Jadeja, SK Warne, Sohail Tanvir, SK Trivedi, MM Patel",0,2,0,2,3,4,126.4,149.0,175.8,160.2,1.0,0.5,0.857,0.667,135.17,0.667,0.0,0.0
392181,2009-04-18,Newlands,Mumbai Indians,Chennai Super Kings,Chennai Super Kings,field,Mumbai Indians,won by 19 runs,165,146,"PA Patel, ML Hayden, SK Raina, A Flintoff, MS Dhoni, JDP Oram, S Badrinath, Joginder Sharma, T Thushara, MS Gony, R Ashwin","ST Jayasuriya, SR Tendulkar, S Dhawan, JP Duminy, DJ Bravo, AM Nayar, Harbhajan Singh, Z Khan, PR Shah, SL Malinga, RR Raje",1,1,1,1,2,2,162.6,157.8,148.0,152.0,0.571,0.0,1.0,0.5,0.0,0.0,0.0,0.0
392182,2009-04-18,Newlands,Royal Challengers Bengaluru,Rajasthan Royals,Royal Challengers Bengaluru,bat,Royal Challengers Bengaluru,won by 75 runs,133,58,"JD Ryder, RV Uthappa, LRPL Taylor, KP Pietersen, R Dravid, V Kohli, B Akhil, P Kumar, R Vinay Kumar, DW Steyn, A Kumble","GC Smith, SA Asnodkar, Niraj Patel, T Henderson, YK Pathan, AD Mascarenhas, RA Jadeja, SK Warne, M Rawat, MM Patel, Kamran Khan",0,2,0,2,2,4,141.0,151.6,178.6,163.4,0.0,0.5,0.875,0.667,155.5,0.0,0.0,0.0
392184,2009-04-19,Newlands,Kolkata Knight Riders,Deccan Chargers,Kolkata Knight Riders,bat,Deccan Chargers,won by 8 wickets,101,104,"AC Gilchrist, HH Gibbs, VVS Laxman, RG Sharma, SB Styris, Y Venugopal Rao, Harmeet Singh, PP Ojha, RP Singh, DB Ravi Teja, FH Edwards","BB McCullum, CH Gayle, SC Ganguly, BJ Hodge, A Chopra, LR Shukla, MC Henriques, AB Agarkar, M Kartik, I Sharma, AB Dinda",2,0,2,0,2,0,134.2,111.4,164.4,173.8,0.0,0.5,0.4,0.0,125.5,0.0,0.0,0.0
392183,2009-04-19,Newlands,Punjab Kings,Delhi Capitals,Delhi Capitals,field,Delhi Capitals,won by 10 wickets,104,58,"G Gambhir, V Sehwag, TM Dilshan, AB de Villiers, MK Tiwary, KD Karthik, DP Nannes, DL Vettori, VY Mahesh, AM Salvi, PJ Sangwan","RS Bopara, K Goel, Yuvraj Singh, KC Sangakkara, DPMD Jayawardene, IK Pathan, PP Chawla, T Kohli, VS Malik, VRV Singh, YA Abdulla",2,0,2,0,3,3,174.8,166.8,147.2,159.6,0.75,0.25,0.5,0.0,117.83,0.0,0.0,0.0
392185,2009-04-20,St George's Park,Chennai Super Kings,Royal Challengers Bengaluru,Chennai Super Kings,bat,Chennai Super Kings,won by 92 runs,179,87,"P Kumar, RV Uthappa, JH Kallis, LRPL Taylor, KP Pietersen, R Dravid, V Kohli, R Bishnoi, R Vinay Kumar, DW Steyn, A Kumble","PA Patel, ML Hayden, SK Raina, MS Dhoni, A Flintoff, JA Morkel, S Badrinath, Joginder Sharma, L Balaji, MS Gony, M Muralitharan",1,1,1,1,2,3,154.8,159.8,141.2,123.8,0.5,0.5,0.0,0.667,0.0,0.0,0.0,0.0
392186,2009-04-21,Kingsmead,Punjab Kings,Kolkata Knight Riders,Kolkata Knight Riders,field,Kolkata Knight Riders,won by 11 runs,158,79,"RS Bopara, K Goel, IK Pathan, KC Sangakkara, Yuvraj Singh, DPMD Jayawardene, T Kohli, PP Chawla, VS Malik, VRV Singh, YA Abdulla","BB McCullum, CH Gayle, BJ Hodge, SC Ganguly, Yashpal Singh, A Chopra, MC Henriques, LR Shukla, I Sharma, M Kartik, AB Dinda",1,1,1,1,2,1,157.8,140.8,127.8,110.2,0.75,0.25,0.0,0.429,0.0,0.0,0.0,0.0
392188,2009-04-22,Newlands,Deccan Chargers,Royal Challengers Bengaluru,Deccan Chargers,bat,Deccan Chargers,won by 24 runs,184,160,"JD Ryder, RV Uthappa, JH Kallis, KP Pietersen, R Dravid, V Kohli, R Bishnoi, KV Sharma, P Kumar, A Kumble, DW Steyn","AC Gilchrist, HH Gibbs, VVS Laxman, RG Sharma, SB Styris, Y Venugopal Rao, DB Ravi Teja, FH Edwards, Harmeet Singh, PP Ojha, RP Singh",0,2,0,2,1,3,148.8,155.2,127.8,128.0,0.4,0.0,0.0,0.667,108.62,0.5,1.0,1.0
392190,2009-04-23,Newlands,Rajasthan Royals,Kolkata Knight Riders,Kolkata Knight Riders,field,,,150,150,"CH Gayle, BB McCullum, LR Shukla, BJ Hodge, SC Ganguly, SB Bangar, Yashpal Singh, AB Agarkar, I Sharma, BAW Mendis, Anureet Singh","GC Smith, PC Valthaty, RJ Quiney, YK Pathan, RA Jadeja, AD Mascarenhas, AS Raut, SK Warne, M Rawat, MM Patel, Kamran Khan",2,0,2,0,3,2,148.0,149.8,130.2,128.2,0.875,0.667,1.0,0.429,121.3,0.5,0.0,0.0
392189,2009-04-23,Kingsmead,Delhi Capitals,Chennai Super Kings,Delhi Capitals,bat,Delhi Capitals,won by 9 runs,189,180,"PA Patel, ML Hayden, SK Raina, MS Dhoni, A Flintoff, JA Morkel, S Badrinath, MS Gony, Joginder Sharma, L Balaji, M Muralitharan","G Gambhir, V Sehwag, AB de Villiers, TM Dilshan, KD Karthik, MK Tiwary, DL Vettori, DP Nannes, AM Salvi, PJ Sangwan, A Nehra",1,1,1,1,3,3,120.0,144.0,150.4,135.0,0.6,0.0,0.5,0.6,118.5,1.0,0.0,0.0
392191,2009-04-24,Kingsmead,Royal Challengers Bengaluru,Punjab Kings,Royal Challengers Bengaluru,bat,Punjab Kings,won by 7 wickets,168,173,"JD Ryder, RV Uthappa, JH Kallis, KP Pietersen, R Dravid, LRPL Taylor, V Kohli, P Kumar, R Vinay Kumar, Pankaj Singh, A Kumble","RS Bopara, K Goel, KC Sangakkara, Yuvraj Singh, DPMD Jayawardene, IK Pathan, WA Mota, PP Chawla, VRV Singh, RR Bose, YA Abdulla",0,2,0,2,2,1,134.6,142.4,153.8,121.6,0.0,0.667,0.75,0.25,151.5,1.0,0.0,0.0
392192,2009-04-25,Kingsmead,Deccan Chargers,Mumbai Indians,Deccan Chargers,bat,Deccan Chargers,won by 12 runs,168,156,"AC Gilchrist, HH Gibbs, DR Smith, RG Sharma, VVS Laxman, Y Venugopal Rao, DB Ravi Teja, RP Singh, FH Edwards, PP Ojha, Harmeet Singh","ST Jayasuriya, SR Tendulkar, JP Duminy, S Dhawan, DJ Bravo, AM Nayar, Harbhajan Singh, Z Khan, PR Shah, SL Malinga, DS Kulkarni",1,1,1,1,2,2,155.0,151.6,160.0,156.4,0.4,0.2,0.571,0.0,157.83,1.0,0.0,0.0
392194,2009-04-26,St George's Park,Royal Challengers Bengaluru,Delhi Capitals,Royal Challengers Bengaluru,bat,Delhi Capitals,won by 6 wickets,149,150,"JH Kallis, RV Uthappa, KP Pietersen, LRPL Taylor, V Kohli, MV Boucher, B Akhil, R Vinay Kumar, Pankaj Singh, A Kumble, KP Appanna","G Gambhir, V Sehwag, TM Dilshan, AB de Villiers, KD Karthik, M Manhas, A Mishra, DL Vettori, DP Nannes, PJ Sangwan, A Nehra",0,2,0,2,1,4,134.0,144.0,134.2,161.2,0.0,0.5,0.6,0.333,133.0,0.0,0.0,0.0
392195,2009-04-26,Newlands,Punjab Kings,Rajasthan Royals,Punjab Kings,bat,Punjab Kings,won by 27 runs,139,112,"RS Bopara, K Goel, KC Sangakkara, Yuvraj Singh, DPMD Jayawardene, IK Pathan, PP Chawla, WA Mota, RR Powar, VRV Singh, YA Abdulla","SA Asnodkar, GC Smith, RJ Quiney, YK Pathan, AD Mascarenhas, RA Jadeja, AS Raut, SK Warne, M Rawat, MM Patel, Kamran Khan",1,1,1,1,2,2,153.6,120.2,148.8,150.8,0.75,0.25,0.875,0.667,126.08,0.333,0.0,0.0
392196,2009-04-27,Kingsmead,Chennai Super Kings,Deccan Chargers,Deccan Chargers,field,Deccan Chargers,won by 6 wickets,165,169,"PA Patel, ML Hayden, SK Raina, MS Dhoni, JDP Oram, JA Morkel, S Badrinath, MS Gony, Joginder Sharma, L Balaji, M Muralitharan","AC Gilchrist, HH Gibbs, VVS Laxman, RG Sharma, DR Smith, AA Bilakhia, Y Venugopal Rao, PP Ojha, RP Singh, FH Edwards, Shoaib Ahmed",1,1,1,1,2,3,156.8,143.4,153.6,147.2,0.5,0.6,0.4,0.333,158.88,1.0,0.0,1.0
392197,2009-04-27,St George's Park,Mumbai Indians,Kolkata Knight Riders,Mumbai Indians,bat,Mumbai Indians,won by 92 runs,187,95,"BB McCullum, CH Gayle, BJ Hodge, SC Ganguly, Yashpal Singh, AN Ghosh, LR Shukla, I Sharma, BAW Mendis, AB Dinda, Anureet Singh","ST Jayasuriya, SR Tendulkar, Harbhajan Singh, JP Duminy, AM Nayar, DJ Bravo, S Dhawan, SS Tiwary, PR Shah, Z Khan, SL Malinga",2,0,2,0,2,2,153.6,152.2,130.4,147.2,0.571,0.0,0.5,0.429,141.25,0.0,0.0,0.0
392198,2009-04-28,SuperSport Park,Delhi Capitals,Rajasthan Royals,Delhi Capitals,bat,Rajasthan Royals,won by 5 wickets,143,147,"G Gambhir, V Sehwag, AB de Villiers, TM Dilshan, KD Karthik, DL Vettori, M Manhas, A Mishra, PJ Sangwan, A Nehra, DP Nannes","RJ Quiney, GC Smith, SA Asnodkar, PC Valthaty, RA Jadeja, SK Warne, YK Pathan, AD Mascarenhas, M Rawat, MM Patel, Kamran Khan",1,2,1,2,4,2,132.6,160.2,135.2,134.4,0.6,0.333,0.875,0.667,0.0,0.0,0.0,0.0
392200,2009-04-29,Kingsmead,Punjab Kings,Mumbai Indians,Punjab Kings,bat,Punjab Kings,won by 3 runs,119,116,"RS Bopara, K Goel, KC Sangakkara, Yuvraj Singh, DPMD Jayawardene, IK Pathan, WA Mota, PP Chawla, RR Powar, VS Malik, YA Abdulla","ST Jayasuriya, SR Tendulkar, S Dhawan, JP Duminy, DJ Bravo, AM Nayar, Harbhajan Singh, SS Tiwary, Z Khan, PR Shah, SL Malinga",2,0,2,0,2,3,137.2,106.6,155.8,135.4,0.75,0.4,0.571,0.5,160.5,1.0,0.5,0.0
392199,2009-04-29,Kingsmead,Kolkata Knight Riders,Royal Challengers Bengaluru,Kolkata Knight Riders,bat,Royal Challengers Bengaluru,won by 5 wickets,139,143,"JH Kallis, SP Goswami, KP Pietersen, V Kohli, MV Boucher, RE van der Merwe, MK Pandey, P Kumar, Pankaj Singh, A Kumble, KP Appanna","BB McCullum, CH Gayle, BJ Hodge, SC Ganguly, MN van Wyk, WP Saha, LR Shukla, AB Agarkar, M Kartik, I Sharma, AB Dinda",2,0,2,0,2,1,120.0,154.6,139.4,148.8,0.5,0.429,0.0,0.4,153.33,1.0,1.0,0.0
392202,2009-04-30,SuperSport Park,Chennai Super Kings,Rajasthan Royals,Rajasthan Royals,field,Chennai Super Kings,won by 38 runs,164,126,"PA Patel, ML Hayden, SK Raina, S Badrinath, JDP Oram, MS Dhoni, JA Morkel, S Tyagi, SB Jakati, L Balaji, M Muralitharan","RJ Quiney, GC Smith, SA Asnodkar, RA Jadeja, YK Pathan, AD Mascarenhas, SK Warne, M Rawat, MM Patel, SK Trivedi, Kamran Khan",0,3,0,3,1,2,166.6,154.8,126.2,145.6,0.5,0.6,0.875,0.667,145.0,0.0,0.0,1.0
392201,2009-04-30,SuperSport Park,Deccan Chargers,Delhi Capitals,Delhi Capitals,field,Delhi Capitals,won by 6 wickets,148,150,"AC Gilchrist, HH Gibbs, AA Bilakhia, RG Sharma, TL Suman, DR Smith, Y Venugopal Rao, Shoaib Ahmed, RP Singh, PP Ojha, FH Edwards","G Gambhir, V Sehwag, AB de Villiers, TM Dilshan, KD Karthik, M Manhas, DL Vettori, A Mishra, PJ Sangwan, A Nehra, DP Nannes",0,2,0,2,4,3,154.4,146.0,125.4,154.4,0.5,0.333,0.6,0.25,145.0,0.0,0.0,0.0
392203,2009-05-01,Buffalo Park,Mumbai Indians,Kolkata Knight Riders,Mumbai Indians,bat,Mumbai Indians,won by 9 runs,148,139,"CH Gayle, SC Ganguly, BJ Hodge, MN van Wyk, LR Shukla, BB McCullum, WP Saha, AB Agarkar, M Kartik, I Sharma, AB Dinda","ST Jayasuriya, SR Tendulkar, Harbhajan Singh, AM Nayar, JP Duminy, GR Napier, AM Rahane, Z Khan, SS Tiwary, PR Shah, SL Malinga",3,0,3,0,3,1,150.0,130.0,112.8,148.4,0.571,0.5,0.5,0.375,0.0,0.0,0.0,0.0
392204,2009-05-01,Kingsmead,Royal Challengers Bengaluru,Punjab Kings,Royal Challengers Bengaluru,bat,Royal Challengers Bengaluru,won by 8 runs,145,137,"JD Ryder, SP Goswami, R Bishnoi, JH Kallis, RV Uthappa, V Kohli, MV Boucher, RE van der Merwe, P Kumar, A Kumble, KP Appanna","Yuvraj Singh, K Goel, SM Katich, KC Sangakkara, DPMD Jayawardene, IK Pathan, PP Chawla, RR Powar, TM Srivastava, VS Malik, YA Abdulla",0,3,0,3,1,3,141.4,165.0,138.6,106.6,0.0,0.4,0.75,0.5,151.57,1.0,0.5,0.667
392205,2009-05-02,St George's Park,Deccan Chargers,Rajasthan Royals,Deccan Chargers,bat,Rajasthan Royals,won by 3 wickets,141,142,"HH Gibbs, AC Gilchrist, AA Bilakhia, RG Sharma, TL Suman, DR Smith, Y Venugopal Rao, Shoaib Ahmed, PP Ojha, RP Singh, FH Edwards","GC Smith, SA Asnodkar, LA Carseldine, NV Ojha, RA Jadeja, SK Warne, AS Raut, YK Pathan, SM Harwood, SK Trivedi, MM Patel",0,2,0,2,4,1,154.6,146.4,118.6,145.8,0.5,0.333,0.778,0.667,141.17,0.0,0.0,0.0
392206,2009-05-02,New Wanderers Stadium,Chennai Super Kings,Delhi Capitals,Delhi Capitals,field,Chennai Super Kings,won by 18 runs,163,145,"M Vijay, ML Hayden, SK Raina, S Badrinath, JA Morkel, MS Dhoni, JDP Oram, SB Jakati, L Balaji, M Muralitharan, S Tyagi","G Gambhir, DA Warner, AB de Villiers, TM Dilshan, KD Karthik, M Manhas, R Bhatia, PJ Sangwan, A Mishra, A Nehra, DP Nannes",1,2,1,2,2,4,166.8,147.2,138.0,145.6,0.5,0.6,0.667,0.25,0.0,0.0,0.0,0.0
392208,2009-05-03,New Wanderers Stadium,Mumbai Indians,Royal Challengers Bengaluru,Mumbai Indians,bat,Royal Challengers Bengaluru,won by 9 wickets,149,150,"JH Kallis, W Jaffer, RV Uthappa, R Dravid, V Kohli, MV Boucher, RE van der Merwe, D du Preez, P Kumar, R Vinay Kumar, A Kumble","ST Jayasuriya, SR Tendulkar, AM Rahane, JP Duminy, DJ Bravo, AM Nayar, S Dhawan, PR Shah, Harbhajan Singh, Z Khan, SL Malinga",1,1,1,1,3,2,154.4,133.4,153.0,156.6,0.571,0.667,0.0,0.5,154.0,0.0,0.0,0.0
392207,2009-05-03,St George's Park,Kolkata Knight Riders,Punjab Kings,Kolkata Knight Riders,bat,Punjab Kings,won by 6 wickets,153,154,"S Sohal, KC Sangakkara, SM Katich, DPMD Jayawardene, Yuvraj Singh, IK Pathan, RR Powar, TM Srivastava, VS Malik, PP Chawla, YA Abdulla","BB McCullum, CH Gayle, BJ Hodge, SC Ganguly, MN van Wyk, WP Saha, LR Shukla, AB Agarkar, M Kartik, I Sharma, AB Dinda",2,1,2,1,1,3,120.4,157.2,145.2,124.0,0.5,0.375,0.75,0.5,141.25,0.0,0.0,0.0
392209,2009-05-04,Buffalo Park,Chennai Super Kings,Deccan Chargers,Chennai Super Kings,bat,Chennai Super Kings,won by 78 runs,178,100,"M Vijay, ML Hayden, MS Dhoni, SK Raina, JA Morkel, JDP Oram, S Badrinath, S Tyagi, SB Jakati, L Balaji, M Muralitharan","AC Gilchrist, HH Gibbs, VVS Laxman, RG Sharma, DR Smith, TL Suman, Y Venugopal Rao, RJ Harris, RP Singh, Shoaib Ahmed, PP Ojha",1,2,1,2,3,3,170.2,143.2,162.0,154.6,0.5,0.6,0.5,0.286,143.5,0.0,0.0,0.0
392210,2009-05-05,Kingsmead,Rajasthan Royals,Punjab Kings,Punjab Kings,field,Rajasthan Royals,won by 78 runs,211,133,"S Sohal, KC Sangakkara, K Goel, SM Katich, DPMD Jayawardene, Yuvraj Singh, IK Pathan, PP Chawla, RR Powar, S Sreesanth, YA Abdulla","NV Ojha, GC Smith, YK Pathan, RA Jadeja, LA Carseldine, AS Raut, Niraj Patel, SK Warne, SM Harwood, SK Trivedi, A Singh",1,2,1,2,2,4,135.4,147.4,144.4,138.8,0.778,0.667,0.75,0.5,150.25,1.0,0.0,0.5
392211,2009-05-05,Kingsmead,Kolkata Knight Riders,Delhi Capitals,Kolkata Knight Riders,bat,Delhi Capitals,won by 9 wickets,154,157,"G Gambhir, DA Warner, TM Dilshan, AB de Villiers, KD Karthik, M Manhas, R Bhatia, A Mishra, PJ Sangwan, A Nehra, DP Nannes","MN van Wyk, BB McCullum, BJ Hodge, MC Henriques, WP Saha, SC Ganguly, Yashpal Singh, AB Agarkar, M Kartik, I Sharma, AB Dinda",1,0,1,0,0,3,135.2,156.4,155.4,157.4,0.5,0.333,0.571,0.25,152.67,0.667,0.5,1.0
392212,2009-05-06,SuperSport Park,Deccan Chargers,Mumbai Indians,Deccan Chargers,bat,Deccan Chargers,won by 19 runs,145,126,"AC Gilchrist, HH Gibbs, TL Suman, RG Sharma, DR Smith, Y Venugopal Rao, DB Ravi Teja, RJ Harris, Shoaib Ahmed, RP Singh, Harmeet Singh","ST Jayasuriya, SR Tendulkar, PR Shah, JP Duminy, DJ Bravo, AM Nayar, Harbhajan Singh, SS Tiwary, RR Raje, DS Kulkarni, SL Malinga",2,1,2,1,2,2,145.2,158.2,151.2,134.2,0.5,0.286,0.571,0.5,146.33,0.5,0.0,0.0
392213,2009-05-07,SuperSport Park,Royal Challengers Bengaluru,Rajasthan Royals,Rajasthan Royals,field,Rajasthan Royals,won by 7 wickets,105,107,"JH Kallis, W Jaffer, RV Uthappa, R Dravid, V Kohli, MV Boucher, RE van der Merwe, D du Preez, P Kumar, R Vinay Kumar, A Kumble","GC Smith, NV Ojha, LA Carseldine, YK Pathan, RA Jadeja, AS Raut, Niraj Patel, SK Warne, M Morkel, MM Patel, A Singh",1,2,1,2,3,3,151.0,149.6,147.6,144.0,0.0,0.5,0.778,0.667,143.62,0.5,0.0,0.5
392214,2009-05-07,SuperSport Park,Chennai Super Kings,Punjab Kings,Chennai Super Kings,bat,Chennai Super Kings,won by 12 runs,185,174,"S Badrinath, ML Hayden, SK Raina, MS Dhoni, JA Morkel, GJ Bailey, S Tyagi, SB Jakati, L Balaji, M Muralitharan, MS Gony","S Sohal, SM Katich, K Goel, Yuvraj Singh, DPMD Jayawardene, KC Sangakkara, IK Pathan, S Sreesanth, PP Chawla, YA Abdulla, VRV Singh",3,0,3,0,3,3,170.0,145.8,136.4,147.4,0.5,0.667,0.6,0.5,136.1,0.667,1.0,0.0
392215,2009-05-08,Buffalo Park,Mumbai Indians,Delhi Capitals,Mumbai Indians,bat,Delhi Capitals,won by 7 wickets,116,118,"G Gambhir, DA Warner, TM Dilshan, AB de Villiers, KD Karthik, M Manhas, R Bhatia, A Mishra, PJ Sangwan, A Nehra, DP Nannes","L Ronchi, JP Duminy, PR Shah, SR Tendulkar, AM Nayar, DJ Bravo, Harbhajan Singh, AM Rahane, RR Raje, DS Kulkarni, SL Malinga",1,1,1,1,2,3,145.2,129.6,149.0,152.2,0.571,0.5,0.571,0.25,141.25,0.0,1.0,0.0
392216,2009-05-09,De Beers Diamond Oval,Deccan Chargers,Punjab Kings,Punjab Kings,field,Punjab Kings,won by 3 wickets,168,169,"AC Gilchrist, HH Gibbs, TL Suman, RG Sharma, A Symonds, Y Venugopal Rao, DB Ravi Teja, PP Ojha, Shoaib Ahmed, RP Singh, RJ Harris","S Sohal, SM Katich, KC Sangakkara, Yuvraj Singh, DPMD Jayawardene, IK Pathan, WA Mota, B Lee, PP Chawla, RR Powar, S Sreesanth",0,2,0,2,2,2,140.6,152.2,143.4,162.0,0.5,0.375,0.6,0.5,0.0,0.0,0.0,0.0
392217,2009-05-09,De Beers Diamond Oval,Rajasthan Royals,Chennai Super Kings,Rajasthan Royals,bat,Chennai Super Kings,won by 7 wickets,140,141,"M Vijay, ML Hayden, SK Raina, S Badrinath, JDP Oram, MS Dhoni, JA Morkel, S Tyagi, SB Jakati, L Balaji, M Muralitharan","GC Smith, NV Ojha, SA Asnodkar, RA Jadeja, YK Pathan, LA Carseldine, AS Raut, SK Warne, SM Harwood, A Singh, SK Trivedi",3,1,2,1,4,4,146.6,137.2,171.0,142.8,0.8,0.667,0.5,0.714,168.5,1.0,0.0,0.0
392218,2009-05-10,St George's Park,Mumbai Indians,Royal Challengers Bengaluru,Mumbai Indians,bat,Mumbai Indians,won by 16 runs,157,141,"JH Kallis, V Kohli, RV Uthappa, LRPL Taylor, R Dravid, MV Boucher, RE van der Merwe, R Vinay Kumar, A Kumble, KP Appanna, A Mithun","ST Jayasuriya, SR Tendulkar, AM Rahane, JP Duminy, AM Nayar, DJ Bravo, Harbhajan Singh, YV Takawale, C Nanda, DS Kulkarni, SL Malinga",1,2,1,2,1,3,131.0,134.2,138.4,136.4,0.571,0.4,0.0,0.5,143.7,0.0,1.0,0.0
392219,2009-05-10,New Wanderers Stadium,Kolkata Knight Riders,Delhi Capitals,Delhi Capitals,field,Delhi Capitals,won by 7 wickets,123,125,"G Gambhir, DA Warner, AB de Villiers, TM Dilshan, KD Karthik, M Manhas, R Bhatia, A Mishra, PJ Sangwan, A Nehra, DP Nannes","BB McCullum, SC Ganguly, BJ Hodge, MN van Wyk, Yashpal Singh, WP Saha, MC Henriques, AB Agarkar, M Kartik, I Sharma, SS Sarkar",1,1,1,1,0,3,136.0,157.8,142.6,145.6,0.5,0.3,0.571,0.25,151.75,0.0,0.0,0.0
392220,2009-05-11,De Beers Diamond Oval,Deccan Chargers,Rajasthan Royals,Deccan Chargers,bat,Deccan Chargers,won by 53 runs,166,113,"TL Suman, AC Gilchrist, RG Sharma, A Symonds, DR Smith, WPUJC Vaas, Y Venugopal Rao, DB Ravi Teja, RP Singh, PP Ojha, Shoaib Ahmed","GC Smith, SA Asnodkar, LA Carseldine, NV Ojha, YK Pathan, RA Jadeja, AS Raut, M Morkel, SK Warne, SK Trivedi, MM Patel",0,3,0,3,1,3,140.4,153.0,145.2,136.8,0.5,0.375,0.8,0.5,154.5,1.0,0.0,0.0
392221,2009-05-12,SuperSport Park,Kolkata Knight Riders,Royal Challengers Bengaluru,Royal Challengers Bengaluru,field,Royal Challengers Bengaluru,won by 6 wickets,173,176,"JD Ryder, JH Kallis, RV Uthappa, LRPL Taylor, R Dravid, MV Boucher, V Kohli, B Akhil, KP Appanna, R Vinay Kumar, A Kumble","BB McCullum, SC Ganguly, AN Ghosh, DJ Hussey, AD Mathews, WP Saha, Yashpal Singh, AB Agarkar, M Kartik, I Sharma, BAW Mendis",2,1,2,1,0,3,141.6,145.4,136.8,137.8,0.5,0.3,0.0,0.5,143.33,0.667,0.0,0.0
392222,2009-05-12,SuperSport Park,Punjab Kings,Mumbai Indians,Punjab Kings,bat,Mumbai Indians,won by 8 wickets,119,122,"S Sohal, SM Katich, IK Pathan, KC Sangakkara, Yuvraj Singh, WA Mota, LA Pomersbach, K Goel, B Lee, PP Chawla, S Sreesanth","ST Jayasuriya, DJ Bravo, AM Rahane, SR Tendulkar, JP Duminy, AM Nayar, Harbhajan Singh, RR Raje, YV Takawale, DS Kulkarni, SL Malinga",3,0,3,0,2,2,153.4,172.4,139.2,138.6,0.667,0.5,0.571,0.5,147.79,0.75,0.0,0.0
392223,2009-05-13,Kingsmead,Delhi Capitals,Deccan Chargers,Deccan Chargers,field,Delhi Capitals,won by 12 runs,173,161,"TL Suman, AC Gilchrist, RG Sharma, DB Ravi Teja, A Symonds, DR Smith, Y Venugopal Rao, WPUJC Vaas, RP Singh, PP Ojha, Shoaib Ahmed","G Gambhir, DA Warner, TM Dilshan, AB de Villiers, V Sehwag, KD Karthik, R Bhatia, A Mishra, PJ Sangwan, A Nehra, DP Nannes",3,0,3,0,4,2,139.0,140.8,144.0,145.6,0.625,0.25,0.5,0.444,152.95,0.667,1.0,1.0
392224,2009-05-14,Kingsmead,Chennai Super Kings,Royal Challengers Bengaluru,Chennai Super Kings,bat,Royal Challengers Bengaluru,won by 2 wickets,129,132,"RV Uthappa, JH Kallis, R Dravid, LRPL Taylor, V Kohli, MV Boucher, RE van der Merwe, B Akhil, P Kumar, R Vinay Kumar, A Kumble","M Vijay, ML Hayden, SK Raina, MS Dhoni, JDP Oram, S Badrinath, JA Morkel, SB Jakati, L Balaji, M Muralitharan, S Tyagi",2,1,2,1,5,3,166.2,137.0,143.4,144.6,0.5,0.714,0.25,0.5,154.23,0.5,0.0,0.667
392225,2009-05-14,Kingsmead,Rajasthan Royals,Mumbai Indians,Rajasthan Royals,bat,Rajasthan Royals,won by 2 runs,145,143,"DJ Bravo, YV Takawale, AM Rahane, ST Jayasuriya, SR Tendulkar, JP Duminy, AM Nayar, Harbhajan Singh, DS Kulkarni, C Nanda, SL Malinga","RJ Quiney, GC Smith, YK Pathan, RA Jadeja, SD Chitnis, NV Ojha, J Botha, SK Warne, AS Raut, MM Patel, SK Trivedi",1,1,1,1,3,2,142.6,137.2,134.0,134.6,0.8,0.5,0.571,0.5,152.25,0.5,1.0,0.0
392226,2009-05-15,OUTsurance Oval,Delhi Capitals,Punjab Kings,Punjab Kings,field,Punjab Kings,won by 6 wickets,120,123,"G Gambhir, V Sehwag, TM Dilshan, AB de Villiers, M Manhas, KD Karthik, MF Maharoof, DL Vettori, R Bhatia, PJ Sangwan, A Nehra","S Sohal, SM Katich, LA Pomersbach, Yuvraj Singh, KC Sangakkara, IK Pathan, B Lee, PP Chawla, RR Powar, WA Mota, S Sreesanth",1,2,1,2,4,2,143.6,143.4,149.8,167.8,0.625,0.25,0.667,0.429,0.0,0.0,0.0,0.0
392227,2009-05-16,St George's Park,Mumbai Indians,Chennai Super Kings,Mumbai Indians,bat,Chennai Super Kings,won by 7 wickets,147,151,"PA Patel, ML Hayden, SK Raina, S Badrinath, MS Dhoni, JDP Oram, JA Morkel, SB Jakati, L Balaji, M Muralitharan, S Tyagi","ST Jayasuriya, DJ Bravo, JP Duminy, SR Tendulkar, AM Nayar, Harbhajan Singh, YV Takawale, AM Rahane, DS Kulkarni, SL Malinga, C Nanda",2,1,2,1,2,4,132.8,133.6,159.2,138.2,0.571,0.5,0.5,0.625,144.58,0.0,1.0,1.0
392228,2009-05-16,New Wanderers Stadium,Kolkata Knight Riders,Deccan Chargers,Deccan Chargers,field,Deccan Chargers,won by 6 wickets,160,166,"AC Gilchrist, HH Gibbs, TL Suman, A Symonds, RG Sharma, Y Venugopal Rao, DB Ravi Teja, RJ Harris, Harmeet Singh, RP Singh, PP Ojha","BB McCullum, SC Ganguly, BJ Hodge, DJ Hussey, WP Saha, Mashrafe Mortaza, AB Agarkar, Yashpal Singh, M Kartik, I Sharma, SS Shaikh",2,1,2,1,0,2,148.4,152.0,148.0,151.8,0.5,0.3,0.429,0.444,142.5,0.5,0.0,0.0
392229,2009-05-17,New Wanderers Stadium,Punjab Kings,Deccan Chargers,Deccan Chargers,field,Punjab Kings,won by 1 runs,134,133,"AC Gilchrist, HH Gibbs, TL Suman, A Symonds, RG Sharma, Y Venugopal Rao, DB Ravi Teja, RJ Harris, RP Singh, Jaskaran Singh, PP Ojha","S Sohal, SM Katich, LA Pomersbach, Yuvraj Singh, KC Sangakkara, WA Mota, IK Pathan, B Lee, PP Chawla, RR Powar, S Sreesanth",3,0,3,0,2,3,143.6,161.2,161.2,148.2,0.714,0.429,0.5,0.444,147.62,0.667,0.0,1.0
392230,2009-05-17,OUTsurance Oval,Delhi Capitals,Rajasthan Royals,Delhi Capitals,bat,Delhi Capitals,won by 14 runs,150,136,"G Gambhir, V Sehwag, AB de Villiers, TM Dilshan, KD Karthik, A Mishra, M Manhas, MF Maharoof, AM Salvi, A Nehra, DP Nannes","RJ Quiney, GC Smith, NV Ojha, J Botha, RA Jadeja, YK Pathan, AS Raut, SK Warne, A Singh, SK Trivedi, MM Patel",1,3,0,3,4,3,138.6,135.4,143.2,137.6,0.625,0.25,0.8,0.6,121.5,1.0,0.0,0.0
392231,2009-05-18,SuperSport Park,Chennai Super Kings,Kolkata Knight Riders,Chennai Super Kings,bat,Kolkata Knight Riders,won by 7 wickets,188,189,"PA Patel, GJ Bailey, SK Raina, MS Dhoni, JA Morkel, S Badrinath, JDP Oram, SB Jakati, L Balaji, M Muralitharan, S Tyagi","BB McCullum, SC Ganguly, BJ Hodge, DJ Hussey, WP Saha, LR Shukla, AB Agarkar, Anureet Singh, M Kartik, AB Dinda, BAW Mendis",2,0,2,0,4,0,156.8,138.6,152.6,155.6,0.5,0.625,0.5,0.3,144.38,0.75,1.0,0.0
392232,2009-05-19,New Wanderers Stadium,Delhi Capitals,Royal Challengers Bengaluru,Delhi Capitals,bat,Royal Challengers Bengaluru,won by 7 wickets,134,135,"RV Uthappa, JH Kallis, R Dravid, LRPL Taylor, MV Boucher, V Kohli, RE van der Merwe, P Kumar, B Akhil, A Kumble, MK Pandey","G Gambhir, V Sehwag, M Manhas, AB de Villiers, KD Karthik, AB McDonald, Y Nagar, MF Maharoof, DL Vettori, AM Salvi, A Nehra",3,0,3,0,4,3,137.2,131.8,140.8,143.0,0.625,0.4,0.25,0.5,144.8,0.5,0.5,1.0
392233,2009-05-20,Kingsmead,Rajasthan Royals,Kolkata Knight Riders,Kolkata Knight Riders,field,Kolkata Knight Riders,won by 4 wickets,101,102,"BB McCullum, SC Ganguly, BJ Hodge, Yashpal Singh, DJ Hussey, LR Shukla, SS Shaikh, AB Agarkar, CK Langeveldt, AB Dinda, SS Sarkar","NV Ojha, RJ Quiney, SA Asnodkar, Niraj Patel, J Botha, YK Pathan, RA Jadeja, T Henderson, SK Warne, MM Patel, A Singh",2,0,2,0,2,1,128.2,141.0,159.8,162.4,0.8,0.6,0.5,0.3,151.62,0.5,1.0,0.333
392234,2009-05-20,Kingsmead,Chennai Super Kings,Punjab Kings,Chennai Super Kings,bat,Chennai Super Kings,won by 24 runs,116,92,"GJ Bailey, PA Patel, SK Raina, S Badrinath, MS Dhoni, JDP Oram, MS Gony, R Ashwin, T Thushara, L Balaji, M Muralitharan","S Sohal, SM Katich, LA Pomersbach, Yuvraj Singh, KC Sangakkara, WA Mota, IK Pathan, B Lee, PP Chawla, RR Powar, S Sreesanth",4,0,3,0,3,3,158.8,156.4,143.8,145.6,0.5,0.556,0.714,0.429,148.04,0.6,0.0,0.4
392236,2009-05-21,SuperSport Park,Royal Challengers Bengaluru,Deccan Chargers,Royal Challengers Bengaluru,bat,Royal Challengers Bengaluru,won by 12 runs,170,158,"JH Kallis, MK Pandey, RE van der Merwe, R Dravid, LRPL Taylor, V Kohli, RV Uthappa, MV Boucher, P Kumar, B Akhil, A Kumble","AC Gilchrist, HH Gibbs, TL Suman, A Symonds, RG Sharma, Y Venugopal Rao, AA Bilakhia, RJ Harris, Jaskaran Singh, RP Singh, PP Ojha",2,1,2,1,3,2,137.8,140.0,158.8,149.8,0.25,0.5,0.444,0.444,149.28,0.75,0.5,0.5
392235,2009-05-21,SuperSport Park,Mumbai Indians,Delhi Capitals,Delhi Capitals,field,Delhi Capitals,won by 4 wickets,165,166,"G Gambhir, DA Warner, V Sehwag, TM Dilshan, R Bhatia, AB de Villiers, KD Karthik, A Mishra, AM Salvi, DP Nannes, PJ Sangwan","ST Jayasuriya, SR Tendulkar, JP Duminy, Mohammad Ashraful, AM Rahane, AM Nayar, PR Shah, Harbhajan Singh, SL Malinga, DS Kulkarni, RA Shaikh",1,2,1,2,2,3,137.0,134.8,140.4,135.6,0.571,0.429,0.625,0.333,150.75,0.75,0.5,0.5
392237,2009-05-22,SuperSport Park,Delhi Capitals,Deccan Chargers,Deccan Chargers,field,Deccan Chargers,won by 6 wickets,153,154,"G Gambhir, DA Warner, V Sehwag, TM Dilshan, AB de Villiers, KD Karthik, R Bhatia, A Mishra, PJ Sangwan, DP Nannes, A Nehra","AC Gilchrist, HH Gibbs, AA Bilakhia, TL Suman, A Symonds, RG Sharma, Y Venugopal Rao, RJ Harris, PP Ojha, Harmeet Singh, RP Singh",4,0,3,0,3,2,148.6,144.0,156.8,150.0,0.667,0.333,0.444,0.444,152.09,0.8,0.667,0.333
392238,2009-05-23,New Wanderers Stadium,Chennai Super Kings,Royal Challengers Bengaluru,Royal Challengers Bengaluru,field,Royal Challengers Bengaluru,won by 6 wickets,146,149,"JH Kallis, MK Pandey, RE van der Merwe, R Dravid, V Kohli, LRPL Taylor, RV Uthappa, MV Boucher, P Kumar, R Vinay Kumar, A Kumble","PA Patel, ML Hayden, MS Dhoni, SK Raina, JA Morkel, JDP Oram, S Badrinath, SB Jakati, L Balaji, M Muralitharan, MS Gony",2,2,1,2,3,4,145.0,140.0,150.8,150.2,0.5,0.6,0.25,0.571,143.08,0.5,1.0,1.0
392239,2009-05-24,New Wanderers Stadium,Deccan Chargers,Royal Challengers Bengaluru,Royal Challengers Bengaluru,field,Deccan Chargers,won by 6 runs,143,137,"JH Kallis, MK Pandey, RE van der Merwe, R Dravid, LRPL Taylor, V Kohli, MV Boucher, RV Uthappa, P Kumar, R Vinay Kumar, A Kumble","AC Gilchrist, HH Gibbs, TL Suman, A Symonds, RG Sharma, Y Venugopal Rao, AA Bilakhia, RJ Harris, PP Ojha, Harmeet Singh, RP Singh",1,3,1,2,2,5,154.4,158.0,152.4,148.0,0.5,0.444,0.4,0.571,143.71,0.6,0.5,1.0
419106,2010-03-12,"Dr DY Patil Sports Academy, Mumbai",Kolkata Knight Riders,Deccan Chargers,Deccan Chargers,field,Kolkata Knight Riders,won by 11 runs,161,150,"AC Gilchrist, VVS Laxman, HH Gibbs, A Symonds, RG Sharma, Anirudh Singh, TL Suman, WPUJC Vaas, Jaskaran Singh, RP Singh, PP Ojha","MK Tiwary, BJ Hodge, SC Ganguly, CA Pujara, OA Shah, AD Mathews, WP Saha, LR Shukla, M Kartik, CK Langeveldt, I Sharma",2,2,1,2,2,3,149.4,151.2,150.8,150.8,0.667,0.3,0.5,0.444,142.25,0.75,0.0,1.0
419107,2010-03-13,"Brabourne Stadium, Mumbai",Mumbai Indians,Rajasthan Royals,Mumbai Indians,bat,Mumbai Indians,won by 4 runs,212,208,"ST Jayasuriya, SR Tendulkar, AP Tare, SS Tiwary, AT Rayudu, R Sathish, Harbhajan Singh, R McLaren, Z Khan, SL Malinga, AG Murtaza","GC Smith, SA Asnodkar, NV Ojha, AA Jhunjhunwala, YK Pathan, P Dogra, AD Mascarenhas, A Uniyal, SK Warne, Kamran Khan, SW Tait",1,2,1,2,2,1,146.8,144.4,127.0,140.4,0.571,0.429,0.8,0.6,0.0,0.0,0.0,0.0
419108,2010-03-13,"Punjab Cricket Association IS Bindra Stadium, Mohali, Chandigarh",Punjab Kings,Delhi Capitals,Delhi Capitals,field,Delhi Capitals,won by 5 wickets,142,146,"RS Bopara, MS Bisla, KC Sangakkara, Yuvraj Singh, DPMD Jayawardene, IK Pathan, M Kaif, PP Chawla, RR Powar, S Sreesanth, YA Abdulla","G Gambhir, V Sehwag, TM Dilshan, AB de Villiers, KD Karthik, M Manhas, MF Maharoof, A Mishra, PJ Sangwan, VY Mahesh, DP Nannes",3,1,2,1,3,2,127.4,131.8,144.6,142.6,0.714,0.429,0.667,0.333,175.21,0.333,0.857,0.0
419109,2010-03-14,"Eden Gardens, Kolkata",Royal Challengers Bengaluru,Kolkata Knight Riders,Kolkata Knight Riders,field,Kolkata Knight Riders,won by 7 wickets,135,136,"BJ Hodge, MK Tiwary, SC Ganguly, CA Pujara, OA Shah, RS Gavaskar, AD Mathews, WP Saha, M Kartik, CK Langeveldt, I Sharma","JH Kallis, SP Goswami, MK Pandey, V Kohli, EJG Morgan, R Dravid, RV Uthappa, RE van der Merwe, P Kumar, A Kumble, DW Steyn",2,2,2,1,4,3,144.6,142.0,157.0,156.2,0.333,0.571,0.667,0.3,131.64,1.0,0.0,0.571
419110,2010-03-14,"MA Chidambaram Stadium, Chepauk, Chennai",Deccan Chargers,Chennai Super Kings,Deccan Chargers,bat,Deccan Chargers,won by 31 runs,190,159,"M Vijay, ML Hayden, SK Raina, S Badrinath, JM Kemp, MS Dhoni, JA Morkel, R Ashwin, L Balaji, M Muralitharan, S Tyagi","AC Gilchrist, VVS Laxman, HH Gibbs, A Symonds, RG Sharma, TL Suman, Anirudh Singh, WPUJC Vaas, Jaskaran Singh, RP Singh, PP Ojha",2,2,1,2,2,2,147.6,151.0,146.0,141.8,0.455,0.444,0.5,0.6,166.86,0.333,1.0,0.429
419111,2010-03-15,"Sardar Patel Stadium, Motera",Rajasthan Royals,Delhi Capitals,Delhi Capitals,field,Delhi Capitals,won by 6 wickets,141,142,"SA Asnodkar, GC Smith, NV Ojha, YK Pathan, AA Jhunjhunwala, P Dogra, AD Mascarenhas, A Uniyal, SK Warne, SW Tait, MM Patel","G Gambhir, V Sehwag, TM Dilshan, AB de Villiers, KD Karthik, M Manhas, MF Maharoof, A Mishra, S Ladda, PJ Sangwan, DP Nannes",3,2,2,1,1,3,140.6,154.6,149.8,146.4,0.8,0.6,0.7,0.333,0.0,0.0,0.0,0.0
419112,2010-03-16,"M Chinnaswamy Stadium, Bengaluru",Punjab Kings,Royal Challengers Bengaluru,Punjab Kings,bat,Royal Challengers Bengaluru,won by 8 wickets,203,204,"MK Pandey, JH Kallis, RV Uthappa, V Kohli, R Dravid, EJG Morgan, MV Boucher, P Kumar, A Kumble, DW Steyn, R Vinay Kumar","RS Bopara, MS Bisla, Yuvraj Singh, DPMD Jayawardene, IK Pathan, KC Sangakkara, M Kaif, PP Chawla, Bipul Sharma, YA Abdulla, S Sreesanth",3,1,2,1,2,3,122.0,127.4,145.2,143.4,0.714,0.429,0.333,0.571,145.86,0.667,1.0,0.143
419113,2010-03-16,"Eden Gardens, Kolkata",Chennai Super Kings,Kolkata Knight Riders,Chennai Super Kings,bat,Chennai Super Kings,won by 55 runs,164,109,"BJ Hodge, MK Tiwary, SC Ganguly, WP Saha, OA Shah, AD Mathews, LR Shukla, RS Gavaskar, SE Bond, M Kartik, I Sharma","M Vijay, ML Hayden, SK Raina, S Badrinath, MS Dhoni, JM Kemp, JA Morkel, R Ashwin, L Balaji, M Muralitharan, MS Gony",2,1,2,1,2,4,152.0,153.4,149.6,148.0,0.5,0.6,0.75,0.3,132.12,1.0,1.0,0.625
419114,2010-03-17,"Arun Jaitley Stadium, Delhi",Mumbai Indians,Delhi Capitals,Delhi Capitals,field,Mumbai Indians,won by 98 runs,218,120,"TM Dilshan, V Sehwag, AB de Villiers, MF Maharoof, KD Karthik, M Manhas, A Mishra, PJ Sangwan, S Ladda, DP Nannes, G Gambhir","ST Jayasuriya, SR Tendulkar, AP Tare, SS Tiwary, AT Rayudu, KA Pollard, DJ Bravo, R Sathish, Harbhajan Singh, Z Khan, SL Malinga",1,3,0,3,2,3,157.8,157.8,148.2,147.4,0.571,0.5,0.727,0.333,162.58,0.5,0.0,0.667
419115,2010-03-18,"M Chinnaswamy Stadium, Bengaluru",Rajasthan Royals,Royal Challengers Bengaluru,Royal Challengers Bengaluru,field,Royal Challengers Bengaluru,won by 10 wickets,92,93,"MK Pandey, JH Kallis, RV Uthappa, V Kohli, R Dravid, EJG Morgan, MV Boucher, P Kumar, A Kumble, DW Steyn, R Vinay Kumar","NV Ojha, MJ Lumb, DR Martyn, AA Jhunjhunwala, YK Pathan, P Dogra, S Narwal, SK Warne, M Morkel, MM Patel, SK Trivedi",3,1,2,1,1,3,146.2,149.8,159.0,157.2,0.8,0.6,0.333,0.571,153.06,0.667,1.0,0.25
419116,2010-03-19,"Arun Jaitley Stadium, Delhi",Delhi Capitals,Chennai Super Kings,Delhi Capitals,bat,Chennai Super Kings,won by 5 wickets,185,190,"DA Warner, V Sehwag, TM Dilshan, KD Karthik, AB de Villiers, M Manhas, R Bhatia, A Mishra, PJ Sangwan, DP Nannes, UT Yadav","PA Patel, ML Hayden, S Badrinath, SK Raina, JA Morkel, JM Kemp, M Vijay, R Ashwin, L Balaji, M Muralitharan, Joginder Sharma",2,2,1,2,3,2,145.4,164.0,154.6,145.8,0.667,0.333,0.5,0.636,163.5,0.4,0.571,1.0
419117,2010-03-19,Barabati Stadium,Deccan Chargers,Punjab Kings,Punjab Kings,field,Deccan Chargers,won by 6 runs,170,164,"AC Gilchrist, VVS Laxman, HH Gibbs, A Symonds, RG Sharma, Anirudh Singh, TL Suman, WPUJC Vaas, Jaskaran Singh, RP Singh, PP Ojha","RS Bopara, MS Bisla, KC Sangakkara, Yuvraj Singh, DPMD Jayawardene, AB Barath, IK Pathan, PP Chawla, Bipul Sharma, S Sreesanth, SJ Srivastava",0,4,0,3,3,2,159.0,156.0,138.8,143.8,0.455,0.5,0.714,0.375,0.0,0.0,0.0,0.0
419118,2010-03-20,"Sardar Patel Stadium, Motera",Rajasthan Royals,Kolkata Knight Riders,Rajasthan Royals,bat,Rajasthan Royals,won by 34 runs,168,134,"MJ Lumb, NV Ojha, FY Fazal, AA Jhunjhunwala, YK Pathan, AC Voges, P Dogra, SK Warne, MM Patel, SK Trivedi, SW Tait","MK Tiwary, BJ Hodge, CA Pujara, SC Ganguly, OA Shah, AD Mathews, WP Saha, M Kartik, AB Dinda, SE Bond, I Sharma",2,1,1,1,0,4,135.6,139.8,139.4,147.6,0.8,0.6,0.75,0.3,141.5,1.0,0.0,0.0
419119,2010-03-20,"Brabourne Stadium, Mumbai",Mumbai Indians,Royal Challengers Bengaluru,Mumbai Indians,bat,Royal Challengers Bengaluru,won by 7 wickets,151,155,"ST Jayasuriya, SR Tendulkar, AP Tare, SS Tiwary, AT Rayudu, DJ Bravo, R Sathish, KA Pollard, Harbhajan Singh, Z Khan, SL Malinga","MK Pandey, JH Kallis, RV Uthappa, V Kohli, EJG Morgan, R Dravid, MV Boucher, P Kumar, A Kumble, DW Steyn, R Vinay Kumar",2,2,2,1,2,3,177.0,158.0,143.6,144.0,0.571,0.5,0.429,0.571,210.0,0.0,1.0,0.0
419121,2010-03-21,"MA Chidambaram Stadium, Chepauk, Chennai",Punjab Kings,Chennai Super Kings,Chennai Super Kings,field,,,136,136,"PA Patel, ML Hayden, SK Raina, M Vijay, S Badrinath, JA Morkel, MS Gony, R Ashwin, JM Kemp, L Balaji, M Muralitharan","RS Bopara, IK Pathan, KC Sangakkara, DPMD Jayawardene, Yuvraj Singh, M Kaif, MS Bisla, PP Chawla, J Theron, RR Powar, SJ Srivastava",0,5,0,3,1,3,147.0,153.8,155.0,145.0,0.625,0.375,0.5,0.636,167.81,0.333,0.0,0.375
419120,2010-03-21,Barabati Stadium,Deccan Chargers,Delhi Capitals,Deccan Chargers,bat,Deccan Chargers,won by 10 runs,171,161,"MD Mishra, AC Gilchrist, HH Gibbs, A Symonds, RG Sharma, TL Suman, Y Venugopal Rao, WPUJC Vaas, R Sharma, PP Ojha, RP Singh","DA Warner, V Sehwag, AB de Villiers, KD Karthik, M Manhas, MC Henriques, Y Nagar, A Mishra, UT Yadav, S Ladda, DP Nannes",1,4,1,2,4,2,161.4,154.8,149.2,169.0,0.455,0.5,0.667,0.286,167.0,0.0,1.0,0.0
419122,2010-03-22,"Brabourne Stadium, Mumbai",Kolkata Knight Riders,Mumbai Indians,Kolkata Knight Riders,bat,Mumbai Indians,won by 7 wickets,155,156,"S Dhawan, SR Tendulkar, SS Tiwary, KA Pollard, R Sathish, AP Tare, DJ Bravo, R McLaren, Harbhajan Singh, Z Khan, SL Malinga","CH Gayle, SC Ganguly, OA Shah, AD Mathews, CA Pujara, Mandeep Singh, WP Saha, M Kartik, Harpreet Singh, SE Bond, I Sharma",0,4,0,3,3,2,128.4,143.6,178.6,160.0,0.75,0.3,0.571,0.444,181.5,0.0,0.0,0.5
419123,2010-03-23,"M Chinnaswamy Stadium, Bengaluru",Royal Challengers Bengaluru,Chennai Super Kings,Chennai Super Kings,field,Royal Challengers Bengaluru,won by 36 runs,171,135,"MK Pandey, JH Kallis, R Dravid, RV Uthappa, V Kohli, EJG Morgan, MV Boucher, P Kumar, A Kumble, DW Steyn, R Vinay Kumar","PA Patel, ML Hayden, GJ Bailey, SK Raina, M Vijay, S Badrinath, JA Morkel, R Ashwin, L Balaji, M Muralitharan, S Tyagi",3,2,2,1,3,2,144.8,145.0,159.0,153.8,0.429,0.571,0.333,0.636,146.33,0.714,0.333,1.0
419124,2010-03-24,"Punjab Cricket Association IS Bindra Stadium, Mohali, Chandigarh",Rajasthan Royals,Punjab Kings,Punjab Kings,field,Rajasthan Royals,won by 31 runs,183,152,"RS Bopara, KC Sangakkara, MS Bisla, Yuvraj Singh, DPMD Jayawardene, IK Pathan, M Kaif, PP Chawla, J Theron, S Sreesanth, SJ Srivastava","MJ Lumb, NV Ojha, FY Fazal, YK Pathan, AC Voges, P Dogra, AA Jhunjhunwala, SK Warne, MM Patel, SK Trivedi, SW Tait",2,2,1,2,1,0,142.0,136.6,147.4,154.4,0.8,0.667,0.625,0.375,171.31,0.5,0.0,0.75
419125,2010-03-25,"Brabourne Stadium, Mumbai",Chennai Super Kings,Mumbai Indians,Mumbai Indians,field,Mumbai Indians,won by 5 wickets,180,181,"PA Patel, ML Hayden, SK Raina, S Badrinath, MS Dhoni, JA Morkel, NLTC Perera, Joginder Sharma, L Balaji, M Muralitharan, SB Jakati","S Dhawan, SR Tendulkar, SS Tiwary, R Sathish, KA Pollard, DJ Bravo, R McLaren, AP Tare, Harbhajan Singh, Z Khan, SL Malinga",2,2,1,2,2,3,156.8,158.2,180.4,160.8,0.25,0.636,0.571,0.444,172.83,0.0,0.0,0.667
419128,2010-03-25,"M Chinnaswamy Stadium, Bengaluru",Delhi Capitals,Royal Challengers Bengaluru,Royal Challengers Bengaluru,field,Delhi Capitals,won by 17 runs,183,166,"MK Pandey, JH Kallis, RV Uthappa, R Dravid, EJG Morgan, V Kohli, MV Boucher, R Vinay Kumar, P Kumar, DW Steyn, A Kumble","DA Warner, V Sehwag, AB de Villiers, KD Karthik, KM Jadhav, AB McDonald, M Manhas, A Mishra, DP Nannes, UT Yadav, PJ Sangwan",3,1,2,1,2,4,150.8,172.4,151.6,143.4,0.667,0.286,0.429,0.571,147.0,0.625,1.0,0.4
419126,2010-03-26,"Sardar Patel Stadium, Motera",Deccan Chargers,Rajasthan Royals,Deccan Chargers,bat,Rajasthan Royals,won by 8 wickets,148,151,"MJ Lumb, NV Ojha, YK Pathan, FY Fazal, AC Voges, AA Jhunjhunwala, P Dogra, SK Warne, S Narwal, SK Trivedi, SW Tait","AC Gilchrist, VVS Laxman, HH Gibbs, A Symonds, RG Sharma, TL Suman, Y Venugopal Rao, WPUJC Vaas, R Sharma, RP Singh, PP Ojha",1,3,1,2,4,2,164.8,156.4,158.4,146.6,0.455,0.545,0.8,0.667,146.25,1.0,0.0,0.5
419127,2010-03-27,"Punjab Cricket Association IS Bindra Stadium, Mohali, Chandigarh",Kolkata Knight Riders,Punjab Kings,Kolkata Knight Riders,bat,Kolkata Knight Riders,won by 39 runs,183,144,"RS Bopara, Yuvraj Singh, MS Bisla, KC Sangakkara, DPMD Jayawardene, IK Pathan, K Goel, B Lee, PP Chawla, SJ Srivastava, VS Malik","CH Gayle, SC Ganguly, Mandeep Singh, MK Tiwary, DJ Hussey, AD Mathews, WP Saha, SE Bond, AB Agarkar, AB Dinda, Iqbal Abdulla",2,2,2,1,2,0,139.0,154.6,159.4,167.8,0.75,0.273,0.556,0.375,170.89,0.4,0.0,0.667
419129,2010-03-28,"Sardar Patel Stadium, Motera",Rajasthan Royals,Chennai Super Kings,Rajasthan Royals,bat,Rajasthan Royals,won by 17 runs,177,160,"MJ Lumb, NV Ojha, FY Fazal, YK Pathan, AC Voges, AA Jhunjhunwala, P Dogra, S Narwal, SK Warne, SW Tait, SK Trivedi","M Vijay, ML Hayden, SK Raina, MS Dhoni, S Badrinath, JA Morkel, KB Arun Karthik, T Thushara, Joginder Sharma, M Muralitharan, SB Jakati",3,2,1,2,3,2,147.0,133.8,161.0,156.4,0.8,0.667,0.25,0.636,147.33,1.0,0.667,0.0
419130,2010-03-28,"Dr DY Patil Sports Academy, Mumbai",Mumbai Indians,Deccan Chargers,Deccan Chargers,field,Mumbai Indians,won by 41 runs,172,131,"AC Gilchrist, MD Mishra, HH Gibbs, A Symonds, RG Sharma, TL Suman, Y Venugopal Rao, Jaskaran Singh, KAJ Roach, RP Singh, PP Ojha","S Dhawan, SR Tendulkar, DJ Bravo, SS Tiwary, AT Rayudu, R Sathish, KA Pollard, R McLaren, Harbhajan Singh, Z Khan, SL Malinga",1,3,1,2,4,3,183.6,163.6,165.8,159.2,0.625,0.444,0.455,0.5,144.9,0.6,0.667,0.5
419131,2010-03-29,"Arun Jaitley Stadium, Delhi",Delhi Capitals,Kolkata Knight Riders,Delhi Capitals,bat,Delhi Capitals,won by 40 runs,177,137,"DA Warner, V Sehwag, G Gambhir, KD Karthik, PD Collingwood, KM Jadhav, AB McDonald, A Mishra, DP Nannes, UT Yadav, R Bhatia","CH Gayle, SC Ganguly, Mandeep Singh, MK Tiwary, DJ Hussey, AD Mathews, WP Saha, AB Agarkar, M Kartik, CK Langeveldt, I Sharma",2,1,2,1,2,2,158.2,177.2,143.4,153.4,0.667,0.286,0.75,0.333,166.5,0.4,0.5,0.0
419132,2010-03-30,"Brabourne Stadium, Mumbai",Punjab Kings,Mumbai Indians,Mumbai Indians,field,Mumbai Indians,won by 4 wickets,163,164,"S Dhawan, SR Tendulkar, KA Pollard, SS Tiwary, AT Rayudu, DJ Bravo, R Sathish, Harbhajan Singh, R McLaren, Z Khan, SL Malinga","RS Bopara, SE Marsh, MS Bisla, DPMD Jayawardene, Yuvraj Singh, IK Pathan, B Lee, K Goel, PP Chawla, VS Malik, SJ Srivastava",3,1,2,1,0,4,159.8,175.2,175.6,148.2,0.556,0.375,0.625,0.444,174.75,1.0,0.0,0.75
419133,2010-03-31,"MA Chidambaram Stadium, Chepauk, Chennai",Royal Challengers Bengaluru,Chennai Super Kings,Royal Challengers Bengaluru,bat,Chennai Super Kings,won by 5 wickets,161,162,"M Vijay, ML Hayden, SK Raina, MS Dhoni, JA Morkel, S Badrinath, C Ganapathy, MS Gony, M Muralitharan, T Thushara, SB Jakati","MK Pandey, JH Kallis, RV Uthappa, V Kohli, KP Pietersen, CL White, R Dravid, P Kumar, A Kumble, DW Steyn, R Vinay Kumar",4,2,3,0,4,1,157.8,152.8,160.2,170.0,0.375,0.571,0.25,0.636,164.28,0.25,1.0,0.333
419134,2010-03-31,"Arun Jaitley Stadium, Delhi",Delhi Capitals,Rajasthan Royals,Delhi Capitals,bat,Delhi Capitals,won by 67 runs,188,121,"DA Warner, V Sehwag, G Gambhir, PD Collingwood, KM Jadhav, KD Karthik, AB McDonald, A Mishra, MF Maharoof, S Ladda, UT Yadav","MJ Lumb, NV Ojha, FY Fazal, AA Jhunjhunwala, AC Voges, YK Pathan, P Dogra, SK Warne, S Narwal, SW Tait, SK Trivedi",3,3,2,1,2,4,165.2,176.4,154.2,137.4,0.667,0.375,0.8,0.714,165.44,0.4,0.556,0.0
419135,2010-04-01,"Eden Gardens, Kolkata",Kolkata Knight Riders,Deccan Chargers,Kolkata Knight Riders,bat,Kolkata Knight Riders,won by 24 runs,181,157,"SC Ganguly, CH Gayle, CA Pujara, MK Tiwary, DJ Hussey, AD Mathews, WP Saha, AB Agarkar, M Kartik, SE Bond, MB Parmar","HH Gibbs, AC Gilchrist, MD Mishra, A Symonds, RG Sharma, TL Suman, Y Venugopal Rao, Jaskaran Singh, KAJ Roach, Harmeet Singh, PP Ojha",3,2,1,2,1,3,143.6,161.8,162.0,161.4,0.75,0.333,0.417,0.5,132.61,1.0,0.556,0.0
419136,2010-04-02,"Punjab Cricket Association IS Bindra Stadium, Mohali, Chandigarh",Punjab Kings,Royal Challengers Bengaluru,Punjab Kings,bat,Royal Challengers Bengaluru,won by 6 wickets,181,184,"SE Marsh, MS Bisla, KC Sangakkara, RS Bopara, Yuvraj Singh, IK Pathan, B Lee, PP Chawla, SJ Srivastava, Bipul Sharma, S Sreesanth","MK Pandey, JH Kallis, KP Pietersen, V Kohli, RV Uthappa, CL White, R Dravid, P Kumar, A Kumble, R Vinay Kumar, DW Steyn",3,2,1,2,0,3,151.8,167.2,149.2,144.6,0.556,0.375,0.375,0.5,170.15,0.4,0.6,0.0
419138,2010-04-03,"Brabourne Stadium, Mumbai",Mumbai Indians,Deccan Chargers,Mumbai Indians,bat,Mumbai Indians,won by 63 runs,178,115,"S Dhawan, SR Tendulkar, SS Tiwary, DJ Bravo, AT Rayudu, KA Pollard, R Sathish, R McLaren, Harbhajan Singh, Z Khan, SL Malinga","HH Gibbs, AC Gilchrist, VVS Laxman, A Symonds, RG Sharma, MD Mishra, TL Suman, RJ Harris, R Sharma, Jaskaran Singh, PP Ojha",2,3,1,2,4,2,164.8,156.8,155.4,165.8,0.667,0.444,0.417,0.5,172.5,1.0,0.8,0.0
419137,2010-04-03,"MA Chidambaram Stadium, Chepauk, Chennai",Chennai Super Kings,Rajasthan Royals,Chennai Super Kings,bat,Chennai Super Kings,won by 23 runs,246,223,"M Vijay, ML Hayden, SK Raina, JA Morkel, MS Dhoni, S Badrinath, S Anirudha, M Muralitharan, SB Jakati, DE Bollinger, S Tyagi","MJ Lumb, NV Ojha, YK Pathan, SR Watson, FY Fazal, AA Jhunjhunwala, AS Raut, S Narwal, SB Wagh, SK Warne, SW Tait",2,4,2,1,1,4,154.6,165.2,160.0,156.4,0.25,0.636,0.8,0.714,164.0,0.25,0.4,1.0
419139,2010-04-04,"Eden Gardens, Kolkata",Kolkata Knight Riders,Punjab Kings,Kolkata Knight Riders,bat,Punjab Kings,won by 8 wickets,200,204,"SC Ganguly, CH Gayle, MK Tiwary, AD Mathews, DJ Hussey, CA Pujara, WP Saha, AB Agarkar, M Kartik, SE Bond, JD Unadkat","MS Bisla, DPMD Jayawardene, KC Sangakkara, Yuvraj Singh, RS Bopara, IK Pathan, J Theron, PP Chawla, SJ Srivastava, Bipul Sharma, RR Powar",3,2,2,1,2,0,158.0,160.4,155.2,170.0,0.75,0.385,0.556,0.333,136.25,1.0,0.6,0.0
419140,2010-04-04,"Arun Jaitley Stadium, Delhi",Delhi Capitals,Royal Challengers Bengaluru,Delhi Capitals,bat,Delhi Capitals,won by 37 runs,184,147,"DA Warner, V Sehwag, G Gambhir, PD Collingwood, KD Karthik, KM Jadhav, DL Vettori, R Bhatia, A Mishra, MF Maharoof, PJ Sangwan","JH Kallis, CL White, KP Pietersen, RV Uthappa, LRPL Taylor, V Kohli, R Dravid, R Vinay Kumar, A Mithun, A Kumble, KP Appanna",4,1,2,1,3,3,178.8,157.0,167.4,162.4,0.667,0.444,0.375,0.5,164.35,0.4,0.6,0.0
419141,2010-04-05,"Vidarbha Cricket Association Stadium, Jamtha",Rajasthan Royals,Deccan Chargers,Rajasthan Royals,bat,Rajasthan Royals,won by 2 runs,159,157,"VVS Laxman, AC Gilchrist, RG Sharma, A Symonds, Anirudh Singh, DR Smith, AA Bilakhia, RJ Harris, RP Singh, Harmeet Singh, PP Ojha","MJ Lumb, NV Ojha, FY Fazal, SR Watson, YK Pathan, AA Jhunjhunwala, AS Raut, SK Warne, M Morkel, AP Dole, SK Trivedi",4,1,2,1,3,1,171.0,178.8,144.4,168.6,0.8,0.714,0.417,0.5,0.0,0.0,0.0,0.0
419142,2010-04-06,"MA Chidambaram Stadium, Chepauk, Chennai",Chennai Super Kings,Mumbai Indians,Chennai Super Kings,bat,Chennai Super Kings,won by 24 runs,165,141,"M Vijay, ML Hayden, SK Raina, MS Dhoni, MEK Hussey, S Badrinath, R Ashwin, SB Jakati, DE Bollinger, S Tyagi, T Thushara","S Dhawan, SR Tendulkar, SS Tiwary, AT Rayudu, DJ Bravo, KA Pollard, R Sathish, R McLaren, Harbhajan Singh, AN Ahmed, SL Malinga",2,3,1,2,2,5,176.6,182.6,170.2,148.8,0.25,0.667,0.667,0.5,170.41,0.25,0.455,0.0
419144,2010-04-07,"Eden Gardens, Kolkata",Kolkata Knight Riders,Delhi Capitals,Kolkata Knight Riders,bat,Kolkata Knight Riders,won by 14 runs,181,167,"SC Ganguly, CH Gayle, BB McCullum, MK Tiwary, AD Mathews, CA Pujara, WP Saha, AB Agarkar, Iqbal Abdulla, AB Dinda, BAW Mendis","DA Warner, V Sehwag, G Gambhir, PD Collingwood, KD Karthik, KM Jadhav, MF Maharoof, R Bhatia, DL Vettori, A Mishra, PJ Sangwan",1,3,0,3,2,4,171.2,167.6,178.6,148.4,0.75,0.357,0.667,0.5,142.23,1.0,0.545,0.0
419143,2010-04-07,"Sawai Mansingh Stadium, Jaipur",Punjab Kings,Rajasthan Royals,Punjab Kings,bat,Rajasthan Royals,won by 9 wickets,153,157,"MJ Lumb, NV Ojha, YK Pathan, SR Watson, FY Fazal, AA Jhunjhunwala, AC Voges, AS Raut, SK Warne, SK Trivedi, AP Dole","MS Bisla, DPMD Jayawardene, KC Sangakkara, Yuvraj Singh, IK Pathan, RS Bopara, PP Chawla, Bipul Sharma, J Theron, S Sreesanth, RR Powar",2,3,1,2,1,3,168.8,182.8,166.2,179.8,0.556,0.333,0.8,0.75,151.14,0.75,0.0,1.0
419145,2010-04-08,"M Chinnaswamy Stadium, Bengaluru",Royal Challengers Bengaluru,Deccan Chargers,Deccan Chargers,field,Deccan Chargers,won by 7 wickets,184,186,"MK Pandey, JH Kallis, R Dravid, RV Uthappa, LRPL Taylor, V Kohli, CL White, P Kumar, R Vinay Kumar, A Kumble, DW Steyn","AC Gilchrist, MD Mishra, TL Suman, RG Sharma, A Symonds, Y Venugopal Rao, MR Marsh, RP Singh, PP Ojha, RJ Harris, Harmeet Singh",3,2,1,2,2,0,165.8,169.0,141.6,168.2,0.375,0.5,0.417,0.5,149.5,0.556,0.364,0.0
419146,2010-04-09,"Punjab Cricket Association IS Bindra Stadium, Mohali, Chandigarh",Mumbai Indians,Punjab Kings,Mumbai Indians,bat,Punjab Kings,won by 6 wickets,154,158,"AB Barath, DPMD Jayawardene, KC Sangakkara, Yuvraj Singh, IK Pathan, RS Sodhi, K Goel, PP Chawla, RR Powar, B Lee, L Ablish","S Dhawan, SR Tendulkar, AT Rayudu, SS Tiwary, JP Duminy, R Sathish, KA Pollard, Harbhajan Singh, R McLaren, Z Khan, SL Malinga",2,3,2,1,4,1,167.2,150.8,169.0,177.6,0.667,0.5,0.556,0.3,171.27,0.4,0.0,0.545
419147,2010-04-10,"Vidarbha Cricket Association Stadium, Jamtha",Chennai Super Kings,Deccan Chargers,Chennai Super Kings,bat,Deccan Chargers,won by 6 wickets,138,139,"MD Mishra, AC Gilchrist, TL Suman, RG Sharma, A Symonds, DR Smith, B Sumanth, RP Singh, PP Ojha, RJ Harris, Harmeet Singh","M Vijay, ML Hayden, SK Raina, MS Dhoni, MEK Hussey, S Badrinath, R Ashwin, T Thushara, SB Jakati, DE Bollinger, S Tyagi",2,3,1,2,3,1,182.6,176.6,149.2,174.8,0.25,0.692,0.462,0.5,158.0,0.0,0.0,0.0
419148,2010-04-10,"M Chinnaswamy Stadium, Bengaluru",Kolkata Knight Riders,Royal Challengers Bengaluru,Royal Challengers Bengaluru,field,Royal Challengers Bengaluru,won by 7 wickets,160,162,"S Sriram, JH Kallis, R Dravid, RV Uthappa, LRPL Taylor, CL White, V Kohli, R Vinay Kumar, P Kumar, A Kumble, DW Steyn","SC Ganguly, CH Gayle, BB McCullum, MK Tiwary, AD Mathews, WP Saha, CA Pujara, AB Agarkar, AB Dinda, I Sharma, BAW Mendis",3,2,1,2,3,1,176.4,169.8,168.4,179.2,0.75,0.4,0.375,0.5,152.46,0.6,1.0,0.333
419149,2010-04-11,"Arun Jaitley Stadium, Delhi",Delhi Capitals,Punjab Kings,Delhi Capitals,bat,Punjab Kings,won by 7 wickets,111,112,"DA Warner, V Sehwag, G Gambhir, PD Collingwood, KD Karthik, DL Vettori, M Manhas, R Bhatia, MF Maharoof, A Mishra, A Nehra","DPMD Jayawardene, IK Pathan, KC Sangakkara, Yuvraj Singh, AB Barath, J Theron, K Goel, RS Sodhi, PP Chawla, RR Powar, L Ablish",2,3,2,1,4,2,179.8,150.4,171.8,171.8,0.667,0.5,0.556,0.3,164.45,0.4,0.636,1.0
419150,2010-04-11,"Sawai Mansingh Stadium, Jaipur",Mumbai Indians,Rajasthan Royals,Rajasthan Royals,field,Mumbai Indians,won by 37 runs,174,137,"MJ Lumb, NV Ojha, FY Fazal, SR Watson, AA Jhunjhunwala, AC Voges, YK Pathan, AS Raut, AP Dole, SK Warne, SK Trivedi","ST Jayasuriya, SR Tendulkar, AT Rayudu, SS Tiwary, JP Duminy, KA Pollard, R Sathish, DS Kulkarni, Harbhajan Singh, SL Malinga, Z Khan",2,2,1,2,3,3,161.8,146.4,167.4,180.8,0.667,0.455,0.8,0.75,151.62,0.75,0.0,1.0
419151,2010-04-12,"Vidarbha Cricket Association Stadium, Jamtha",Deccan Chargers,Royal Challengers Bengaluru,Royal Challengers Bengaluru,field,Deccan Chargers,won by 13 runs,151,138,"HH Gibbs, AC Gilchrist, TL Suman, RG Sharma, MD Mishra, A Symonds, RJ Harris, B Sumanth, RP Singh, PP Ojha, Harmeet Singh","MK Pandey, JH Kallis, R Dravid, RV Uthappa, LRPL Taylor, V Kohli, CL White, R Vinay Kumar, DW Steyn, A Kumble, KP Appanna",3,3,2,1,2,2,150.8,168.0,167.6,174.6,0.462,0.5,0.444,0.5,148.25,0.0,0.5,0.0
419152,2010-04-13,"Brabourne Stadium, Mumbai",Mumbai Indians,Delhi Capitals,Mumbai Indians,bat,Mumbai Indians,won by 39 runs,183,144,"C Madan, SR Tendulkar, SS Tiwary, AT Rayudu, JP Duminy, KA Pollard, DJ Bravo, Harbhajan Singh, AG Murtaza, Z Khan, CRD Fernando","DA Warner, V Sehwag, G Gambhir, KD Karthik, AB de Villiers, PD Collingwood, AB McDonald, A Mishra, PJ Sangwan, A Nehra, S Ladda",2,3,1,2,3,3,162.2,147.6,165.4,139.6,0.667,0.455,0.667,0.455,168.17,1.0,0.833,0.0
419153,2010-04-13,"MA Chidambaram Stadium, Chepauk, Chennai",Kolkata Knight Riders,Chennai Super Kings,Kolkata Knight Riders,bat,Chennai Super Kings,won by 9 wickets,139,143,"M Vijay, ML Hayden, SK Raina, S Anirudha, MS Dhoni, S Badrinath, JA Morkel, R Ashwin, SB Jakati, M Muralitharan, DE Bollinger","SC Ganguly, CH Gayle, BB McCullum, MK Tiwary, DJ Hussey, AD Mathews, WP Saha, LR Shukla, AB Agarkar, Iqbal Abdulla, AB Dinda",1,3,1,2,2,3,171.8,173.4,174.2,168.2,0.75,0.4,0.25,0.643,168.96,0.25,0.0,0.5
419154,2010-04-14,"Sawai Mansingh Stadium, Jaipur",Rajasthan Royals,Royal Challengers Bengaluru,Rajasthan Royals,bat,Royal Challengers Bengaluru,won by 5 wickets,130,132,"MJ Lumb, NV Ojha, AG Paunikar, SR Watson, AA Jhunjhunwala, YK Pathan, AC Voges, AS Raut, Kamran Khan, SK Warne, SK Trivedi","MK Pandey, JH Kallis, KP Pietersen, RV Uthappa, V Kohli, LRPL Taylor, R Dravid, R Vinay Kumar, Pankaj Singh, A Kumble, DW Steyn",3,2,1,2,2,2,159.4,183.6,163.0,172.4,0.727,0.75,0.4,0.5,152.06,0.6,0.889,0.0
419155,2010-04-15,"MA Chidambaram Stadium, Chepauk, Chennai",Chennai Super Kings,Delhi Capitals,Chennai Super Kings,bat,Delhi Capitals,won by 6 wickets,112,113,"M Vijay, ML Hayden, MS Dhoni, SK Raina, MEK Hussey, S Badrinath, JA Morkel, R Ashwin, L Balaji, DE Bollinger, SB Jakati","V Sehwag, DA Warner, TM Dilshan, G Gambhir, KD Karthik, M Manhas, PD Collingwood, A Mishra, A Nehra, DP Nannes, UT Yadav",3,2,2,1,4,2,170.8,160.6,158.8,148.8,0.25,0.643,0.667,0.455,166.81,0.25,0.538,1.0
419156,2010-04-16,"Himachal Pradesh Cricket Association Stadium, Dharamsala",Punjab Kings,Deccan Chargers,Deccan Chargers,field,Deccan Chargers,won by 5 wickets,174,178,"DPMD Jayawardene, SE Marsh, KC Sangakkara, Yuvraj Singh, IK Pathan, K Goel, J Theron, RS Sodhi, PP Chawla, SJ Srivastava, VS Malik","AC Gilchrist, MD Mishra, TL Suman, RG Sharma, A Symonds, MR Marsh, B Sumanth, RP Singh, PP Ojha, RJ Harris, R Sharma",4,1,2,1,3,3,161.6,161.2,149.6,159.4,0.556,0.3,0.462,0.5,0.0,0.0,0.0,0.0
419157,2010-04-17,"M Chinnaswamy Stadium, Bengaluru",Mumbai Indians,Royal Challengers Bengaluru,Royal Challengers Bengaluru,field,Mumbai Indians,won by 57 runs,191,134,"MK Pandey, JH Kallis, KP Pietersen, R Dravid, RV Uthappa, LRPL Taylor, V Kohli, DW Steyn, R Vinay Kumar, Pankaj Singh, A Kumble","R McLaren, SR Tendulkar, AT Rayudu, KA Pollard, JP Duminy, AM Nayar, SS Tiwary, AP Tare, Harbhajan Singh, Z Khan, CRD Fernando",2,3,1,2,3,2,166.0,143.8,152.6,162.2,0.667,0.5,0.4,0.5,153.12,0.636,1.0,0.385
419158,2010-04-17,"Eden Gardens, Kolkata",Rajasthan Royals,Kolkata Knight Riders,Rajasthan Royals,bat,Kolkata Knight Riders,won by 8 wickets,132,133,"SC Ganguly, BB McCullum, CH Gayle, CA Pujara, MK Tiwary, AD Mathews, LR Shukla, JD Unadkat, M Kartik, AB Dinda, SE Bond","SR Watson, NV Ojha, YK Pathan, AJ Finch, AC Voges, AS Raut, P Dogra, FY Fazal, SK Warne, SK Trivedi, Kamran Khan",3,1,1,1,2,2,161.2,172.4,172.2,166.6,0.727,0.667,0.75,0.375,144.88,1.0,1.0,0.583
419159,2010-04-18,"Himachal Pradesh Cricket Association Stadium, Dharamsala",Punjab Kings,Chennai Super Kings,Chennai Super Kings,field,Chennai Super Kings,won by 6 wickets,192,195,"DPMD Jayawardene, SE Marsh, KC Sangakkara, Yuvraj Singh, IK Pathan, K Goel, J Theron, RR Powar, PP Chawla, S Sohal, VRV Singh","M Vijay, ML Hayden, SK Raina, S Badrinath, MS Dhoni, JA Morkel, JM Kemp, R Ashwin, SB Jakati, DE Bollinger, S Tyagi",0,5,0,2,3,3,160.2,160.0,160.8,151.0,0.556,0.3,0.25,0.6,176.0,1.0,0.0,0.0
419160,2010-04-18,"Arun Jaitley Stadium, Delhi",Deccan Chargers,Delhi Capitals,Deccan Chargers,bat,Deccan Chargers,won by 11 runs,145,134,"DA Warner, V Sehwag, TM Dilshan, G Gambhir, M Manhas, PD Collingwood, KD Karthik, A Mishra, A Nehra, DP Nannes, UT Yadav","AC Gilchrist, MD Mishra, TL Suman, RG Sharma, A Symonds, MR Marsh, B Sumanth, WPUJC Vaas, R Sharma, PP Ojha, Harmeet Singh",2,4,2,1,4,2,162.2,158.6,143.8,147.0,0.5,0.5,0.667,0.455,160.04,0.4,0.0,0.583
419161,2010-04-19,"Eden Gardens, Kolkata",Mumbai Indians,Kolkata Knight Riders,Mumbai Indians,bat,Kolkata Knight Riders,won by 9 wickets,133,135,"SC Ganguly, BB McCullum, DJ Hussey, MK Tiwary, AD Mathews, CA Pujara, WP Saha, JD Unadkat, M Kartik, AB Dinda, SE Bond","AP Tare, S Dhawan, SS Tiwary, JP Duminy, R Sathish, DJ Bravo, AT Rayudu, STR Binny, R McLaren, AG Murtaza, CRD Fernando",5,0,3,0,3,2,168.6,147.6,162.6,161.6,0.667,0.5,0.75,0.375,143.92,1.0,1.0,0.615
419162,2010-04-21,"Dr DY Patil Sports Academy, Mumbai",Mumbai Indians,Royal Challengers Bengaluru,Mumbai Indians,bat,Mumbai Indians,won by 35 runs,184,149,"JH Kallis, R Dravid, KP Pietersen, RV Uthappa, LRPL Taylor, V Kohli, MK Pandey, P Kumar, R Vinay Kumar, DW Steyn, A Kumble","S Dhawan, SR Tendulkar, AM Nayar, AT Rayudu, JP Duminy, SS Tiwary, KA Pollard, Harbhajan Singh, Z Khan, CRD Fernando, SL Malinga",3,3,2,1,3,2,167.0,141.6,150.0,163.6,0.667,0.462,0.364,0.5,146.0,0.5,0.75,0.0
419163,2010-04-22,"Dr DY Patil Sports Academy, Mumbai",Chennai Super Kings,Deccan Chargers,Chennai Super Kings,bat,Chennai Super Kings,won by 38 runs,142,104,"M Vijay, ML Hayden, SK Raina, S Badrinath, MS Dhoni, JA Morkel, S Anirudha, R Ashwin, SB Jakati, DE Bollinger, M Muralitharan","AC Gilchrist, HH Gibbs, TL Suman, RG Sharma, A Symonds, MD Mishra, B Sumanth, RJ Harris, Harmeet Singh, RP Singh, PP Ojha",2,4,1,2,3,5,150.6,144.8,159.8,153.6,0.4,0.6,0.5,0.538,148.93,0.5,0.0,0.333
419164,2010-04-24,"Dr DY Patil Sports Academy, Mumbai",Deccan Chargers,Royal Challengers Bengaluru,Deccan Chargers,bat,Royal Challengers Bengaluru,won by 9 wickets,82,86,"JH Kallis, R Dravid, KP Pietersen, RV Uthappa, V Kohli, CL White, B Akhil, P Kumar, A Kumble, ND Doshi, DW Steyn","AC Gilchrist, MD Mishra, Anirudh Singh, RG Sharma, A Symonds, DR Smith, Y Venugopal Rao, RJ Harris, R Sharma, Harmeet Singh, PP Ojha",4,3,3,0,4,2,143.4,145.2,143.0,163.2,0.5,0.538,0.364,0.5,145.69,0.5,0.25,0.0
419165,2010-04-25,"Dr DY Patil Sports Academy, Mumbai",Chennai Super Kings,Mumbai Indians,Chennai Super Kings,bat,Chennai Super Kings,won by 22 runs,168,146,"M Vijay, ML Hayden, SK Raina, S Badrinath, MS Dhoni, JA Morkel, S Anirudha, R Ashwin, SB Jakati, DE Bollinger, M Muralitharan","S Dhawan, SR Tendulkar, AM Nayar, Harbhajan Singh, AT Rayudu, SS Tiwary, JP Duminy, KA Pollard, Z Khan, SL Malinga, CRD Fernando",3,3,2,1,3,4,146.0,137.4,173.0,139.8,0.4,0.625,0.667,0.5,138.83,0.5,0.5,0.8
501198,2011-04-08,"MA Chidambaram Stadium, Chepauk, Chennai",Chennai Super Kings,Kolkata Knight Riders,Chennai Super Kings,bat,Chennai Super Kings,won by 2 runs,153,151,"S Anirudha, M Vijay, SK Raina, MS Dhoni, JA Morkel, SB Styris, S Badrinath, R Ashwin, SB Jakati, TG Southee, S Randiv","MS Bisla, JH Kallis, YK Pathan, MK Tiwary, EJG Morgan, G Gambhir, LR Shukla, R Bhatia, Iqbal Abdulla, L Balaji, S Ladda",4,1,2,1,4,3,152.0,138.8,149.6,147.4,0.4,0.647,0.75,0.375,162.93,0.25,0.5,0.0
501199,2011-04-09,"Rajiv Gandhi International Stadium, Uppal, Hyderabad",Deccan Chargers,Rajasthan Royals,Rajasthan Royals,field,Rajasthan Royals,won by 8 wickets,137,141,"S Dhawan, IR Jaggi, KC Sangakkara, B Chipli, JP Duminy, DT Christian, DB Ravi Teja, DW Steyn, A Mishra, I Sharma, PP Ojha","AG Paunikar, R Dravid, J Botha, LRPL Taylor, AS Raut, AL Menaria, A Singh, JDP Oram, SK Warne, SK Trivedi, STR Binny",1,5,1,2,3,2,132.0,134.8,143.0,149.8,0.5,0.5,0.727,0.6,171.0,0.667,0.0,1.0
501200,2011-04-09,Nehru Stadium,Kochi Tuskers Kerala,Royal Challengers Bengaluru,Kochi Tuskers Kerala,bat,Royal Challengers Bengaluru,won by 6 wickets,161,162,"BB McCullum, VVS Laxman, DPMD Jayawardene, BJ Hodge, RA Jadeja, RV Gomez, PA Patel, M Muralitharan, R Vinay Kumar, RP Singh, S Sreesanth","MA Agarwal, TM Dilshan, V Kohli, AB de Villiers, SS Tiwary, AUK Pathan, CA Pujara, Z Khan, DL Vettori, DP Nannes, A Mithun",0,0,0,0,0,2,0.0,0.0,127.8,147.6,0.0,0.0,0.364,0.5,0.0,0.0,0.0,0.0
501201,2011-04-10,"Arun Jaitley Stadium, Delhi",Delhi Capitals,Mumbai Indians,Delhi Capitals,bat,Mumbai Indians,won by 8 wickets,95,99,"DA Warner, V Sehwag, UBT Chand, AJ Finch, NV Ojha, Y Venugopal Rao, IK Pathan, RE van der Merwe, M Morkel, UT Yadav, AB Dinda","DJ Jacobs, SR Tendulkar, AT Rayudu, RG Sharma, KA Pollard, JEC Franklin, R Sathish, Harbhajan Singh, AG Murtaza, MM Patel, SL Malinga",3,3,1,2,1,3,133.8,146.6,167.4,146.0,0.667,0.455,0.667,0.5,158.46,0.4,0.538,0.5
501202,2011-04-10,"Dr DY Patil Sports Academy, Mumbai",Punjab Kings,Pune Warriors,Punjab Kings,bat,Pune Warriors,won by 7 wickets,112,113,"GC Smith, JD Ryder, M Manhas, RV Uthappa, Yuvraj Singh, MD Mishra, R Sharma, M Kartik, SB Wagh, WD Parnell, AC Thomas","AC Gilchrist, SE Marsh, PC Valthaty, KD Karthik, AM Nayar, Sunny Singh, R McLaren, PP Chawla, P Kumar, NJ Rimmington, BA Bhatt",0,0,0,0,2,0,157.8,159.0,0.0,0.0,0.556,0.3,0.0,0.0,140.65,0.5,0.0,0.0
501203,2011-04-11,"Eden Gardens, Kolkata",Kolkata Knight Riders,Deccan Chargers,Kolkata Knight Riders,bat,Kolkata Knight Riders,won by 9 runs,163,154,"JH Kallis, MS Bisla, G Gambhir, MK Tiwary, YK Pathan, EJG Morgan, RN ten Doeschate, Iqbal Abdulla, R Bhatia, L Balaji, JD Unadkat","S Dhawan, IR Jaggi, B Chipli, KC Sangakkara, JP Duminy, DT Christian, DB Ravi Teja, DW Steyn, A Mishra, I Sharma, PP Ojha",4,2,2,1,2,2,143.6,144.6,129.2,135.4,0.75,0.375,0.5,0.5,143.21,1.0,0.643,0.0
501204,2011-04-12,"Sawai Mansingh Stadium, Jaipur",Delhi Capitals,Rajasthan Royals,Delhi Capitals,bat,Rajasthan Royals,won by 6 wickets,151,152,"AG Paunikar, R Dravid, J Botha, AL Menaria, AM Rahane, LRPL Taylor, AS Raut, SK Warne, A Singh, SK Trivedi, SW Tait","DA Warner, V Sehwag, AJ Finch, UBT Chand, NV Ojha, Y Venugopal Rao, IK Pathan, RE van der Merwe, M Morkel, S Nadeem, AB Dinda",4,3,3,0,1,2,119.4,130.2,139.4,145.8,0.667,0.417,0.75,0.6,149.95,0.6,0.0,0.8
501205,2011-04-12,"M Chinnaswamy Stadium, Bengaluru",Royal Challengers Bengaluru,Mumbai Indians,Mumbai Indians,field,Mumbai Indians,won by 9 wickets,140,143,"MA Agarwal, TM Dilshan, V Kohli, AB de Villiers, AUK Pathan, SS Tiwary, CA Pujara, Z Khan, DL Vettori, DP Nannes, A Mithun","DJ Jacobs, SR Tendulkar, AT Rayudu, RG Sharma, KA Pollard, JEC Franklin, R Sathish, Harbhajan Singh, AG Murtaza, MM Patel, SL Malinga",3,4,1,2,3,3,132.6,149.6,150.6,136.2,0.364,0.5,0.667,0.5,153.79,0.583,0.357,1.0
501206,2011-04-13,"Punjab Cricket Association IS Bindra Stadium, Mohali, Chandigarh",Chennai Super Kings,Punjab Kings,Punjab Kings,field,Punjab Kings,won by 6 wickets,188,193,"PC Valthaty, AC Gilchrist, SE Marsh, Sunny Singh, AM Nayar, KD Karthik, R McLaren, P Kumar, RJ Harris, PP Chawla, BA Bhatt","S Anirudha, M Vijay, SK Raina, S Badrinath, MS Dhoni, SB Styris, JA Morkel, R Ashwin, SB Jakati, TG Southee, S Randiv",6,0,2,0,4,2,154.0,141.2,149.6,150.2,0.4,0.667,0.556,0.273,170.0,0.4,1.0,0.583
501207,2011-04-13,"Dr DY Patil Sports Academy, Mumbai",Kochi Tuskers Kerala,Pune Warriors,Kochi Tuskers Kerala,bat,Pune Warriors,won by 4 wickets,148,151,"JD Ryder, GC Smith, M Manhas, Yuvraj Singh, RV Uthappa, MD Mishra, WD Parnell, R Sharma, M Kartik, SB Wagh, AC Thomas","BB McCullum, VVS Laxman, PA Patel, DPMD Jayawardene, BJ Hodge, RA Jadeja, RV Gomez, R Vinay Kumar, S Sreesanth, RP Singh, M Muralitharan",0,0,0,0,0,1,161.0,162.0,113.0,112.0,0.0,0.0,0.0,0.0,138.09,0.5,0.0,1.0
501208,2011-04-14,"Rajiv Gandhi International Stadium, Uppal, Hyderabad",Deccan Chargers,Royal Challengers Bengaluru,Royal Challengers Bengaluru,field,Deccan Chargers,won by 33 runs,175,142,"S Sohal, S Dhawan, KC Sangakkara, B Chipli, JP Duminy, DT Christian, DB Ravi Teja, A Mishra, DW Steyn, I Sharma, MS Gony","MA Agarwal, TM Dilshan, Z Khan, V Kohli, AB de Villiers, SS Tiwary, CA Pujara, JJ van der Wath, DL Vettori, R Ninan, S Aravind",4,4,2,1,1,2,124.4,133.2,134.2,152.2,0.5,0.5,0.364,0.5,167.0,0.75,0.0,1.0
501209,2011-04-15,"Sawai Mansingh Stadium, Jaipur",Rajasthan Royals,Kolkata Knight Riders,Kolkata Knight Riders,field,Kolkata Knight Riders,won by 9 wickets,159,160,"AG Paunikar, R Dravid, AL Menaria, SR Watson, LRPL Taylor, J Botha, AS Raut, SK Warne, A Singh, SK Trivedi, ND Doshi","MS Bisla, JH Kallis, G Gambhir, MK Tiwary, YK Pathan, EJG Morgan, Shakib Al Hasan, Iqbal Abdulla, R Bhatia, B Lee, L Balaji",3,2,1,2,2,3,138.4,145.4,144.2,143.0,0.75,0.6,0.75,0.412,150.09,0.6,0.818,0.0
501210,2011-04-15,"Wankhede Stadium, Mumbai",Mumbai Indians,Kochi Tuskers Kerala,Kochi Tuskers Kerala,field,Kochi Tuskers Kerala,won by 8 wickets,182,184,"DJ Jacobs, SR Tendulkar, AT Rayudu, KA Pollard, RG Sharma, A Symonds, R Sathish, Harbhajan Singh, AG Murtaza, MM Patel, SL Malinga","BB McCullum, DPMD Jayawardene, RA Jadeja, BJ Hodge, KM Jadhav, PA Patel, NLTC Perera, RV Gomez, R Vinay Kumar, RP Singh, RR Powar",0,0,0,0,3,0,141.0,137.4,154.5,156.5,0.7,0.5,0.0,0.0,138.67,0.5,0.5,0.0
501212,2011-04-16,"Rajiv Gandhi International Stadium, Uppal, Hyderabad",Deccan Chargers,Punjab Kings,Punjab Kings,field,Punjab Kings,won by 8 wickets,165,166,"S Sohal, S Dhawan, KC Sangakkara, JP Duminy, B Chipli, DT Christian, MS Gony, DB Ravi Teja, A Mishra, DW Steyn, I Sharma","AC Gilchrist, PC Valthaty, AM Nayar, KD Karthik, SE Marsh, Sunny Singh, R McLaren, P Kumar, RJ Harris, PP Chawla, VS Malik",2,4,2,1,1,2,130.4,134.8,156.6,157.0,0.5,0.5,0.6,0.273,166.06,0.6,0.111,1.0
501211,2011-04-16,"MA Chidambaram Stadium, Chepauk, Chennai",Chennai Super Kings,Royal Challengers Bengaluru,Chennai Super Kings,bat,Chennai Super Kings,won by 21 runs,183,162,"MEK Hussey, M Vijay, SK Raina, MS Dhoni, JA Morkel, S Badrinath, S Anirudha, R Ashwin, SB Jakati, TG Southee, S Randiv","MA Agarwal, TM Dilshan, AUK Pathan, V Kohli, AB de Villiers, SS Tiwary, CA Pujara, JJ van der Wath, DL Vettori, R Ninan, Z Khan",3,4,1,2,4,2,169.2,157.2,135.8,149.0,0.4,0.667,0.333,0.5,162.2,0.25,0.533,0.5
501213,2011-04-17,"Dr DY Patil Sports Academy, Mumbai",Pune Warriors,Delhi Capitals,Delhi Capitals,field,Delhi Capitals,won by 3 wickets,187,190,"JD Ryder, GC Smith, M Manhas, Yuvraj Singh, RV Uthappa, MD Mishra, WD Parnell, AA Jhunjhunwala, R Sharma, SB Wagh, AC Thomas","DA Warner, V Sehwag, IK Pathan, NV Ojha, MS Wade, Y Venugopal Rao, AJ Finch, JR Hopes, S Nadeem, AB Dinda, UT Yadav",0,0,0,0,2,1,132.0,130.0,127.4,138.2,0.0,0.0,0.667,0.385,139.04,0.5,1.0,0.0
501214,2011-04-17,"Eden Gardens, Kolkata",Rajasthan Royals,Kolkata Knight Riders,Kolkata Knight Riders,field,Kolkata Knight Riders,won by 8 wickets,81,85,"JH Kallis, MS Bisla, G Gambhir, MK Tiwary, YK Pathan, EJG Morgan, Shakib Al Hasan, Iqbal Abdulla, R Bhatia, B Lee, L Balaji","SR Watson, AG Paunikar, FY Fazal, AS Raut, AL Menaria, LRPL Taylor, AM Rahane, SK Warne, A Singh, SW Tait, SK Trivedi",3,3,1,2,2,4,142.8,142.6,148.4,146.2,0.75,0.6,0.8,0.412,144.23,1.0,0.5,0.667
501215,2011-04-18,Nehru Stadium,Chennai Super Kings,Kochi Tuskers Kerala,Kochi Tuskers Kerala,field,Kochi Tuskers Kerala,won by 7 wickets,131,135,"BB McCullum, DPMD Jayawardene, PA Patel, BJ Hodge, RA Jadeja, KM Jadhav, NLTC Perera, RV Gomez, R Vinay Kumar, RP Singh, RR Powar","MEK Hussey, M Vijay, SK Raina, S Badrinath, MS Dhoni, JA Morkel, S Anirudha, R Ashwin, SB Jakati, TG Southee, DE Bollinger",0,0,0,0,4,1,166.8,151.2,164.33,165.0,0.4,0.684,1.0,0.0,161.5,0.0,0.0,0.0
501216,2011-04-19,"Arun Jaitley Stadium, Delhi",Deccan Chargers,Delhi Capitals,Deccan Chargers,bat,Deccan Chargers,won by 16 runs,168,152,"DA Warner, V Sehwag, NV Ojha, AJ Finch, Y Venugopal Rao, IK Pathan, JR Hopes, Y Nagar, M Morkel, S Nadeem, AB Dinda","S Sohal, S Dhawan, KC Sangakkara, CL White, DT Christian, B Chipli, DB Ravi Teja, A Mishra, DW Steyn, PP Ojha, Harmeet Singh",3,4,3,0,1,2,142.6,139.6,136.6,139.0,0.5,0.5,0.692,0.385,154.07,0.4,0.5,0.5
501218,2011-04-20,"Wankhede Stadium, Mumbai",Pune Warriors,Mumbai Indians,Pune Warriors,bat,Mumbai Indians,won by 7 wickets,118,124,"JEC Franklin, SR Tendulkar, AT Rayudu, RG Sharma, A Symonds, KA Pollard, R Sathish, AN Ahmed, AG Murtaza, MM Patel, SL Malinga","JD Ryder, TD Paine, M Manhas, RV Uthappa, Yuvraj Singh, MD Mishra, M Kartik, WD Parnell, R Sharma, SB Wagh, AC Thomas",0,0,0,0,2,3,150.33,150.0,150.8,147.2,0.0,0.0,0.7,0.5,145.0,0.6,0.0,0.4
501219,2011-04-20,"Eden Gardens, Kolkata",Kochi Tuskers Kerala,Kolkata Knight Riders,Kolkata Knight Riders,field,Kochi Tuskers Kerala,won by 6 runs,132,126,"MS Bisla, JH Kallis, G Gambhir, MK Tiwary, EJG Morgan, Shakib Al Hasan, YK Pathan, R Bhatia, B Lee, Iqbal Abdulla, L Balaji","BB McCullum, DPMD Jayawardene, PA Patel, BJ Hodge, RA Jadeja, KM Jadhav, RV Gomez, R Vinay Kumar, RR Powar, RP Singh, M Muralitharan",0,0,0,0,2,4,157.0,156.5,138.8,136.0,1.0,0.0,0.833,0.412,140.41,1.0,0.0,0.688
501220,2011-04-21,"Punjab Cricket Association IS Bindra Stadium, Mohali, Chandigarh",Punjab Kings,Rajasthan Royals,Rajasthan Royals,field,Punjab Kings,won by 48 runs,195,147,"AC Gilchrist, PC Valthaty, SE Marsh, KD Karthik, AM Nayar, R McLaren, Sunny Singh, PP Chawla, RJ Harris, P Kumar, BA Bhatt","SA Asnodkar, R Dravid, SR Watson, STR Binny, LRPL Taylor, AL Menaria, AS Raut, DH Yagnik, SK Warne, SW Tait, SK Trivedi",2,4,0,3,2,2,167.4,167.8,133.0,133.2,0.636,0.273,0.75,0.6,171.58,0.5,0.615,0.5
501221,2011-04-22,"Wankhede Stadium, Mumbai",Mumbai Indians,Chennai Super Kings,Chennai Super Kings,field,Mumbai Indians,won by 8 runs,164,156,"R Sathish, SR Tendulkar, AT Rayudu, RG Sharma, A Symonds, KA Pollard, JEC Franklin, Harbhajan Singh, AN Ahmed, MM Patel, SL Malinga","MEK Hussey, M Vijay, SK Raina, S Badrinath, MS Dhoni, S Anirudha, JA Morkel, R Ashwin, Joginder Sharma, S Randiv, DE Bollinger",3,4,1,2,3,3,138.8,141.0,164.6,157.4,0.7,0.5,0.4,0.684,142.0,0.6,0.5,0.5
501222,2011-04-22,"Eden Gardens, Kolkata",Kolkata Knight Riders,Royal Challengers Bengaluru,Royal Challengers Bengaluru,field,Royal Challengers Bengaluru,won by 9 wickets,171,175,"JH Kallis, BJ Haddin, G Gambhir, YK Pathan, EJG Morgan, MK Tiwary, Shakib Al Hasan, R Bhatia, Iqbal Abdulla, JD Unadkat, L Balaji","TM Dilshan, CH Gayle, V Kohli, AB de Villiers, SS Tiwary, CA Pujara, Z Khan, AUK Pathan, DL Vettori, S Aravind, J Syed Mohammad",3,3,1,2,3,2,137.0,135.8,138.4,148.8,0.714,0.412,0.333,0.5,139.74,0.75,0.647,0.0
501223,2011-04-23,"Arun Jaitley Stadium, Delhi",Delhi Capitals,Punjab Kings,Punjab Kings,field,Delhi Capitals,won by 29 runs,231,202,"DA Warner, V Sehwag, Y Nagar, Y Venugopal Rao, AJ Finch, NV Ojha, IK Pathan, JR Hopes, AB Agarkar, M Morkel, VR Aaron","AC Gilchrist, PC Valthaty, SE Marsh, KD Karthik, DJ Hussey, AM Nayar, Sunny Singh, RJ Harris, PP Chawla, P Kumar, SJ Srivastava",2,4,1,2,1,3,144.4,150.2,171.6,161.6,0.692,0.385,0.636,0.273,154.47,0.4,0.467,1.0
501225,2011-04-24,"Sawai Mansingh Stadium, Jaipur",Kochi Tuskers Kerala,Rajasthan Royals,Rajasthan Royals,field,Rajasthan Royals,won by 8 wickets,109,111,"SR Watson, R Dravid, J Botha, LRPL Taylor, AL Menaria, AM Rahane, A Singh, DH Yagnik, SK Warne, STR Binny, SK Trivedi","DPMD Jayawardene, VVS Laxman, PA Patel, BJ Hodge, RA Jadeja, RV Gomez, NLTC Perera, KM Jadhav, R Vinay Kumar, M Muralitharan, RP Singh",0,0,0,0,3,2,152.0,150.4,136.0,145.6,1.0,0.0,0.692,0.6,150.88,0.667,0.0,0.75
501224,2011-04-24,"Rajiv Gandhi International Stadium, Uppal, Hyderabad",Mumbai Indians,Deccan Chargers,Deccan Chargers,field,Mumbai Indians,won by 37 runs,172,135,"S Sohal, S Dhawan, KC Sangakkara, CL White, B Chipli, DT Christian, DB Ravi Teja, A Mishra, DW Steyn, I Sharma, PP Ojha","DJ Jacobs, SR Tendulkar, AT Rayudu, KA Pollard, RG Sharma, A Symonds, R Sathish, Harbhajan Singh, AN Ahmed, MM Patel, SL Malinga",3,3,2,1,4,2,142.4,138.6,159.8,152.8,0.7,0.5,0.5,0.533,166.0,0.667,1.0,0.1
501226,2011-04-25,"MA Chidambaram Stadium, Chepauk, Chennai",Chennai Super Kings,Pune Warriors,Pune Warriors,field,Chennai Super Kings,won by 25 runs,142,117,"M Vijay, MEK Hussey, SK Raina, MS Dhoni, JA Morkel, S Badrinath, S Anirudha, R Ashwin, DE Bollinger, SB Jakati, S Randiv","JD Ryder, MD Mishra, MK Pandey, RV Uthappa, Yuvraj Singh, M Manhas, NL McCullum, R Sharma, JE Taylor, M Kartik, AC Thomas",0,0,0,0,2,2,162.2,161.0,142.25,143.5,0.333,0.684,0.0,0.0,162.84,0.25,0.562,0.0
501227,2011-04-26,"Arun Jaitley Stadium, Delhi",Delhi Capitals,Royal Challengers Bengaluru,Royal Challengers Bengaluru,field,Royal Challengers Bengaluru,won by 3 wickets,160,161,"DA Warner, V Sehwag, JR Hopes, MS Wade, Y Venugopal Rao, NV Ojha, IK Pathan, Y Nagar, M Morkel, AB Dinda, UT Yadav","CH Gayle, TM Dilshan, V Kohli, AB de Villiers, SS Tiwary, CA Pujara, DL Vettori, A Mithun, J Syed Mohammad, Z Khan, S Aravind",5,1,2,1,2,2,163.8,161.6,156.2,166.6,0.692,0.385,0.385,0.5,158.34,0.333,0.5,0.0
501228,2011-04-27,"Dr DY Patil Sports Academy, Mumbai",Pune Warriors,Chennai Super Kings,Pune Warriors,bat,Chennai Super Kings,won by 8 wickets,141,145,"JD Ryder, MD Mishra, MK Pandey, M Manhas, Yuvraj Singh, RV Uthappa, MR Marsh, JE Taylor, M Kartik, R Sharma, AC Thomas","MEK Hussey, M Vijay, S Badrinath, SK Raina, MS Dhoni, S Anirudha, R Ashwin, KMDN Kulasekara, DE Bollinger, SB Jakati, TG Southee",0,1,0,1,2,2,137.2,143.2,160.0,154.2,0.0,0.0,0.333,0.684,142.85,0.571,0.667,0.667
501229,2011-04-27,Nehru Stadium,Deccan Chargers,Kochi Tuskers Kerala,Kochi Tuskers Kerala,field,Deccan Chargers,won by 55 runs,129,74,"BB McCullum, DPMD Jayawardene, PA Patel, RV Gomez, BJ Hodge, KM Jadhav, RA Jadeja, NLTC Perera, R Vinay Kumar, S Sreesanth, RP Singh","S Sohal, S Dhawan, B Chipli, KC Sangakkara, CL White, DT Christian, DB Ravi Teja, A Mishra, MS Gony, DW Steyn, I Sharma",0,0,0,0,2,3,159.4,159.0,141.6,140.2,0.467,0.533,1.0,0.0,147.25,1.0,0.0,0.5
501230,2011-04-28,"Arun Jaitley Stadium, Delhi",Kolkata Knight Riders,Delhi Capitals,Delhi Capitals,field,Kolkata Knight Riders,won by 17 runs,148,131,"DA Warner, V Sehwag, JR Hopes, IK Pathan, TR Birt, Y Venugopal Rao, NV Ojha, Y Nagar, AB Agarkar, M Morkel, UT Yadav","JH Kallis, SP Goswami, G Gambhir, MK Tiwary, YK Pathan, EJG Morgan, RN ten Doeschate, B Lee, L Balaji, Iqbal Abdulla, JD Unadkat",2,3,1,2,3,2,141.0,140.2,176.8,174.0,0.714,0.412,0.692,0.385,158.47,0.429,0.0,0.471
501231,2011-04-29,"Sawai Mansingh Stadium, Jaipur",Mumbai Indians,Rajasthan Royals,Rajasthan Royals,field,Rajasthan Royals,won by 7 wickets,94,95,"SR Watson, R Dravid, J Botha, LRPL Taylor, AL Menaria, AM Rahane, A Singh, DH Yagnik, SK Warne, STR Binny, SK Trivedi","DJ Jacobs, SR Tendulkar, AT Rayudu, RG Sharma, A Symonds, KA Pollard, R Sathish, Harbhajan Singh, SL Malinga, AG Murtaza, MM Patel",3,2,2,1,4,2,157.0,146.6,130.0,140.0,0.7,0.5,0.714,0.6,147.73,0.714,0.5,0.769
501232,2011-04-29,"M Chinnaswamy Stadium, Bengaluru",Royal Challengers Bengaluru,Pune Warriors,Pune Warriors,field,Royal Challengers Bengaluru,won by 26 runs,181,155,"CH Gayle, TM Dilshan, V Kohli, AB de Villiers, SS Tiwary, M Kaif, A Mithun, Z Khan, DL Vettori, S Aravind, J Syed Mohammad","JD Ryder, TD Paine, MK Pandey, Yuvraj Singh, RV Uthappa, M Manhas, Harpreet Singh, R Sharma, JE Taylor, AC Thomas, Kamran Khan",0,0,0,0,2,1,156.0,166.4,142.8,149.8,0.429,0.5,0.0,0.0,152.97,0.615,0.333,0.0
501233,2011-04-30,Nehru Stadium,Delhi Capitals,Kochi Tuskers Kerala,Delhi Capitals,bat,Delhi Capitals,won by 38 runs,157,119,"BB McCullum, M Klinger, PA Patel, DPMD Jayawardene, BJ Hodge, RA Jadeja, B Akhil, R Vinay Kumar, RR Powar, S Sreesanth, RP Singh","DA Warner, V Sehwag, NV Ojha, Y Venugopal Rao, Y Nagar, TR Birt, IK Pathan, RE van der Merwe, M Morkel, AB Agarkar, UT Yadav",0,0,0,0,2,3,172.8,173.2,126.8,135.8,0.643,0.385,0.667,0.0,132.0,0.5,0.0,0.333
501234,2011-04-30,"Eden Gardens, Kolkata",Punjab Kings,Kolkata Knight Riders,Kolkata Knight Riders,field,Kolkata Knight Riders,won by 8 wickets,119,120,"JH Kallis, EJG Morgan, G Gambhir, MK Tiwary, SP Goswami, YK Pathan, R Bhatia, RN ten Doeschate, Iqbal Abdulla, L Balaji, B Lee","AC Gilchrist, PC Valthaty, SE Marsh, KD Karthik, AM Nayar, DJ Hussey, Bipul Sharma, P Kumar, PP Chawla, BA Bhatt, RJ Harris",3,3,2,1,3,3,173.6,168.8,138.0,135.6,0.583,0.273,0.714,0.412,141.58,0.8,0.5,0.611
501235,2011-05-01,"Sawai Mansingh Stadium, Jaipur",Pune Warriors,Rajasthan Royals,Rajasthan Royals,field,Rajasthan Royals,won by 6 wickets,143,144,"SR Watson, R Dravid, J Botha, AL Menaria, LRPL Taylor, AM Rahane, A Singh, SK Warne, STR Binny, DH Yagnik, SK Trivedi","JD Ryder, MK Pandey, RV Uthappa, Yuvraj Singh, Harpreet Singh, M Manhas, NL McCullum, R Sharma, M Kartik, JE Taylor, AC Thomas",0,0,0,0,0,2,143.6,156.4,118.6,128.6,0.0,0.0,0.733,0.6,143.93,0.75,0.0,0.786
501236,2011-05-01,"MA Chidambaram Stadium, Chepauk, Chennai",Chennai Super Kings,Deccan Chargers,Chennai Super Kings,bat,Chennai Super Kings,won by 19 runs,165,146,"M Vijay, MEK Hussey, SK Raina, MS Dhoni, JA Morkel, S Badrinath, S Anirudha, R Ashwin, DE Bollinger, SB Jakati, S Randiv","S Sohal, S Dhawan, B Chipli, KC Sangakkara, CL White, JP Duminy, DT Christian, A Mishra, I Sharma, PP Ojha, Harmeet Singh",3,4,1,2,3,3,151.4,143.8,154.4,141.2,0.333,0.684,0.467,0.533,160.88,0.2,0.588,1.0
501237,2011-05-02,"Wankhede Stadium, Mumbai",Mumbai Indians,Punjab Kings,Punjab Kings,field,Mumbai Indians,won by 23 runs,159,136,"DJ Jacobs, SR Tendulkar, AT Rayudu, KA Pollard, RG Sharma, A Symonds, TL Suman, Harbhajan Singh, MM Patel, SL Malinga, AN Ahmed","PC Valthaty, AC Gilchrist, SE Marsh, DJ Hussey, KD Karthik, AM Nayar, Bipul Sharma, PP Chawla, RJ Harris, P Kumar, BA Bhatt",2,4,2,1,3,3,147.2,137.6,175.0,170.2,0.7,0.5,0.583,0.273,144.0,0.5,0.571,0.5
501238,2011-05-02,"Arun Jaitley Stadium, Delhi",Delhi Capitals,Kochi Tuskers Kerala,Kochi Tuskers Kerala,field,Kochi Tuskers Kerala,won by 7 wickets,140,141,"DA Warner, V Sehwag, NV Ojha, Y Nagar, Y Venugopal Rao, TR Birt, IK Pathan, RE van der Merwe, M Morkel, AB Agarkar, UT Yadav","M Klinger, BB McCullum, PA Patel, DPMD Jayawardene, BJ Hodge, RA Jadeja, RV Gomez, R Vinay Kumar, RP Singh, S Sreesanth, P Parameswaran",1,0,1,0,2,2,166.2,159.6,113.8,130.8,0.643,0.429,0.667,0.0,157.42,0.375,0.444,0.0
501239,2011-05-03,"Rajiv Gandhi International Stadium, Uppal, Hyderabad",Kolkata Knight Riders,Deccan Chargers,Deccan Chargers,field,Kolkata Knight Riders,won by 20 runs,169,149,"S Sohal, S Dhawan, KC Sangakkara, CL White, DT Christian, DB Ravi Teja, B Chipli, A Mishra, PP Ojha, I Sharma, DW Steyn","EJG Morgan, JH Kallis, G Gambhir, YK Pathan, MK Tiwary, MV Boucher, R Bhatia, Iqbal Abdulla, L Balaji, B Lee, JD Unadkat",5,2,3,0,3,2,130.0,127.6,148.6,145.8,0.75,0.412,0.467,0.533,164.86,0.571,1.0,0.091
501241,2011-05-04,"Dr DY Patil Sports Academy, Mumbai",Mumbai Indians,Pune Warriors,Pune Warriors,field,Mumbai Indians,won by 21 runs,160,139,"JD Ryder, MK Pandey, GC Smith, AA Jhunjhunwala, Yuvraj Singh, RV Uthappa, M Manhas, SB Wagh, R Sharma, JE Taylor, AC Thomas","AC Blizzard, SR Tendulkar, AT Rayudu, RG Sharma, TL Suman, KA Pollard, A Symonds, Harbhajan Singh, DS Kulkarni, MM Patel, SL Malinga",1,0,1,0,4,0,142.6,128.0,134.8,147.2,0.7,0.5,0.0,0.0,142.86,0.571,0.667,0.5
501240,2011-05-04,"MA Chidambaram Stadium, Chepauk, Chennai",Rajasthan Royals,Chennai Super Kings,Rajasthan Royals,bat,Chennai Super Kings,won by 8 wickets,147,149,"MEK Hussey, M Vijay, SK Raina, JA Morkel, MS Dhoni, S Badrinath, S Anirudha, R Ashwin, DE Bollinger, SB Jakati, S Randiv","SR Watson, R Dravid, AL Menaria, J Botha, LRPL Taylor, AM Rahane, STR Binny, DH Yagnik, SK Warne, ND Doshi, SK Trivedi",4,3,1,2,3,3,115.6,125.2,147.8,140.6,0.75,0.6,0.333,0.7,160.58,0.2,0.5,0.611
501243,2011-05-05,"Rajiv Gandhi International Stadium, Uppal, Hyderabad",Deccan Chargers,Delhi Capitals,Delhi Capitals,field,Delhi Capitals,won by 4 wickets,175,179,"S Dhawan, DB Ravi Teja, KC Sangakkara, JP Duminy, DT Christian, B Chipli, I Malhotra, S Sohal, A Mishra, DW Steyn, I Sharma","AJ Finch, V Sehwag, NV Ojha, Y Venugopal Rao, TR Birt, IK Pathan, JR Hopes, Y Nagar, M Morkel, AB Agarkar, AM Salvi",4,4,3,0,2,2,145.4,146.4,163.8,154.2,0.438,0.533,0.643,0.429,164.38,0.5,0.083,1.0
501242,2011-05-05,Nehru Stadium,Kochi Tuskers Kerala,Kolkata Knight Riders,Kolkata Knight Riders,field,Kochi Tuskers Kerala,won by 17 runs,156,139,"BB McCullum, M Klinger, PA Patel, DPMD Jayawardene, RA Jadeja, BJ Hodge, RV Gomez, R Vinay Kumar, RP Singh, S Sreesanth, P Parameswaran","JH Kallis, EJG Morgan, G Gambhir, MK Tiwary, YK Pathan, MV Boucher, B Lee, R Bhatia, Iqbal Abdulla, S Ladda, JD Unadkat",1,0,1,0,2,3,115.0,132.6,146.8,141.2,0.75,0.0,0.75,0.412,133.5,0.5,0.25,0.0
501244,2011-05-06,"M Chinnaswamy Stadium, Bengaluru",Royal Challengers Bengaluru,Punjab Kings,Punjab Kings,field,Royal Challengers Bengaluru,won by 85 runs,205,120,"CH Gayle, TM Dilshan, V Kohli, AB de Villiers, SS Tiwary, AUK Pathan, M Kaif, A Mithun, DL Vettori, Z Khan, S Aravind","AC Gilchrist, PC Valthaty, AM Nayar, SE Marsh, KD Karthik, Sunny Singh, R McLaren, PP Chawla, RJ Harris, P Kumar, L Ablish",3,3,3,0,3,2,164.2,168.8,163.6,164.4,0.429,0.5,0.538,0.273,153.91,0.571,0.375,0.5
501245,2011-05-07,"Eden Gardens, Kolkata",Chennai Super Kings,Kolkata Knight Riders,Chennai Super Kings,bat,Kolkata Knight Riders,won by 10 runs,114,61,"EJG Morgan, JH Kallis, G Gambhir, MK Tiwary, YK Pathan, MV Boucher, R Bhatia, Iqbal Abdulla, B Lee, L Balaji, JD Unadkat","MEK Hussey, M Vijay, SK Raina, S Badrinath, JA Morkel, MS Dhoni, WP Saha, R Ashwin, DE Bollinger, SB Jakati, S Randiv",5,1,3,0,4,3,151.4,143.0,149.4,146.0,0.333,0.7,0.667,0.412,140.42,0.833,1.0,0.632
501246,2011-05-07,"Wankhede Stadium, Mumbai",Mumbai Indians,Delhi Capitals,Delhi Capitals,field,Mumbai Indians,won by 32 runs,178,146,"AC Blizzard, SR Tendulkar, AT Rayudu, RG Sharma, KA Pollard, A Symonds, TL Suman, DS Kulkarni, Harbhajan Singh, MM Patel, SL Malinga","V Sehwag, DA Warner, CA Ingram, NV Ojha, Y Venugopal Rao, JR Hopes, IK Pathan, Y Nagar, AB Agarkar, M Morkel, S Nadeem",4,3,3,0,4,2,149.8,132.2,153.4,148.8,0.7,0.5,0.667,0.429,144.35,0.429,0.625,0.0
501247,2011-05-08,"M Chinnaswamy Stadium, Bengaluru",Kochi Tuskers Kerala,Royal Challengers Bengaluru,Kochi Tuskers Kerala,bat,Royal Challengers Bengaluru,won by 9 wickets,125,128,"CH Gayle, TM Dilshan, V Kohli, AB de Villiers, CA Pujara, M Kaif, SS Tiwary, DL Vettori, Z Khan, S Aravind, A Mithun","M Klinger, BB McCullum, PA Patel, DPMD Jayawardene, BJ Hodge, RA Jadeja, RV Gomez, R Vinay Kumar, RR Powar, RP Singh, P Parameswaran",0,1,0,1,2,4,119.8,135.2,176.8,157.8,0.75,0.0,0.429,0.5,154.41,0.533,0.0,0.412
501248,2011-05-08,"Punjab Cricket Association IS Bindra Stadium, Mohali, Chandigarh",Punjab Kings,Pune Warriors,Punjab Kings,bat,Pune Warriors,won by 5 wickets,119,120,"AC Gilchrist, PC Valthaty, SE Marsh, KD Karthik, DJ Hussey, Mandeep Singh, SD Chitnis, RJ Harris, P Kumar, SJ Srivastava, BA Bhatt","JD Ryder, MK Pandey, RV Uthappa, Yuvraj Singh, CJ Ferguson, AA Jhunjhunwala, MR Marsh, SB Wagh, R Sharma, WD Parnell, B Kumar",0,1,0,1,1,0,154.4,172.4,139.0,154.4,0.5,0.273,0.0,0.0,171.54,0.429,0.643,0.0
501249,2011-05-09,"Sawai Mansingh Stadium, Jaipur",Chennai Super Kings,Rajasthan Royals,Rajasthan Royals,field,Chennai Super Kings,won by 63 runs,196,133,"SR Watson, R Dravid, AM Rahane, LRPL Taylor, AL Menaria, J Botha, AS Raut, DH Yagnik, A Singh, SK Trivedi, SK Warne","MEK Hussey, M Vijay, SK Raina, MS Dhoni, JA Morkel, S Badrinath, DJ Bravo, WP Saha, R Ashwin, DE Bollinger, SB Jakati",4,4,2,1,4,3,143.0,122.4,128.8,138.0,0.333,0.667,0.75,0.545,143.9,0.778,0.0,0.8
501250,2011-05-10,"Rajiv Gandhi International Stadium, Uppal, Hyderabad",Deccan Chargers,Pune Warriors,Deccan Chargers,bat,Pune Warriors,won by 6 wickets,136,137,"S Dhawan, DB Ravi Teja, KC Sangakkara, JP Duminy, DT Christian, B Chipli, S Sohal, A Mishra, DW Steyn, I Sharma, PP Ojha","JD Ryder, MK Pandey, SC Ganguly, RV Uthappa, Yuvraj Singh, CJ Ferguson, MR Marsh, WD Parnell, SB Wagh, R Sharma, B Kumar",0,0,0,0,1,1,146.8,151.8,139.6,149.8,0.438,0.533,0.0,0.0,165.35,0.556,0.077,0.0
501251,2011-05-10,"Punjab Cricket Association IS Bindra Stadium, Mohali, Chandigarh",Punjab Kings,Mumbai Indians,Mumbai Indians,field,Punjab Kings,won by 76 runs,163,87,"PC Valthaty, AC Gilchrist, SE Marsh, KD Karthik, DJ Hussey, Mandeep Singh, Bipul Sharma, RJ Harris, P Kumar, SJ Srivastava, BA Bhatt","AC Blizzard, SR Tendulkar, RG Sharma, A Symonds, AT Rayudu, TL Suman, KA Pollard, Harbhajan Singh, DS Kulkarni, SL Malinga, MM Patel",4,3,1,2,0,4,139.2,167.0,152.6,130.2,0.5,0.25,0.7,0.5,168.07,0.429,0.6,0.0
501252,2011-05-11,"Sawai Mansingh Stadium, Jaipur",Rajasthan Royals,Royal Challengers Bengaluru,Royal Challengers Bengaluru,field,Royal Challengers Bengaluru,won by 9 wickets,146,151,"SR Watson, R Dravid, AM Rahane, J Botha, LRPL Taylor, AL Menaria, AS Raut, DH Yagnik, SK Warne, SK Trivedi, Pankaj Singh","CH Gayle, TM Dilshan, V Kohli, AB de Villiers, KB Arun Karthik, M Kaif, SS Tiwary, AA Kazi, Z Khan, S Aravind, CK Langeveldt",3,3,1,2,3,5,126.0,138.2,170.0,146.2,0.706,0.545,0.429,0.5,145.19,0.7,0.75,0.5
501253,2011-05-12,"MA Chidambaram Stadium, Chepauk, Chennai",Chennai Super Kings,Delhi Capitals,Chennai Super Kings,bat,Chennai Super Kings,won by 18 runs,176,158,"MEK Hussey, M Vijay, SK Raina, S Badrinath, MS Dhoni, WP Saha, JA Morkel, DJ Bravo, R Ashwin, DE Bollinger, SB Jakati","NV Ojha, DA Warner, CA Ingram, IK Pathan, Y Venugopal Rao, JR Hopes, AB McDonald, Y Nagar, AB Agarkar, S Nadeem, VR Aaron",3,3,2,1,4,2,153.8,125.6,150.6,152.2,0.333,0.667,0.625,0.429,159.92,0.2,0.632,1.0
501254,2011-05-13,Holkar Cricket Stadium,Kochi Tuskers Kerala,Punjab Kings,Punjab Kings,field,Punjab Kings,won by 6 wickets,178,181,"BB McCullum, DPMD Jayawardene, RA Jadeja, BJ Hodge, OA Shah, PA Patel, RV Gomez, R Vinay Kumar, RP Singh, P Parameswaran, S Sreesanth","AC Gilchrist, PC Valthaty, SE Marsh, KD Karthik, DJ Hussey, Mandeep Singh, Bipul Sharma, SJ Srivastava, PP Chawla, RJ Harris, BA Bhatt",0,0,0,0,2,1,123.0,138.6,131.4,138.2,0.75,0.0,0.5,0.25,0.0,0.0,0.0,0.0
501255,2011-05-14,"M Chinnaswamy Stadium, Bengaluru",Kolkata Knight Riders,Royal Challengers Bengaluru,Royal Challengers Bengaluru,field,Royal Challengers Bengaluru,won by 4 wickets,89,105,"CH Gayle, LA Pomersbach, V Kohli, AB de Villiers, M Kaif, KB Arun Karthik, SS Tiwary, A Mithun, Z Khan, S Aravind, CK Langeveldt","JH Kallis, EJG Morgan, G Gambhir, MK Tiwary, YK Pathan, MV Boucher, R Bhatia, Iqbal Abdulla, B Lee, L Balaji, JD Unadkat",3,4,1,2,4,5,127.4,133.8,165.2,141.2,0.667,0.412,0.467,0.5,152.86,0.533,0.5,0.444
501256,2011-05-14,"Wankhede Stadium, Mumbai",Deccan Chargers,Mumbai Indians,Deccan Chargers,bat,Deccan Chargers,won by 10 runs,135,125,"SR Tendulkar, AC Blizzard, AT Rayudu, RG Sharma, A Symonds, TL Suman, KA Pollard, Harbhajan Singh, SL Malinga, DS Kulkarni, MM Patel","MJ Lumb, S Sohal, KC Sangakkara, JP Duminy, B Chipli, DT Christian, S Dhawan, A Mishra, PP Ojha, I Sharma, Anand Rajan",3,4,0,3,1,3,147.0,144.8,135.6,135.8,0.438,0.5,0.636,0.5,145.95,0.375,0.0,0.667
501257,2011-05-15,"Himachal Pradesh Cricket Association Stadium, Dharamsala",Punjab Kings,Delhi Capitals,Delhi Capitals,field,Punjab Kings,won by 29 runs,170,141,"PC Valthaty, AC Gilchrist, SE Marsh, KD Karthik, DJ Hussey, Mandeep Singh, RJ Harris, PP Chawla, SJ Srivastava, P Kumar, BA Bhatt","NV Ojha, DA Warner, Y Venugopal Rao, S Sriram, IK Pathan, JR Hopes, TR Birt, Y Nagar, M Morkel, VR Aaron, AM Salvi",4,3,1,2,2,2,143.8,149.8,156.0,157.8,0.533,0.25,0.625,0.429,184.75,1.0,0.0,0.0
501258,2011-05-15,Holkar Cricket Stadium,Rajasthan Royals,Kochi Tuskers Kerala,Kochi Tuskers Kerala,field,Kochi Tuskers Kerala,won by 8 wickets,97,98,"BB McCullum, DPMD Jayawardene, PA Patel, BJ Hodge, OA Shah, RA Jadeja, RP Singh, P Parameswaran, P Prasanth, S Sreesanth, Y Gnaneswara Rao","FY Fazal, R Dravid, SR Watson, AM Rahane, AL Menaria, PR Shah, JDP Oram, SK Warne, AA Chavan, SW Tait, ND Doshi",1,0,1,0,2,2,133.0,146.6,143.8,149.0,0.706,0.545,0.75,0.0,179.5,1.0,0.0,0.0
501259,2011-05-16,"Dr DY Patil Sports Academy, Mumbai",Pune Warriors,Deccan Chargers,Deccan Chargers,field,Deccan Chargers,won by 6 wickets,136,138,"JD Ryder, MK Pandey, SC Ganguly, RV Uthappa, Yuvraj Singh, M Manhas, CJ Ferguson, MR Marsh, WD Parnell, B Kumar, R Sharma","S Sohal, S Dhawan, KC Sangakkara, JP Duminy, DT Christian, B Chipli, DB Ravi Teja, PP Ojha, A Mishra, I Sharma, DW Steyn",1,0,1,0,2,1,138.8,148.0,148.2,155.0,0.0,0.0,0.438,0.529,143.3,0.5,0.4,0.2
501260,2011-05-17,"Himachal Pradesh Cricket Association Stadium, Dharamsala",Punjab Kings,Royal Challengers Bengaluru,Punjab Kings,bat,Punjab Kings,won by 111 runs,232,121,"PC Valthaty, AC Gilchrist, SE Marsh, DJ Hussey, KD Karthik, Mandeep Singh, AM Nayar, SJ Srivastava, PP Chawla, P Kumar, RJ Harris","CH Gayle, SS Tiwary, V Kohli, AB de Villiers, AUK Pathan, M Kaif, KB Arun Karthik, JJ van der Wath, A Mithun, CK Langeveldt, S Aravind",3,4,0,3,3,5,150.6,146.2,154.0,127.0,0.533,0.25,0.5,0.5,175.0,0.667,0.333,0.0
501261,2011-05-18,"MA Chidambaram Stadium, Chepauk, Chennai",Chennai Super Kings,Kochi Tuskers Kerala,Chennai Super Kings,bat,Chennai Super Kings,won by 11 runs,152,141,"MEK Hussey, M Vijay, SK Raina, S Badrinath, WP Saha, MS Dhoni, JA Morkel, DJ Bravo, R Ashwin, DE Bollinger, SB Jakati","PA Patel, BB McCullum, Y Gnaneswara Rao, BJ Hodge, RA Jadeja, OA Shah, KM Jadhav, R Vinay Kumar, M Muralitharan, RP Singh, S Sreesanth",0,1,0,1,4,3,160.0,129.0,139.6,137.0,0.333,0.682,0.8,0.0,160.28,0.2,0.65,0.0
501262,2011-05-19,"Dr DY Patil Sports Academy, Mumbai",Pune Warriors,Kolkata Knight Riders,Kolkata Knight Riders,field,Kolkata Knight Riders,won by 7 wickets,118,119,"JD Ryder, MK Pandey, CJ Ferguson, SC Ganguly, RV Uthappa, Yuvraj Singh, S Rana, WD Parnell, AC Thomas, R Sharma, B Kumar","G Gambhir, SP Goswami, MK Tiwary, YK Pathan, R Bhatia, JH Kallis, RN ten Doeschate, Shakib Al Hasan, B Lee, L Balaji, Iqbal Abdulla",0,0,0,0,2,3,135.0,139.4,115.6,128.6,0.0,0.0,0.667,0.412,142.91,0.556,0.333,1.0
501263,2011-05-20,"Wankhede Stadium, Mumbai",Mumbai Indians,Rajasthan Royals,Mumbai Indians,bat,Rajasthan Royals,won by 10 wickets,133,134,"TL Suman, SR Tendulkar, AT Rayudu, RG Sharma, KA Pollard, JEC Franklin, Harbhajan Singh, A Symonds, DS Kulkarni, MM Patel, SL Malinga","SR Watson, R Dravid, J Botha, AL Menaria, AM Rahane, LRPL Taylor, PR Shah, AA Chavan, SK Warne, A Singh, SK Trivedi",3,3,2,1,3,1,141.8,143.8,133.4,147.4,0.636,0.5,0.706,0.545,144.62,0.375,0.6,1.0
501264,2011-05-21,"Himachal Pradesh Cricket Association Stadium, Dharamsala",Deccan Chargers,Punjab Kings,Punjab Kings,field,Deccan Chargers,won by 82 runs,198,116,"PC Valthaty, AC Gilchrist, SE Marsh, KD Karthik, R McLaren, AM Nayar, Mandeep Singh, PP Chawla, RJ Harris, P Kumar, BA Bhatt","S Dhawan, DB Ravi Teja, JP Duminy, CL White, KH Devdhar, B Chipli, DT Christian, PP Ojha, A Mishra, DW Steyn, Anand Rajan",2,5,2,1,2,4,146.6,149.2,173.0,129.4,0.471,0.529,0.533,0.308,175.38,0.667,1.0,0.5
501265,2011-05-21,"Arun Jaitley Stadium, Delhi",Delhi Capitals,,Delhi Capitals,bat,,,56,0,"NV Ojha, DA Warner, MS Wade, CA Ingram, Y Venugopal Rao, JR Hopes, IK Pathan, Y Nagar, VR Aaron, UT Yadav, AB Dinda","MK Pandey, JP Faulkner, SC Ganguly, RV Uthappa, Yuvraj Singh, CJ Ferguson, S Rana, MR Marsh, SS Mundhe, R Sharma, AC Thomas",0,0,0,0,1,0,152.8,168.0,0.0,0.0,0.588,0.429,0.0,0.0,156.53,0.444,0.421,0.0
501266,2011-05-22,"M Chinnaswamy Stadium, Bengaluru",Chennai Super Kings,Royal Challengers Bengaluru,Royal Challengers Bengaluru,field,Royal Challengers Bengaluru,won by 8 wickets,128,129,"AB de Villiers, CH Gayle, V Kohli, SS Tiwary, MA Agarwal, M Kaif, LA Pomersbach, DL Vettori, S Aravind, A Mithun, Z Khan","MEK Hussey, M Vijay, SK Raina, S Badrinath, WP Saha, MS Dhoni, DJ Bravo, JA Morkel, R Ashwin, SB Jakati, DE Bollinger",4,4,2,1,4,4,157.4,128.0,142.0,142.4,0.333,0.696,0.5,0.5,149.92,0.562,0.5,0.474
501267,2011-05-22,"Eden Gardens, Kolkata",Kolkata Knight Riders,Mumbai Indians,Mumbai Indians,field,Mumbai Indians,won by 5 wickets,175,178,"JH Kallis, SP Goswami, G Gambhir, MK Tiwary, YK Pathan, RN ten Doeschate, R Bhatia, Shakib Al Hasan, B Lee, L Balaji, Iqbal Abdulla","TL Suman, SR Tendulkar, Harbhajan Singh, RG Sharma, KA Pollard, JEC Franklin, AT Rayudu, R Sathish, AN Ahmed, RW Price, SL Malinga",1,5,1,2,3,2,115.4,128.4,136.6,143.4,0.7,0.412,0.636,0.467,137.78,0.833,0.65,0.5
501268,2011-05-24,"Wankhede Stadium, Mumbai",Royal Challengers Bengaluru,Chennai Super Kings,Chennai Super Kings,field,Chennai Super Kings,won by 6 wickets,175,177,"MA Agarwal, CH Gayle, V Kohli, AB de Villiers, LA Pomersbach, SS Tiwary, M Kaif, DL Vettori, S Aravind, A Mithun, Z Khan","MEK Hussey, M Vijay, SK Raina, S Badrinath, MS Dhoni, JA Morkel, DJ Bravo, WP Saha, R Ashwin, DE Bollinger, SB Jakati",5,4,1,2,4,3,126.8,144.0,153.2,124.4,0.529,0.5,0.333,0.696,143.77,0.375,1.0,0.333
501269,2011-05-25,"Wankhede Stadium, Mumbai",Kolkata Knight Riders,Mumbai Indians,Mumbai Indians,field,Mumbai Indians,won by 4 wickets,147,148,"AC Blizzard, SR Tendulkar, RG Sharma, AT Rayudu, JEC Franklin, KA Pollard, TL Suman, Harbhajan Singh, DS Kulkarni, MM Patel, SL Malinga","G Gambhir, JH Kallis, SP Goswami, MK Tiwary, YK Pathan, RN ten Doeschate, Shakib Al Hasan, R Bhatia, B Lee, L Balaji, Iqbal Abdulla",1,6,1,2,2,2,116.6,134.2,140.2,150.6,0.7,0.412,0.667,0.467,146.07,0.444,0.0,0.545
501270,2011-05-27,"MA Chidambaram Stadium, Chepauk, Chennai",Royal Challengers Bengaluru,Mumbai Indians,Mumbai Indians,field,Royal Challengers Bengaluru,won by 43 runs,185,142,"MA Agarwal, CH Gayle, V Kohli, AB de Villiers, LA Pomersbach, SS Tiwary, DL Vettori, S Aravind, A Mithun, Z Khan, J Syed Mohammad","AC Blizzard, SR Tendulkar, Harbhajan Singh, RG Sharma, JEC Franklin, AT Rayudu, KA Pollard, R Sathish, SL Malinga, AN Ahmed, MM Patel",3,5,0,3,3,2,136.2,154.4,134.2,150.8,0.529,0.5,0.692,0.467,159.62,0.2,0.333,0.0
501271,2011-05-28,"MA Chidambaram Stadium, Chepauk, Chennai",Chennai Super Kings,Royal Challengers Bengaluru,Chennai Super Kings,bat,Chennai Super Kings,won by 58 runs,205,147,"MEK Hussey, M Vijay, MS Dhoni, SK Raina, JA Morkel, S Badrinath, DJ Bravo, WP Saha, R Ashwin, DE Bollinger, SB Jakati","MA Agarwal, CH Gayle, V Kohli, AB de Villiers, LA Pomersbach, SS Tiwary, DL Vettori, A Mithun, Z Khan, J Syed Mohammad, S Aravind",5,5,2,1,4,3,165.8,147.2,143.0,153.6,0.429,0.696,0.529,0.5,159.8,0.167,0.667,0.5
548306,2012-04-04,"MA Chidambaram Stadium, Chepauk, Chennai",Chennai Super Kings,Mumbai Indians,Mumbai Indians,field,Mumbai Indians,won by 8 wickets,112,115,"F du Plessis, M Vijay, SK Raina, DJ Bravo, JA Morkel, S Badrinath, MS Dhoni, RA Jadeja, R Ashwin, SB Jakati, DE Bollinger","RE Levi, SR Tendulkar, RG Sharma, AT Rayudu, JEC Franklin, KD Karthik, KA Pollard, Harbhajan Singh, SL Malinga, AN Ahmed, PP Ojha",4,4,2,1,4,2,167.6,150.0,145.2,155.2,0.429,0.708,0.643,0.467,160.5,0.167,0.682,0.0
548307,2012-04-05,"Eden Gardens, Kolkata",Kolkata Knight Riders,Delhi Capitals,Delhi Capitals,field,Delhi Capitals,won by 8 wickets,97,100,"BB McCullum, JH Kallis, G Gambhir, MK Tiwary, YK Pathan, DB Das, LR Shukla, R Bhatia, B Lee, Iqbal Abdulla, M de Lange","AJ Finch, V Sehwag, IK Pathan, GJ Maxwell, NV Ojha, Y Venugopal Rao, M Morkel, Y Nagar, RE van der Merwe, UT Yadav, S Nadeem",3,3,2,1,2,1,118.2,132.6,136.0,139.8,0.7,0.412,0.588,0.4,139.62,0.857,0.619,0.0
548308,2012-04-06,"Wankhede Stadium, Mumbai",Pune Warriors,Mumbai Indians,Mumbai Indians,field,Pune Warriors,won by 28 runs,129,101,"RE Levi, AT Rayudu, RG Sharma, JEC Franklin, KD Karthik, SA Yadav, KA Pollard, Harbhajan Singh, SL Malinga, PP Ojha, MM Patel","MK Pandey, SC Ganguly, WD Parnell, RV Uthappa, CJ Ferguson, SPD Smith, MN Samuels, B Kumar, M Kartik, R Sharma, AB Dinda",0,2,0,2,2,3,130.0,134.4,143.2,150.6,0.0,0.0,0.667,0.467,146.17,0.5,0.0,0.583
548309,2012-04-06,"Sawai Mansingh Stadium, Jaipur",Rajasthan Royals,Punjab Kings,Punjab Kings,field,Rajasthan Royals,won by 31 runs,191,160,"R Dravid, AM Rahane, AL Menaria, BJ Hodge, OA Shah, KK Cooper, J Botha, AA Chavan, SP Goswami, A Singh, SK Trivedi","AC Gilchrist, PC Valthaty, SE Marsh, AM Nayar, DJ Hussey, Mandeep Singh, Bipul Sharma, PP Chawla, JP Faulkner, P Kumar, Harmeet Singh",4,3,2,1,1,4,131.4,145.4,172.4,145.0,0.706,0.545,0.5,0.308,145.38,0.727,0.706,0.0
548311,2012-04-07,"Dr. Y.S. Rajasekhara Reddy ACA-VDCA Cricket Stadium, Visakhapatnam",Chennai Super Kings,Deccan Chargers,Deccan Chargers,field,Chennai Super Kings,won by 74 runs,193,119,"DJ Harris, S Dhawan, PA Patel, CL White, B Chipli, DT Christian, MS Gony, DB Ravi Teja, Ankit Sharma, DW Steyn, TP Sudhindra","M Vijay, F du Plessis, SK Raina, S Badrinath, RA Jadeja, MS Dhoni, DJ Bravo, JA Morkel, R Ashwin, SB Jakati, DE Bollinger",4,4,2,1,3,3,154.8,141.4,156.4,138.6,0.429,0.708,0.471,0.529,0.0,0.0,0.0,0.0
548310,2012-04-07,"M Chinnaswamy Stadium, Bengaluru",Royal Challengers Bengaluru,Delhi Capitals,Delhi Capitals,field,Royal Challengers Bengaluru,won by 20 runs,157,137,"AB McDonald, CA Pujara, V Kohli, AB de Villiers, SS Tiwary, MA Agarwal, DL Vettori, R Vinay Kumar, HV Patel, Z Khan, M Muralitharan","AJ Finch, V Sehwag, NV Ojha, Y Venugopal Rao, GJ Maxwell, Y Nagar, IK Pathan, DAJ Bracewell, M Morkel, UT Yadav, S Nadeem",2,5,1,2,2,1,151.4,176.8,120.2,124.2,0.529,0.5,0.611,0.4,148.85,0.588,0.5,1.0
548313,2012-04-08,Subrata Roy Sahara Stadium,Pune Warriors,Punjab Kings,Pune Warriors,bat,Pune Warriors,won by 22 runs,166,144,"JD Ryder, SC Ganguly, MN Samuels, RV Uthappa, CJ Ferguson, SPD Smith, MK Pandey, R Sharma, M Kartik, AB Dinda, A Nehra","AC Gilchrist, PC Valthaty, Mandeep Singh, AM Nayar, DJ Hussey, PP Chawla, AD Mascarenhas, Bipul Sharma, JP Faulkner, P Kumar, Harmeet Singh",2,0,2,0,3,3,128.0,122.6,171.8,165.8,0.0,0.0,0.471,0.308,0.0,0.0,0.0,0.0
548312,2012-04-08,"Sawai Mansingh Stadium, Jaipur",Rajasthan Royals,Kolkata Knight Riders,Kolkata Knight Riders,field,Rajasthan Royals,won by 22 runs,164,142,"R Dravid, AM Rahane, SP Goswami, AL Menaria, BJ Hodge, OA Shah, KK Cooper, J Botha, AA Chavan, A Singh, SK Trivedi","JH Kallis, BB McCullum, G Gambhir, MK Tiwary, DB Das, YK Pathan, R Bhatia, LR Shukla, B Lee, SP Narine, Iqbal Abdulla",3,4,0,3,2,1,140.2,147.6,125.4,129.8,0.706,0.545,0.7,0.412,147.06,0.667,0.722,0.5
548314,2012-04-09,"Dr. Y.S. Rajasekhara Reddy ACA-VDCA Cricket Stadium, Visakhapatnam",Deccan Chargers,Mumbai Indians,Deccan Chargers,bat,Mumbai Indians,won by 5 wickets,138,142,"PA Patel, S Dhawan, B Chipli, DT Christian, KC Sangakkara, CL White, DB Ravi Teja, A Mishra, DW Steyn, Ankit Sharma, Anand Rajan","TL Suman, RE Levi, RG Sharma, AT Rayudu, KA Pollard, KD Karthik, JEC Franklin, Harbhajan Singh, SL Malinga, PP Ojha, MM Patel",4,4,1,2,3,3,145.2,141.4,136.8,149.6,0.444,0.529,0.625,0.467,156.0,0.0,0.0,0.0
548316,2012-04-10,"Arun Jaitley Stadium, Delhi",Chennai Super Kings,Delhi Capitals,Delhi Capitals,field,Delhi Capitals,won by 8 wickets,110,111,"NV Ojha, V Sehwag, KP Pietersen, DPMD Jayawardene, RE van der Merwe, Y Venugopal Rao, Y Nagar, IK Pathan, M Morkel, UT Yadav, S Nadeem","F du Plessis, M Vijay, SK Raina, S Badrinath, RA Jadeja, DJ Bravo, MS Dhoni, JA Morkel, R Ashwin, SB Jakati, DE Bollinger",4,3,2,1,3,1,163.0,137.0,118.4,120.0,0.429,0.708,0.579,0.4,150.1,0.444,1.0,0.4
548315,2012-04-10,"M Chinnaswamy Stadium, Bengaluru",Kolkata Knight Riders,Royal Challengers Bengaluru,Royal Challengers Bengaluru,field,Kolkata Knight Riders,won by 42 runs,165,123,"CA Pujara, CH Gayle, V Kohli, AB de Villiers, SS Tiwary, MA Agarwal, DL Vettori, R Vinay Kumar, HV Patel, Z Khan, M Muralitharan","JH Kallis, G Gambhir, MS Bisla, YK Pathan, MK Tiwary, RN ten Doeschate, Shakib Al Hasan, LR Shukla, B Lee, R Bhatia, L Balaji",3,5,0,3,1,3,136.0,141.6,158.6,157.8,0.636,0.412,0.529,0.5,148.76,0.556,0.333,0.524
548317,2012-04-11,"Wankhede Stadium, Mumbai",Mumbai Indians,Rajasthan Royals,Rajasthan Royals,field,Mumbai Indians,won by 27 runs,197,170,"RE Levi, TL Suman, RG Sharma, AT Rayudu, KA Pollard, KD Karthik, JEC Franklin, Harbhajan Singh, SL Malinga, PP Ojha, MM Patel","R Dravid, AM Rahane, SP Goswami, OA Shah, AL Menaria, J Botha, KK Cooper, AA Chavan, GB Hogg, A Singh, SK Trivedi",3,4,1,2,3,3,129.6,142.2,146.4,136.8,0.625,0.467,0.706,0.545,144.22,0.455,0.538,1.0
548318,2012-04-12,"MA Chidambaram Stadium, Chepauk, Chennai",Royal Challengers Bengaluru,Chennai Super Kings,Royal Challengers Bengaluru,bat,Chennai Super Kings,won by 5 wickets,205,208,"M Vijay, F du Plessis, SK Raina, MS Dhoni, DJ Bravo, JA Morkel, RA Jadeja, S Badrinath, R Ashwin, SB Jakati, DE Bollinger","MA Agarwal, CH Gayle, V Kohli, AB de Villiers, SS Tiwary, RR Bhatkal, CA Pujara, DL Vettori, R Vinay Kumar, Z Khan, M Muralitharan",5,6,1,2,2,3,157.4,165.2,159.4,133.4,0.5,0.5,0.429,0.708,158.54,0.286,0.4,0.652
548319,2012-04-12,"Punjab Cricket Association IS Bindra Stadium, Mohali, Chandigarh",Pune Warriors,Punjab Kings,Punjab Kings,field,Punjab Kings,won by 7 wickets,115,116,"PC Valthaty, AC Gilchrist, SE Marsh, Mandeep Singh, PP Chawla, DJ Hussey, AD Mascarenhas, P Awana, Bipul Sharma, Harmeet Singh, P Kumar","JD Ryder, SC Ganguly, MN Samuels, RV Uthappa, AD Mathews, M Manhas, SPD Smith, MK Pandey, R Sharma, A Nehra, AB Dinda",3,0,3,0,3,2,137.2,127.6,164.4,163.4,0.0,0.333,0.471,0.308,165.38,0.375,1.0,0.625
548320,2012-04-13,"Eden Gardens, Kolkata",Rajasthan Royals,Kolkata Knight Riders,Rajasthan Royals,bat,Kolkata Knight Riders,won by 5 wickets,131,137,"JH Kallis, G Gambhir, MS Bisla, MK Tiwary, Shakib Al Hasan, YK Pathan, RN ten Doeschate, DB Das, R Bhatia, L Balaji, SP Narine","R Dravid, AM Rahane, AL Menaria, SP Goswami, OA Shah, BJ Hodge, J Botha, GB Hogg, AA Chavan, A Singh, SK Trivedi",4,4,1,2,3,1,151.2,146.0,145.2,142.6,0.667,0.545,0.636,0.412,137.75,0.875,0.333,0.591
548322,2012-04-14,Subrata Roy Sahara Stadium,Chennai Super Kings,Pune Warriors,Chennai Super Kings,bat,Pune Warriors,won by 7 wickets,155,156,"RV Uthappa, JD Ryder, SC Ganguly, MN Samuels, SPD Smith, AD Mathews, M Manhas, R Sharma, M Kartik, AB Dinda, A Nehra","F du Plessis, M Vijay, SK Raina, MS Dhoni, RA Jadeja, JA Morkel, DJ Bravo, S Badrinath, KMDN Kulasekara, R Ashwin, VY Mahesh",2,0,2,0,3,2,165.6,139.4,132.8,123.6,0.429,0.708,0.0,0.333,155.0,0.0,0.0,1.0
548323,2012-04-15,"Eden Gardens, Kolkata",Punjab Kings,Kolkata Knight Riders,Kolkata Knight Riders,field,Punjab Kings,won by 2 runs,134,132,"JH Kallis, G Gambhir, MS Bisla, MK Tiwary, Shakib Al Hasan, YK Pathan, DB Das, RN ten Doeschate, R Bhatia, SP Narine, JD Unadkat","AC Gilchrist, Mandeep Singh, SE Marsh, DJ Hussey, P Dogra, Bipul Sharma, AD Mascarenhas, PP Chawla, P Kumar, Harmeet Singh, BA Bhatt",3,4,1,2,2,2,153.6,158.2,137.6,133.2,0.5,0.308,0.636,0.412,137.59,0.875,0.333,0.609
548324,2012-04-15,"M Chinnaswamy Stadium, Bengaluru",Rajasthan Royals,Royal Challengers Bengaluru,Rajasthan Royals,bat,Rajasthan Royals,won by 59 runs,195,136,"MA Agarwal, CH Gayle, V Kohli, AB de Villiers, SS Tiwary, M Kaif, DL Vettori, R Vinay Kumar, Z Khan, S Aravind, M Muralitharan","R Dravid, AM Rahane, OA Shah, BJ Hodge, AL Menaria, J Botha, GB Hogg, SP Goswami, A Singh, SK Trivedi, Pankaj Singh",3,4,0,3,3,2,158.0,153.8,163.4,171.4,0.667,0.5,0.5,0.444,148.55,0.526,0.5,0.5
548325,2012-04-16,"Wankhede Stadium, Mumbai",Mumbai Indians,Delhi Capitals,Delhi Capitals,field,Delhi Capitals,won by 7 wickets,92,93,"RE Levi, DJ Jacobs, RG Sharma, AT Rayudu, KA Pollard, KD Karthik, Harbhajan Singh, CJ McKay, RP Singh, PP Ojha, MM Patel","NV Ojha, V Sehwag, KP Pietersen, DPMD Jayawardene, LRPL Taylor, IK Pathan, Y Nagar, AB Agarkar, M Morkel, UT Yadav, S Nadeem",5,3,3,0,3,2,139.4,146.8,109.0,106.8,0.625,0.467,0.6,0.4,146.53,0.417,0.571,0.0
548326,2012-04-17,"Sawai Mansingh Stadium, Jaipur",Deccan Chargers,Rajasthan Royals,Deccan Chargers,bat,Rajasthan Royals,won by 5 wickets,196,197,"R Dravid, AM Rahane, AL Menaria, OA Shah, BJ Hodge, J Botha, DH Yagnik, GB Hogg, A Singh, SK Trivedi, Pankaj Singh","KC Sangakkara, S Dhawan, DT Christian, JP Duminy, B Chipli, T Mishra, AA Jhunjhunwala, Ankit Sharma, A Mishra, DW Steyn, Anand Rajan",1,6,0,3,3,3,145.6,142.4,170.2,154.4,0.444,0.5,0.667,0.538,147.37,0.615,0.0,0.737
548327,2012-04-17,"M Chinnaswamy Stadium, Bengaluru",Pune Warriors,Royal Challengers Bengaluru,Pune Warriors,bat,Royal Challengers Bengaluru,won by 6 wickets,182,186,"TM Dilshan, CH Gayle, MA Agarwal, V Kohli, SS Tiwary, AB de Villiers, DL Vettori, R Vinay Kumar, Z Khan, HV Patel, KP Appanna","RV Uthappa, JD Ryder, SC Ganguly, MN Samuels, SPD Smith, AD Mathews, M Manhas, B Kumar, R Sharma, AB Dinda, A Nehra",0,1,0,1,3,1,136.8,127.0,153.6,182.0,0.0,0.333,0.5,0.444,149.28,0.526,0.0,0.478
548328,2012-04-18,"Punjab Cricket Association IS Bindra Stadium, Mohali, Chandigarh",Punjab Kings,Kolkata Knight Riders,Punjab Kings,bat,Kolkata Knight Riders,won by 8 wickets,124,127,"AC Gilchrist, PC Valthaty, SE Marsh, Mandeep Singh, DJ Hussey, P Dogra, AD Mascarenhas, PP Chawla, Harmeet Singh, P Kumar, BA Bhatt","BB McCullum, G Gambhir, MS Bisla, JH Kallis, MK Tiwary, YK Pathan, R Bhatia, DB Das, SP Narine, L Balaji, B Lee",4,4,2,1,2,2,134.0,160.4,134.6,130.4,0.5,0.308,0.583,0.412,162.44,0.444,0.647,0.5
548330,2012-04-19,"MA Chidambaram Stadium, Chepauk, Chennai",Chennai Super Kings,Pune Warriors,Pune Warriors,field,Chennai Super Kings,won by 13 runs,164,151,"F du Plessis, S Badrinath, SK Raina, MS Dhoni, DJ Bravo, RA Jadeja, WP Saha, KMDN Kulasekara, R Ashwin, SB Jakati, DE Bollinger","RV Uthappa, JD Ryder, SC Ganguly, MK Pandey, MN Samuels, SPD Smith, AD Mathews, B Kumar, M Kartik, R Sharma, A Nehra",2,1,2,1,2,3,155.6,141.2,149.6,140.4,0.429,0.68,0.0,0.25,160.46,0.286,0.667,0.0
548321,2012-04-19,"Arun Jaitley Stadium, Delhi",Deccan Chargers,Delhi Capitals,Deccan Chargers,bat,Delhi Capitals,won by 5 wickets,157,162,"NV Ojha, V Sehwag, KP Pietersen, DPMD Jayawardene, LRPL Taylor, IK Pathan, Y Nagar, AB Agarkar, M Morkel, UT Yadav, S Nadeem","KC Sangakkara, S Dhawan, PA Patel, DT Christian, JP Duminy, B Chipli, AA Jhunjhunwala, DW Steyn, A Mishra, Ankit Sharma, V Pratap Singh",4,5,2,1,2,3,157.8,156.8,99.4,91.2,0.444,0.474,0.619,0.4,148.21,0.5,0.667,0.429
548331,2012-04-20,"Punjab Cricket Association IS Bindra Stadium, Mohali, Chandigarh",Punjab Kings,Royal Challengers Bengaluru,Royal Challengers Bengaluru,field,Royal Challengers Bengaluru,won by 5 wickets,163,166,"N Saini, PC Valthaty, SE Marsh, DJ Hussey, DA Miller, Mandeep Singh, Azhar Mahmood, PP Chawla, P Awana, P Kumar, Harmeet Singh","MA Agarwal, CH Gayle, V Kohli, SS Tiwary, AB de Villiers, AB McDonald, DL Vettori, KB Arun Karthik, R Vinay Kumar, HV Patel, Z Khan",4,4,1,2,2,2,135.6,146.2,161.4,177.4,0.5,0.286,0.5,0.444,160.39,0.444,0.611,0.5
548332,2012-04-21,"MA Chidambaram Stadium, Chepauk, Chennai",Rajasthan Royals,Chennai Super Kings,Rajasthan Royals,bat,Chennai Super Kings,won by 7 wickets,146,147,"S Badrinath, F du Plessis, SK Raina, MS Dhoni, DJ Bravo, RA Jadeja, WP Saha, R Ashwin, KMDN Kulasekara, SB Jakati, DE Bollinger","R Dravid, AM Rahane, OA Shah, AL Menaria, BJ Hodge, SP Goswami, STR Binny, KK Cooper, GB Hogg, A Singh, SK Trivedi",4,5,0,3,3,3,171.4,161.6,166.0,148.4,0.667,0.538,0.429,0.68,160.35,0.25,0.333,0.68
548333,2012-04-21,"Arun Jaitley Stadium, Delhi",Pune Warriors,Delhi Capitals,Delhi Capitals,field,Pune Warriors,won by 20 runs,192,172,"DPMD Jayawardene, V Sehwag, KP Pietersen, IK Pathan, P Negi, LRPL Taylor, Y Nagar, NV Ojha, M Morkel, S Nadeem, UT Yadav","RV Uthappa, JD Ryder, SC Ganguly, SPD Smith, AD Mathews, MK Pandey, AC Thomas, M Manhas, M Kartik, R Sharma, A Nehra",0,1,0,1,2,4,154.0,153.0,120.6,122.6,0.0,0.25,0.619,0.4,148.73,0.5,0.0,0.455
548334,2012-04-22,"Wankhede Stadium, Mumbai",Mumbai Indians,Punjab Kings,Mumbai Indians,bat,Punjab Kings,won by 6 wickets,163,164,"JEC Franklin, SR Tendulkar, RG Sharma, KD Karthik, KA Pollard, Harbhajan Singh, NLTC Perera, AT Rayudu, PP Ojha, RP Singh, MM Patel","N Saini, Mandeep Singh, SE Marsh, DJ Hussey, Azhar Mahmood, DA Miller, SD Chitnis, PP Chawla, BA Bhatt, P Kumar, P Awana",3,5,1,2,3,2,129.4,128.4,136.2,141.2,0.625,0.467,0.5,0.286,143.53,0.462,0.533,0.333
548335,2012-04-22,Barabati Stadium,Deccan Chargers,Kolkata Knight Riders,Kolkata Knight Riders,field,Kolkata Knight Riders,won by 5 wickets,126,127,"KC Sangakkara, S Dhawan, PA Patel, CL White, JP Duminy, IR Jaggi, Ankit Sharma, DW Steyn, A Mishra, Anand Rajan, V Pratap Singh","BB McCullum, G Gambhir, MS Bisla, JH Kallis, YK Pathan, MK Tiwary, DB Das, R Bhatia, SP Narine, L Balaji, B Lee",2,6,0,3,1,3,161.6,162.0,140.6,135.2,0.444,0.45,0.583,0.412,166.5,0.0,1.0,0.0
548336,2012-04-23,"Sawai Mansingh Stadium, Jaipur",Royal Challengers Bengaluru,Rajasthan Royals,Rajasthan Royals,field,Royal Challengers Bengaluru,won by 46 runs,189,143,"R Dravid, AM Rahane, OA Shah, SP Goswami, BJ Hodge, STR Binny, KK Cooper, GB Hogg, Pankaj Singh, SK Trivedi, A Chandila","V Kohli, TM Dilshan, MA Agarwal, CH Gayle, AB de Villiers, SS Tiwary, DL Vettori, R Vinay Kumar, Z Khan, HV Patel, KP Appanna",4,4,2,1,2,2,163.2,182.6,167.8,162.6,0.526,0.444,0.667,0.5,149.82,0.615,0.667,0.75
548337,2012-04-24,Subrata Roy Sahara Stadium,Pune Warriors,Delhi Capitals,Pune Warriors,bat,Delhi Capitals,won by 8 wickets,146,148,"JD Ryder, MK Pandey, SC Ganguly, RV Uthappa, SPD Smith, LJ Wright, AC Thomas, M Manhas, M Kartik, R Sharma, A Nehra","DPMD Jayawardene, V Sehwag, KP Pietersen, LRPL Taylor, NV Ojha, IK Pathan, Y Nagar, M Morkel, P Negi, S Nadeem, UT Yadav",1,1,1,1,2,3,159.2,158.6,135.0,141.6,0.0,0.25,0.591,0.4,155.25,0.0,1.0,0.0
548339,2012-04-25,"Punjab Cricket Association IS Bindra Stadium, Mohali, Chandigarh",Punjab Kings,Mumbai Indians,Punjab Kings,bat,Mumbai Indians,won by 4 wickets,168,171,"N Saini, Mandeep Singh, SE Marsh, DJ Hussey, DA Miller, SD Chitnis, Azhar Mahmood, PP Chawla, BA Bhatt, P Kumar, P Awana","JEC Franklin, SR Tendulkar, RG Sharma, KD Karthik, KA Pollard, AT Rayudu, Harbhajan Singh, RJ Peterson, RP Singh, MM Patel, CJ McKay",6,3,2,1,3,2,140.2,140.6,139.0,138.8,0.5,0.286,0.625,0.438,160.61,0.5,0.579,0.0
548341,2012-04-26,Subrata Roy Sahara Stadium,Deccan Chargers,Pune Warriors,Deccan Chargers,bat,Deccan Chargers,won by 18 runs,177,159,"MK Pandey, JD Ryder, SC Ganguly, RV Uthappa, MN Samuels, SPD Smith, M Manhas, AC Thomas, B Kumar, R Sharma, A Nehra","PA Patel, S Dhawan, CL White, KC Sangakkara, JP Duminy, IR Jaggi, Ankit Sharma, A Ashish Reddy, A Mishra, J Theron, MS Gony",1,1,1,1,0,2,147.2,164.2,165.4,165.0,0.444,0.45,0.0,0.2,152.5,0.0,0.0,0.667
548342,2012-04-27,"Arun Jaitley Stadium, Delhi",Delhi Capitals,Mumbai Indians,Mumbai Indians,field,Delhi Capitals,won by 37 runs,207,170,"DPMD Jayawardene, V Sehwag, KP Pietersen, IK Pathan, LRPL Taylor, Y Nagar, NV Ojha, M Morkel, S Nadeem, UT Yadav, AB Agarkar","AC Blizzard, SR Tendulkar, RG Sharma, KD Karthik, AT Rayudu, KA Pollard, RJ Peterson, Harbhajan Singh, SL Malinga, RP Singh, R Shukla",4,5,1,2,4,3,137.2,139.4,153.0,146.6,0.591,0.4,0.625,0.438,150.17,0.455,0.435,0.667
548343,2012-04-28,"MA Chidambaram Stadium, Chepauk, Chennai",Punjab Kings,Chennai Super Kings,Punjab Kings,bat,Punjab Kings,won by 7 runs,156,149,"F du Plessis, S Badrinath, SK Raina, WP Saha, RA Jadeja, MS Dhoni, DJ Bravo, JA Morkel, KMDN Kulasekara, R Ashwin, SB Jakati","Mandeep Singh, SE Marsh, Azhar Mahmood, DA Miller, DJ Hussey, Bipul Sharma, PP Chawla, N Saini, P Kumar, P Awana, BA Bhatt",1,6,1,1,2,3,150.6,151.8,156.8,153.8,0.5,0.267,0.429,0.68,159.83,0.25,0.0,0.692
548344,2012-04-28,"Eden Gardens, Kolkata",Kolkata Knight Riders,Royal Challengers Bengaluru,Kolkata Knight Riders,bat,Kolkata Knight Riders,won by 47 runs,190,143,"BB McCullum, G Gambhir, JH Kallis, YK Pathan, MK Tiwary, LR Shukla, R Bhatia, DB Das, SP Narine, B Lee, Iqbal Abdulla","TM Dilshan, CH Gayle, V Kohli, AB de Villiers, SS Tiwary, MA Agarwal, DL Vettori, R Vinay Kumar, Z Khan, HV Patel, KP Appanna",4,5,1,2,4,3,137.6,127.6,176.4,178.2,0.615,0.412,0.526,0.444,137.4,0.778,0.583,0.333
548345,2012-04-29,"Arun Jaitley Stadium, Delhi",Delhi Capitals,Rajasthan Royals,Delhi Capitals,bat,Delhi Capitals,won by 1 runs,152,151,"DPMD Jayawardene, V Sehwag, KP Pietersen, LRPL Taylor, Y Nagar, NV Ojha, IK Pathan, AB Agarkar, M Morkel, S Nadeem, UT Yadav","R Dravid, AM Rahane, BJ Hodge, OA Shah, SP Goswami, AL Menaria, KK Cooper, GB Hogg, AA Chavan, A Singh, Pankaj Singh",4,4,2,1,4,2,156.4,151.4,162.4,161.0,0.591,0.4,0.632,0.5,151.77,0.417,0.458,0.0
548346,2012-04-29,"Wankhede Stadium, Mumbai",Deccan Chargers,Mumbai Indians,Mumbai Indians,field,Mumbai Indians,won by 5 wickets,100,101,"RE Levi, SR Tendulkar, RG Sharma, KD Karthik, JEC Franklin, AT Rayudu, RJ Peterson, Harbhajan Singh, SL Malinga, RP Singh, MM Patel","PA Patel, S Dhawan, IR Jaggi, CL White, JP Duminy, DT Christian, B Chipli, A Ashish Reddy, A Mishra, DW Steyn, V Pratap Singh",4,5,1,2,1,2,158.8,157.4,158.6,160.4,0.444,0.476,0.588,0.438,144.58,0.462,1.0,0.5
548347,2012-04-30,"MA Chidambaram Stadium, Chepauk, Chennai",Chennai Super Kings,Kolkata Knight Riders,Chennai Super Kings,bat,Kolkata Knight Riders,won by 5 wickets,139,140,"F du Plessis, MEK Hussey, SK Raina, DJ Bravo, MS Dhoni, RA Jadeja, JA Morkel, S Badrinath, R Ashwin, SB Jakati, VY Mahesh","G Gambhir, BB McCullum, JH Kallis, MK Tiwary, YK Pathan, DB Das, LR Shukla, R Bhatia, SP Narine, B Lee, Iqbal Abdulla",5,2,2,1,3,4,164.6,162.8,142.6,131.6,0.429,0.68,0.615,0.444,159.57,0.25,0.667,0.0
548348,2012-05-01,Barabati Stadium,Deccan Chargers,Pune Warriors,Deccan Chargers,bat,Deccan Chargers,won by 13 runs,186,173,"PA Patel, S Dhawan, CL White, KC Sangakkara, JP Duminy, BB Samantray, Ankit Sharma, A Ashish Reddy, A Mishra, DW Steyn, V Pratap Singh","MK Pandey, MJ Clarke, SC Ganguly, SPD Smith, RV Uthappa, M Manhas, MN Samuels, WD Parnell, M Kartik, B Kumar, A Nehra",2,1,2,1,1,1,151.2,149.2,166.0,169.4,0.444,0.476,0.0,0.2,153.17,0.5,0.667,0.0
548349,2012-05-01,"Sawai Mansingh Stadium, Jaipur",Rajasthan Royals,Delhi Capitals,Rajasthan Royals,bat,Delhi Capitals,won by 6 wickets,141,144,"R Dravid, AM Rahane, SR Watson, OA Shah, BJ Hodge, AL Menaria, SP Goswami, AA Chavan, GB Hogg, A Singh, Pankaj Singh","DPMD Jayawardene, V Sehwag, KP Pietersen, LRPL Taylor, Y Nagar, NV Ojha, IK Pathan, P Negi, M Morkel, S Nadeem, UT Yadav",4,5,1,2,2,4,166.4,164.0,168.2,163.2,0.632,0.5,0.591,0.438,150.6,0.571,0.714,0.0
548350,2012-05-02,"M Chinnaswamy Stadium, Bengaluru",Royal Challengers Bengaluru,Punjab Kings,Punjab Kings,field,Punjab Kings,won by 4 wickets,158,163,"MA Agarwal, CH Gayle, V Kohli, AB de Villiers, AB McDonald, AUK Pathan, SS Tiwary, DL Vettori, R Vinay Kumar, Z Khan, KP Appanna","Mandeep Singh, SE Marsh, N Saini, DJ Hussey, Azhar Mahmood, AM Nayar, P Dogra, PP Chawla, RJ Harris, P Kumar, P Awana",5,4,2,1,3,2,164.0,174.6,155.0,155.2,0.526,0.444,0.5,0.312,150.73,0.526,0.5,0.333
548351,2012-05-03,Subrata Roy Sahara Stadium,Mumbai Indians,Pune Warriors,Mumbai Indians,bat,Mumbai Indians,won by 1 runs,120,119,"RV Uthappa, JD Ryder, MJ Clarke, SC Ganguly, SPD Smith, M Manhas, WD Parnell, B Kumar, M Kartik, A Nehra, AB Dinda","JEC Franklin, SR Tendulkar, RG Sharma, RJ Peterson, KD Karthik, AT Rayudu, NLTC Perera, Harbhajan Singh, SL Malinga, PP Ojha, MM Patel",2,1,2,1,2,1,139.4,146.4,164.2,169.4,0.611,0.438,0.0,0.2,156.38,0.0,0.0,0.5
548352,2012-05-04,"MA Chidambaram Stadium, Chepauk, Chennai",Chennai Super Kings,Deccan Chargers,Chennai Super Kings,bat,Chennai Super Kings,won by 10 runs,160,150,"F du Plessis, M Vijay, SK Raina, MS Dhoni, JA Morkel, RA Jadeja, DJ Bravo, S Badrinath, R Ashwin, SB Jakati, BW Hilfenhaus","PA Patel, S Dhawan, CL White, KC Sangakkara, DT Christian, A Ashish Reddy, AA Jhunjhunwala, Ankit Sharma, A Mishra, DW Steyn, V Pratap Singh",5,4,3,0,2,2,150.8,149.8,149.2,144.4,0.429,0.654,0.444,0.5,158.88,0.25,0.643,0.667
548353,2012-05-05,"Eden Gardens, Kolkata",Kolkata Knight Riders,Pune Warriors,Kolkata Knight Riders,bat,Kolkata Knight Riders,won by 7 runs,150,143,"G Gambhir, BB McCullum, YK Pathan, JH Kallis, DB Das, LR Shukla, MK Tiwary, R Bhatia, SP Narine, M de Lange, Iqbal Abdulla","RV Uthappa, MJ Clarke, MK Pandey, SPD Smith, M Manhas, AD Mathews, SC Ganguly, WD Parnell, B Kumar, M Kartik, AB Dinda",1,0,1,0,4,1,143.2,133.2,157.8,160.6,0.615,0.444,0.0,0.2,138.56,0.778,0.6,0.0
548354,2012-05-05,"Punjab Cricket Association IS Bindra Stadium, Mohali, Chandigarh",Rajasthan Royals,Punjab Kings,Rajasthan Royals,bat,Rajasthan Royals,won by 43 runs,177,134,"SE Marsh, Mandeep Singh, N Saini, DJ Hussey, Azhar Mahmood, Gurkeerat Singh, AM Nayar, PP Chawla, RJ Harris, P Kumar, P Awana","R Dravid, AM Rahane, SR Watson, AL Menaria, BJ Hodge, J Botha, STR Binny, AA Chavan, DH Yagnik, SW Tait, SK Trivedi",5,3,2,1,1,3,155.6,165.6,162.8,161.4,0.632,0.467,0.526,0.312,161.05,0.5,0.333,0.55
548355,2012-05-06,"Wankhede Stadium, Mumbai",Chennai Super Kings,Mumbai Indians,Mumbai Indians,field,Mumbai Indians,won by 2 wickets,173,174,"JEC Franklin, SR Tendulkar, RG Sharma, KD Karthik, AT Rayudu, DR Smith, RJ Peterson, Harbhajan Singh, SL Malinga, RP Singh, MM Patel","M Vijay, F du Plessis, SK Raina, DJ Bravo, MS Dhoni, JA Morkel, RA Jadeja, S Badrinath, R Ashwin, SB Jakati, BW Hilfenhaus",4,5,1,2,3,3,151.8,148.6,145.0,151.6,0.429,0.667,0.611,0.471,142.38,0.5,0.5,0.529
548356,2012-05-06,"M Chinnaswamy Stadium, Bengaluru",Deccan Chargers,Royal Challengers Bengaluru,Royal Challengers Bengaluru,field,Royal Challengers Bengaluru,won by 5 wickets,181,185,"TM Dilshan, CH Gayle, V Kohli, AUK Pathan, AB de Villiers, MA Agarwal, J Syed Mohammad, Z Khan, A Mithun, P Parameswaran, M Muralitharan","DJ Harris, S Dhawan, CL White, KC Sangakkara, PA Patel, PA Reddy, A Ashish Reddy, A Mishra, DW Steyn, Anand Rajan, V Pratap Singh",5,4,2,1,2,3,147.8,144.0,168.4,168.2,0.444,0.5,0.526,0.444,151.12,0.55,0.5,0.48
548357,2012-05-07,"Arun Jaitley Stadium, Delhi",Delhi Capitals,Kolkata Knight Riders,Delhi Capitals,bat,Kolkata Knight Riders,won by 6 wickets,153,154,"DA Warner, V Sehwag, DPMD Jayawardene, LRPL Taylor, IK Pathan, Y Nagar, NV Ojha, M Morkel, S Nadeem, VR Aaron, UT Yadav","BB McCullum, G Gambhir, JH Kallis, MK Tiwary, YK Pathan, DB Das, LR Shukla, R Bhatia, B Lee, PJ Sangwan, SP Narine",4,3,1,2,4,5,164.6,160.0,146.8,135.0,0.591,0.438,0.615,0.474,151.76,0.417,0.48,0.5
548359,2012-05-08,"Rajiv Gandhi International Stadium, Uppal, Hyderabad",Punjab Kings,Deccan Chargers,Deccan Chargers,field,Punjab Kings,won by 25 runs,170,145,"DJ Harris, S Dhawan, PA Patel, CL White, KC Sangakkara, PA Reddy, AA Jhunjhunwala, A Ashish Reddy, J Theron, A Mishra, V Pratap Singh","Mandeep Singh, SE Marsh, N Saini, DJ Hussey, Azhar Mahmood, DA Miller, SD Chitnis, PP Chawla, RR Powar, P Kumar, P Awana",5,3,1,2,3,2,157.0,163.6,158.8,155.6,0.526,0.312,0.444,0.5,163.29,0.556,1.0,0.071
548358,2012-05-08,Subrata Roy Sahara Stadium,Pune Warriors,Rajasthan Royals,Pune Warriors,bat,Rajasthan Royals,won by 7 wickets,125,126,"SC Ganguly, MJ Clarke, RV Uthappa, AP Majumdar, SPD Smith, AD Mathews, M Manhas, WD Parnell, B Kumar, M Kartik, A Nehra","R Dravid, AM Rahane, SR Watson, AL Menaria, OA Shah, AA Chavan, J Botha, STR Binny, DH Yagnik, SW Tait, SK Trivedi",0,1,0,1,0,1,148.0,156.2,151.6,153.2,0.0,0.2,0.632,0.5,149.0,0.0,0.4,0.0
548360,2012-05-09,"Wankhede Stadium, Mumbai",Mumbai Indians,Royal Challengers Bengaluru,Royal Challengers Bengaluru,field,Royal Challengers Bengaluru,won by 9 wickets,141,142,"JEC Franklin, SR Tendulkar, RG Sharma, KD Karthik, AT Rayudu, DR Smith, KA Pollard, Harbhajan Singh, SL Malinga, PP Ojha, RP Singh","TM Dilshan, CH Gayle, V Kohli, AB de Villiers, MA Agarwal, SS Tiwary, J Syed Mohammad, R Vinay Kumar, Z Khan, HV Patel, M Muralitharan",5,4,2,1,4,3,147.2,153.4,168.2,168.0,0.632,0.471,0.55,0.444,143.86,0.533,0.556,0.5
548361,2012-05-10,"Sawai Mansingh Stadium, Jaipur",Rajasthan Royals,Chennai Super Kings,Chennai Super Kings,field,Chennai Super Kings,won by 4 wickets,126,127,"R Dravid, AM Rahane, SR Watson, STR Binny, BJ Hodge, J Botha, AL Menaria, DH Yagnik, SW Tait, SK Trivedi, Pankaj Singh","MEK Hussey, M Vijay, SK Raina, DJ Bravo, MS Dhoni, RA Jadeja, JA Morkel, S Anirudha, R Ashwin, BW Hilfenhaus, VY Mahesh",4,6,0,3,2,2,147.6,148.8,153.6,153.2,0.632,0.5,0.429,0.667,150.23,0.571,0.682,0.5
548329,2012-05-10,"Rajiv Gandhi International Stadium, Uppal, Hyderabad",Deccan Chargers,Delhi Capitals,Deccan Chargers,bat,Delhi Capitals,won by 9 wickets,187,193,"DJ Harris, S Dhawan, KC Sangakkara, CL White, JP Duminy, PA Patel, Ankit Sharma, A Ashish Reddy, A Mishra, MS Gony, TP Sudhindra","V Sehwag, DA Warner, NV Ojha, DPMD Jayawardene, Y Nagar, AD Russell, Y Venugopal Rao, IK Pathan, M Morkel, S Nadeem, VR Aaron",4,6,1,2,1,4,152.4,157.8,160.8,152.4,0.421,0.5,0.591,0.412,162.9,0.5,0.067,1.0
548362,2012-05-11,Subrata Roy Sahara Stadium,Royal Challengers Bengaluru,Pune Warriors,Pune Warriors,field,Royal Challengers Bengaluru,won by 35 runs,173,138,"MD Mishra, MJ Clarke, MK Pandey, RV Uthappa, AP Majumdar, AD Mathews, SPD Smith, B Kumar, AC Thomas, R Sharma, K Upadhyay","CH Gayle, TM Dilshan, V Kohli, SS Tiwary, AB de Villiers, MA Agarwal, R Vinay Kumar, Z Khan, HV Patel, M Muralitharan, KP Appanna",2,0,2,0,3,0,163.4,163.6,143.8,151.8,0.571,0.444,0.0,0.167,145.08,0.0,0.0,0.333
548363,2012-05-12,"Eden Gardens, Kolkata",Mumbai Indians,Kolkata Knight Riders,Mumbai Indians,bat,Mumbai Indians,won by 27 runs,182,155,"MS Bisla, G Gambhir, JH Kallis, MK Tiwary, YK Pathan, DB Das, Shakib Al Hasan, LR Shukla, R Bhatia, B Lee, SP Narine","HH Gibbs, SR Tendulkar, RG Sharma, KD Karthik, AT Rayudu, DR Smith, KA Pollard, Harbhajan Singh, SL Malinga, PP Ojha, MM Patel",7,1,2,1,3,5,141.2,148.2,152.2,140.8,0.632,0.471,0.615,0.474,138.87,0.778,0.667,0.615
548364,2012-05-12,"MA Chidambaram Stadium, Chepauk, Chennai",Delhi Capitals,Chennai Super Kings,Chennai Super Kings,field,Chennai Super Kings,won by 9 wickets,114,115,"MEK Hussey, M Vijay, SK Raina, MS Dhoni, RA Jadeja, S Anirudha, DJ Bravo, JA Morkel, R Ashwin, BW Hilfenhaus, SB Jakati","DA Warner, V Sehwag, NV Ojha, DPMD Jayawardene, Y Venugopal Rao, Y Nagar, IK Pathan, RE van der Merwe, M Morkel, VR Aaron, UT Yadav",4,4,2,1,4,2,169.8,160.6,149.6,149.2,0.591,0.412,0.5,0.667,158.75,0.25,0.667,0.655
548365,2012-05-13,"Sawai Mansingh Stadium, Jaipur",Rajasthan Royals,Pune Warriors,Rajasthan Royals,bat,Rajasthan Royals,won by 45 runs,170,125,"R Dravid, AM Rahane, SR Watson, BJ Hodge, STR Binny, J Botha, SP Goswami, AL Menaria, SW Tait, SK Trivedi, A Chandila","SC Ganguly, JD Ryder, RV Uthappa, AP Majumdar, CJ Ferguson, SPD Smith, AD Mathews, B Kumar, M Kartik, R Sharma, A Nehra",2,0,2,0,2,0,144.2,136.4,139.6,151.0,0.632,0.5,0.0,0.167,149.2,0.6,0.652,0.0
548366,2012-05-13,"Punjab Cricket Association IS Bindra Stadium, Mohali, Chandigarh",Deccan Chargers,Punjab Kings,Deccan Chargers,bat,Punjab Kings,won by 4 wickets,190,194,"N Saini, Mandeep Singh, SE Marsh, Azhar Mahmood, DJ Hussey, SD Chitnis, PP Chawla, Gurkeerat Singh, P Kumar, P Awana, RJ Harris","S Dhawan, PA Patel, KC Sangakkara, CL White, DT Christian, PA Reddy, AA Jhunjhunwala, A Mishra, DW Steyn, MS Gony, TP Sudhindra",3,6,1,2,1,3,169.8,176.2,158.2,160.0,0.421,0.478,0.526,0.312,160.79,0.5,0.0,0.524
548367,2012-05-14,"M Chinnaswamy Stadium, Bengaluru",Royal Challengers Bengaluru,Mumbai Indians,Mumbai Indians,field,Mumbai Indians,won by 5 wickets,171,173,"CH Gayle, TM Dilshan, V Kohli, SS Tiwary, AB de Villiers, MA Agarwal, R Vinay Kumar, Z Khan, HV Patel, M Muralitharan, KP Appanna","HH Gibbs, SR Tendulkar, RG Sharma, KD Karthik, AT Rayudu, DR Smith, KA Pollard, Harbhajan Singh, SL Malinga, RP Singh, MM Patel",5,5,2,1,3,4,160.2,162.6,143.6,137.8,0.571,0.444,0.632,0.5,152.35,0.571,0.5,1.0
548368,2012-05-14,"Eden Gardens, Kolkata",Kolkata Knight Riders,Chennai Super Kings,Chennai Super Kings,field,Chennai Super Kings,won by 5 wickets,158,160,"G Gambhir, BB McCullum, JH Kallis, MK Tiwary, YK Pathan, DB Das, LR Shukla, R Bhatia, SP Narine, L Balaji, M de Lange","MEK Hussey, M Vijay, SK Raina, F du Plessis, MS Dhoni, DJ Bravo, RA Jadeja, S Anirudha, R Ashwin, BW Hilfenhaus, SB Jakati",3,5,2,1,4,3,157.8,152.0,142.8,140.8,0.615,0.474,0.556,0.667,139.96,0.778,0.593,0.667
548369,2012-05-15,"Arun Jaitley Stadium, Delhi",Punjab Kings,Delhi Capitals,Punjab Kings,bat,Delhi Capitals,won by 5 wickets,136,140,"DA Warner, V Sehwag, Y Venugopal Rao, DPMD Jayawardene, LRPL Taylor, NV Ojha, IK Pathan, P Negi, M Morkel, VR Aaron, UT Yadav","Mandeep Singh, SE Marsh, N Saini, DJ Hussey, DA Miller, Azhar Mahmood, Gurkeerat Singh, PP Chawla, P Kumar, P Awana, Harmeet Singh",5,3,2,1,4,3,163.4,163.8,151.2,149.6,0.526,0.312,0.591,0.412,151.83,0.417,0.667,0.462
548370,2012-05-16,"Wankhede Stadium, Mumbai",Kolkata Knight Riders,Mumbai Indians,Mumbai Indians,field,Kolkata Knight Riders,won by 32 runs,140,108,"HH Gibbs, SR Tendulkar, KD Karthik, RG Sharma, AT Rayudu, KA Pollard, DR Smith, Harbhajan Singh, SL Malinga, RP Singh, MM Patel","G Gambhir, BB McCullum, JH Kallis, MK Tiwary, Shakib Al Hasan, YK Pathan, DB Das, R Bhatia, SP Narine, L Balaji, Iqbal Abdulla",1,8,0,3,3,4,151.4,155.4,158.0,152.0,0.615,0.474,0.65,0.5,143.75,0.562,0.0,0.526
548372,2012-05-17,"Arun Jaitley Stadium, Delhi",Royal Challengers Bengaluru,Delhi Capitals,Delhi Capitals,field,Royal Challengers Bengaluru,won by 21 runs,215,194,"UBT Chand, DA Warner, Y Venugopal Rao, DPMD Jayawardene, LRPL Taylor, NV Ojha, AD Russell, IK Pathan, P Negi, UT Yadav, VR Aaron","CH Gayle, TM Dilshan, V Kohli, AB de Villiers, SS Tiwary, MA Agarwal, R Vinay Kumar, Z Khan, HV Patel, P Parameswaran, M Muralitharan",3,5,2,1,3,3,165.8,159.2,148.8,146.6,0.571,0.444,0.591,0.412,151.31,0.417,0.333,0.481
548371,2012-05-17,"Himachal Pradesh Cricket Association Stadium, Dharamsala",Chennai Super Kings,Punjab Kings,Punjab Kings,field,Punjab Kings,won by 6 wickets,120,123,"AC Gilchrist, Mandeep Singh, N Saini, DJ Hussey, SD Chitnis, Azhar Mahmood, Gurkeerat Singh, PP Chawla, RJ Harris, P Kumar, P Awana","M Vijay, MEK Hussey, SK Raina, MS Dhoni, DJ Bravo, RA Jadeja, JA Morkel, S Anirudha, R Ashwin, BW Hilfenhaus, VY Mahesh",6,2,1,2,4,3,147.0,144.4,159.4,162.0,0.6,0.667,0.526,0.294,171.7,0.5,1.0,0.4
548373,2012-05-18,"Rajiv Gandhi International Stadium, Uppal, Hyderabad",Rajasthan Royals,Deccan Chargers,Rajasthan Royals,bat,Deccan Chargers,won by 5 wickets,126,128,"PA Reddy, S Dhawan, JP Duminy, CL White, CA Lynn, PA Patel, A Ashish Reddy, A Mishra, DW Steyn, MS Gony, V Pratap Singh","R Dravid, AM Rahane, SR Watson, STR Binny, OA Shah, AL Menaria, J Botha, SP Goswami, A Chandila, SW Tait, SK Trivedi",7,1,3,0,3,0,148.0,131.0,170.6,180.4,0.632,0.529,0.421,0.458,164.59,0.5,1.0,0.062
548374,2012-05-19,"Himachal Pradesh Cricket Association Stadium, Dharamsala",Punjab Kings,Delhi Capitals,Delhi Capitals,field,Delhi Capitals,won by 6 wickets,141,145,"AC Gilchrist, Mandeep Singh, PC Valthaty, DJ Hussey, SD Chitnis, Azhar Mahmood, Gurkeerat Singh, PP Chawla, RJ Harris, P Kumar, P Awana","UBT Chand, DA Warner, Y Venugopal Rao, IK Pathan, DPMD Jayawardene, NV Ojha, AD Russell, P Negi, VR Aaron, M Morkel, UT Yadav",5,4,1,2,3,2,151.4,154.4,158.8,161.4,0.55,0.294,0.565,0.412,163.33,0.6,0.5,0.0
548375,2012-05-19,Subrata Roy Sahara Stadium,Kolkata Knight Riders,Pune Warriors,Kolkata Knight Riders,bat,Kolkata Knight Riders,won by 34 runs,136,102,"RV Uthappa, JD Ryder, MJ Clarke, SC Ganguly, AP Majumdar, CJ Ferguson, Harpreet Singh, WD Parnell, B Kumar, AG Murtaza, A Nehra","BB McCullum, G Gambhir, JH Kallis, Shakib Al Hasan, MK Tiwary, YK Pathan, DB Das, R Bhatia, Iqbal Abdulla, SP Narine, L Balaji",2,0,2,0,3,0,151.4,149.2,130.0,147.8,0.615,0.474,0.0,0.167,146.57,0.0,0.0,0.286
548377,2012-05-20,"Sawai Mansingh Stadium, Jaipur",Rajasthan Royals,Mumbai Indians,Rajasthan Royals,bat,Mumbai Indians,won by 10 wickets,162,163,"R Dravid, AM Rahane, SR Watson, STR Binny, OA Shah, AL Menaria, DH Yagnik, GB Hogg, SW Tait, SK Trivedi, A Chandila","SR Tendulkar, DR Smith, RG Sharma, KD Karthik, JEC Franklin, AT Rayudu, KA Pollard, Harbhajan Singh, SL Malinga, RP Singh, DS Kulkarni",4,4,2,1,3,3,145.0,127.8,155.6,156.2,0.632,0.5,0.619,0.5,149.12,0.6,0.667,0.333
548376,2012-05-20,"Rajiv Gandhi International Stadium, Uppal, Hyderabad",Deccan Chargers,Royal Challengers Bengaluru,Royal Challengers Bengaluru,field,Deccan Chargers,won by 9 runs,132,123,"S Dhawan, PA Reddy, KC Sangakkara, CL White, JP Duminy, PA Patel, A Ashish Reddy, DW Steyn, A Mishra, MS Gony, V Pratap Singh","CH Gayle, TM Dilshan, V Kohli, SS Tiwary, AB de Villiers, MA Agarwal, Z Khan, R Vinay Kumar, HV Patel, M Muralitharan, P Parameswaran",5,5,1,2,1,4,166.2,173.6,177.2,165.4,0.421,0.458,0.571,0.444,162.38,0.5,0.118,0.5
548378,2012-05-22,Subrata Roy Sahara Stadium,Kolkata Knight Riders,Delhi Capitals,Kolkata Knight Riders,bat,Kolkata Knight Riders,won by 18 runs,162,144,"DA Warner, V Sehwag, NV Ojha, DPMD Jayawardene, Y Venugopal Rao, P Negi, LRPL Taylor, IK Pathan, M Morkel, UT Yadav, VR Aaron","BB McCullum, G Gambhir, JH Kallis, Shakib Al Hasan, YK Pathan, LR Shukla, DB Das, R Bhatia, Iqbal Abdulla, SP Narine, L Balaji",4,4,2,1,3,3,148.6,141.0,157.2,158.8,0.615,0.5,0.583,0.412,143.12,0.0,1.0,1.0
548379,2012-05-23,"M Chinnaswamy Stadium, Bengaluru",Chennai Super Kings,Mumbai Indians,Mumbai Indians,field,Chennai Super Kings,won by 38 runs,187,149,"M Vijay, MEK Hussey, SK Raina, S Badrinath, MS Dhoni, RA Jadeja, DJ Bravo, JA Morkel, R Ashwin, BW Hilfenhaus, SB Jakati","SR Tendulkar, DR Smith, RG Sharma, KD Karthik, JEC Franklin, AT Rayudu, KA Pollard, Harbhajan Singh, SL Malinga, DS Kulkarni, RP Singh",4,6,0,3,3,3,139.0,139.0,153.4,154.0,0.6,0.667,0.619,0.5,153.07,0.591,0.333,1.0
548380,2012-05-25,"MA Chidambaram Stadium, Chepauk, Chennai",Chennai Super Kings,Delhi Capitals,Delhi Capitals,field,Chennai Super Kings,won by 86 runs,222,136,"DPMD Jayawardene, DA Warner, V Sehwag, LRPL Taylor, AD Russell, NV Ojha, Y Venugopal Rao, P Negi, Sunny Gupta, UT Yadav, VR Aaron","M Vijay, MEK Hussey, SK Raina, MS Dhoni, JA Morkel, DJ Bravo, RA Jadeja, R Ashwin, BW Hilfenhaus, SB Jakati, S Badrinath",5,4,2,1,4,2,141.8,134.0,147.4,153.8,0.6,0.667,0.583,0.412,157.32,0.333,0.667,0.5
548381,2012-05-27,"MA Chidambaram Stadium, Chepauk, Chennai",Chennai Super Kings,Kolkata Knight Riders,Chennai Super Kings,bat,Kolkata Knight Riders,won by 5 wickets,190,192,"MS Bisla, G Gambhir, JH Kallis, LR Shukla, YK Pathan, Shakib Al Hasan, MK Tiwary, R Bhatia, Iqbal Abdulla, SP Narine, B Lee","MEK Hussey, M Vijay, SK Raina, MS Dhoni, DJ Bravo, RA Jadeja, JA Morkel, R Ashwin, BW Hilfenhaus, SB Jakati, S Badrinath",6,3,1,2,4,3,160.8,136.0,150.2,139.2,0.6,0.667,0.615,0.524,158.0,0.3,0.677,0.25
597998,2013-04-03,"Eden Gardens, Kolkata",Delhi Capitals,Kolkata Knight Riders,Kolkata Knight Riders,field,Kolkata Knight Riders,won by 6 wickets,128,129,"MS Bisla, G Gambhir, JH Kallis, MK Tiwary, EJG Morgan, YK Pathan, LR Shukla, R Bhatia, B Lee, SP Narine, L Balaji","UBT Chand, DA Warner, DPMD Jayawardene, MC Juneja, NV Ojha, J Botha, IK Pathan, AD Russell, S Nadeem, A Nehra, UT Yadav",4,5,1,2,2,4,151.8,175.2,157.6,140.8,0.56,0.412,0.615,0.524,140.64,0.8,0.333,0.571
597999,2013-04-04,"M Chinnaswamy Stadium, Bengaluru",Royal Challengers Bengaluru,Mumbai Indians,Mumbai Indians,field,Royal Challengers Bengaluru,won by 2 runs,156,154,"CH Gayle, TM Dilshan, V Kohli, MA Agarwal, DT Christian, KK Nair, KB Arun Karthik, R Vinay Kumar, M Kartik, JD Unadkat, M Muralitharan","RT Ponting, SR Tendulkar, KD Karthik, RG Sharma, AT Rayudu, KA Pollard, Harbhajan Singh, JJ Bumrah, MG Johnson, JDP Oram, MM Patel",5,6,2,1,3,3,164.8,155.6,155.0,163.0,0.545,0.444,0.591,0.5,153.61,0.565,0.481,0.8
598000,2013-04-05,"Rajiv Gandhi International Stadium, Uppal, Hyderabad",Sunrisers Hyderabad,Pune Warriors,Pune Warriors,field,Sunrisers Hyderabad,won by 22 runs,126,104,"PA Reddy, PA Patel, KC Sangakkara, CL White, NLTC Perera, GH Vihari, A Ashish Reddy, DB Ravi Teja, A Mishra, DW Steyn, I Sharma","RV Uthappa, MK Pandey, MN Samuels, Yuvraj Singh, LRPL Taylor, AM Nayar, AD Mathews, MR Marsh, B Kumar, R Sharma, AB Dinda",0,0,0,0,0,0,0.0,0.0,126.6,151.0,0.0,0.0,0.0,0.167,160.44,0.455,0.0,1.0
598001,2013-04-06,"Arun Jaitley Stadium, Delhi",Rajasthan Royals,Delhi Capitals,Rajasthan Royals,bat,Rajasthan Royals,won by 5 runs,165,160,"DA Warner, UBT Chand, DPMD Jayawardene, MC Juneja, AD Russell, J Botha, IK Pathan, NV Ojha, A Nehra, S Nadeem, UT Yadav","MDKJ Perera, AM Rahane, R Dravid, STR Binny, BJ Hodge, KK Cooper, AL Menaria, S Sreesanth, R Shukla, SK Trivedi, S Badree",4,6,1,2,2,1,142.0,133.6,149.4,173.8,0.632,0.474,0.56,0.412,153.21,0.385,0.0,0.464
598002,2013-04-06,"MA Chidambaram Stadium, Chepauk, Chennai",Mumbai Indians,Chennai Super Kings,Mumbai Indians,bat,Mumbai Indians,won by 9 runs,148,139,"MEK Hussey, M Vijay, SK Raina, DJ Bravo, S Badrinath, MS Dhoni, RA Jadeja, R Ashwin, B Laughlin, AS Rajpoot, DP Nannes","RT Ponting, SR Tendulkar, KD Karthik, RG Sharma, AT Rayudu, KA Pollard, DR Smith, Harbhajan Singh, MG Johnson, MM Patel, PP Ojha",6,5,2,1,2,3,149.4,163.2,175.8,151.6,0.565,0.5,0.6,0.643,159.0,0.3,0.25,0.656
598003,2013-04-07,Subrata Roy Sahara Stadium,Pune Warriors,Punjab Kings,Pune Warriors,bat,Punjab Kings,won by 8 wickets,99,100,"RV Uthappa, MK Pandey, TL Suman, MN Samuels, LRPL Taylor, AD Mathews, AM Nayar, MR Marsh, B Kumar, R Sharma, AB Dinda","AC Gilchrist, Mandeep Singh, M Vohra, DJ Hussey, Azhar Mahmood, Gurkeerat Singh, R Sathish, PP Chawla, P Awana, P Kumar, RJ Harris",3,1,2,1,0,3,118.8,146.2,152.8,148.0,0.0,0.167,0.55,0.294,144.22,0.0,0.25,0.0
598004,2013-04-07,"Rajiv Gandhi International Stadium, Uppal, Hyderabad",Royal Challengers Bengaluru,Sunrisers Hyderabad,Royal Challengers Bengaluru,bat,,,130,130,"PA Reddy, PA Patel, CL White, GH Vihari, KC Sangakkara, NLTC Perera, A Mishra, A Ashish Reddy, DW Steyn, Ankit Sharma, I Sharma","CH Gayle, TM Dilshan, V Kohli, KK Nair, MC Henriques, MA Agarwal, KB Arun Karthik, R Vinay Kumar, M Kartik, JD Unadkat, M Muralitharan",0,0,0,0,3,1,167.6,158.2,126.0,104.0,0.545,0.444,0.0,0.0,158.05,0.417,0.333,1.0
598005,2013-04-08,"Sawai Mansingh Stadium, Jaipur",Rajasthan Royals,Kolkata Knight Riders,Kolkata Knight Riders,field,Rajasthan Royals,won by 19 runs,144,125,"SR Watson, AM Rahane, R Dravid, STR Binny, BJ Hodge, KK Cooper, DH Yagnik, S Sreesanth, SK Trivedi, SW Tait, R Shukla","MS Bisla, G Gambhir, JH Kallis, MK Tiwary, EJG Morgan, YK Pathan, LR Shukla, R Bhatia, B Lee, Mohammed Shami, SP Narine",4,5,1,2,2,5,149.8,140.6,151.8,134.4,0.632,0.5,0.643,0.524,149.66,0.6,0.64,0.333
598048,2013-04-09,"M Chinnaswamy Stadium, Bengaluru",Sunrisers Hyderabad,Royal Challengers Bengaluru,Sunrisers Hyderabad,bat,Royal Challengers Bengaluru,won by 7 wickets,161,162,"MA Agarwal, CH Gayle, V Kohli, AB de Villiers, MC Henriques, KB Arun Karthik, R Vinay Kumar, M Kartik, JD Unadkat, RP Singh, M Muralitharan","PA Reddy, PA Patel, KC Sangakkara, CL White, NLTC Perera, A Ashish Reddy, GH Vihari, BB Samantray, A Mishra, DW Steyn, I Sharma",0,0,0,0,1,2,128.0,117.0,159.0,156.6,0.0,0.0,0.545,0.4,153.66,0.542,0.0,0.5
598006,2013-04-09,"Wankhede Stadium, Mumbai",Mumbai Indians,Delhi Capitals,Mumbai Indians,bat,Mumbai Indians,won by 44 runs,209,165,"RT Ponting, SR Tendulkar, KD Karthik, RG Sharma, KA Pollard, AT Rayudu, Harbhajan Singh, R Dhawan, MG Johnson, PP Ojha, SL Malinga","UBT Chand, DA Warner, DPMD Jayawardene, MC Juneja, BMAJ Mendis, IK Pathan, KM Jadhav, S Nadeem, M Morkel, A Nehra, UT Yadav",5,5,1,2,2,1,144.4,156.8,142.6,163.8,0.565,0.526,0.56,0.412,142.89,0.529,0.5,0.333
598007,2013-04-10,"Punjab Cricket Association IS Bindra Stadium, Mohali, Chandigarh",Punjab Kings,Chennai Super Kings,Chennai Super Kings,field,Chennai Super Kings,won by 10 wickets,138,139,"Mandeep Singh, AC Gilchrist, M Vohra, DJ Hussey, Gurkeerat Singh, Azhar Mahmood, R Sathish, PP Chawla, RJ Harris, P Kumar, P Awana","M Vijay, MEK Hussey, SK Raina, S Badrinath, MS Dhoni, RA Jadeja, DJ Bravo, R Ashwin, DP Nannes, CH Morris, AS Rajpoot",3,6,3,0,3,2,138.8,138.8,171.6,149.6,0.55,0.294,0.6,0.643,162.2,0.5,0.545,0.5
598008,2013-04-11,"M Chinnaswamy Stadium, Bengaluru",Kolkata Knight Riders,Royal Challengers Bengaluru,Royal Challengers Bengaluru,field,Royal Challengers Bengaluru,won by 8 wickets,154,158,"CH Gayle, MA Agarwal, V Kohli, AB de Villiers, MC Henriques, KB Arun Karthik, KL Rahul, R Vinay Kumar, RP Singh, JD Unadkat, M Muralitharan","MS Bisla, G Gambhir, JH Kallis, YK Pathan, MK Tiwary, EJG Morgan, R Bhatia, R McLaren, PJ Sangwan, SP Narine, L Balaji",5,5,2,1,4,3,148.8,141.6,157.2,154.2,0.6,0.524,0.545,0.4,153.92,0.542,0.5,0.517
598009,2013-04-11,Subrata Roy Sahara Stadium,Rajasthan Royals,Pune Warriors,Rajasthan Royals,bat,Pune Warriors,won by 7 wickets,145,148,"RV Uthappa, AJ Finch, LRPL Taylor, Yuvraj Singh, AD Mathews, TL Suman, AM Nayar, MR Marsh, B Kumar, R Sharma, AB Dinda","MDKJ Perera, AM Rahane, R Dravid, STR Binny, BJ Hodge, DH Yagnik, JP Faulkner, KK Cooper, S Sreesanth, Harmeet Singh (2), SK Trivedi",3,0,3,0,3,0,153.4,140.2,113.6,141.0,0.632,0.5,0.0,0.143,139.75,0.0,1.0,0.222
598010,2013-04-12,"Arun Jaitley Stadium, Delhi",Delhi Capitals,Sunrisers Hyderabad,Delhi Capitals,bat,Sunrisers Hyderabad,won by 3 wickets,114,115,"DA Warner, V Sehwag, DPMD Jayawardene, MC Juneja, J Botha, IK Pathan, KM Jadhav, M Morkel, S Nadeem, UT Yadav, S Kaul","PA Reddy, PA Patel, KC Sangakkara, GH Vihari, CL White, NLTC Perera, A Ashish Reddy, A Mishra, DW Steyn, I Sharma, Anand Rajan",0,0,0,0,0,1,146.6,177.4,139.0,132.0,0.56,0.412,0.0,0.0,153.53,0.385,0.448,0.0
598012,2013-04-13,"MA Chidambaram Stadium, Chepauk, Chennai",Royal Challengers Bengaluru,Chennai Super Kings,Chennai Super Kings,field,Chennai Super Kings,won by 4 wickets,165,166,"MEK Hussey, M Vijay, SK Raina, S Badrinath, MS Dhoni, RA Jadeja, DJ Bravo, CH Morris, R Ashwin, DP Nannes, MM Sharma","CH Gayle, MA Agarwal, V Kohli, AB de Villiers, DT Christian, R Rampaul, KB Arun Karthik, J Syed Mohammad, R Vinay Kumar, M Kartik, RP Singh",5,7,0,3,3,3,145.8,146.2,175.4,152.6,0.565,0.4,0.636,0.643,158.54,0.3,0.333,0.636
598011,2013-04-13,"Wankhede Stadium, Mumbai",Mumbai Indians,Pune Warriors,Mumbai Indians,bat,Mumbai Indians,won by 41 runs,183,142,"RT Ponting, SR Tendulkar, KD Karthik, RG Sharma, KA Pollard, AT Rayudu, Harbhajan Singh, R Dhawan, MG Johnson, PP Ojha, SL Malinga","AJ Finch, RV Uthappa, LRPL Taylor, Yuvraj Singh, TL Suman, AD Mathews, MR Marsh, AM Nayar, B Kumar, R Sharma, AB Dinda",3,1,2,1,3,1,164.6,161.8,115.6,135.4,0.565,0.55,0.0,0.143,144.73,0.529,0.524,0.5
598013,2013-04-14,"Eden Gardens, Kolkata",Kolkata Knight Riders,Sunrisers Hyderabad,Kolkata Knight Riders,bat,Kolkata Knight Riders,won by 48 runs,180,132,"MS Bisla, G Gambhir, JH Kallis, EJG Morgan, YK Pathan, MK Tiwary, R Bhatia, LR Shukla, SMSM Senanayake, SP Narine, L Balaji","PA Patel, CL White, KC Sangakkara, DB Ravi Teja, NLTC Perera, A Ashish Reddy, KV Sharma, GH Vihari, A Mishra, DW Steyn, I Sharma",0,0,0,0,3,2,152.4,152.8,133.0,127.5,0.6,0.524,0.0,0.0,140.22,0.818,0.586,0.0
598014,2013-04-14,"Sawai Mansingh Stadium, Jaipur",Punjab Kings,Rajasthan Royals,Rajasthan Royals,field,Rajasthan Royals,won by 6 wickets,124,126,"SR Watson, AM Rahane, R Dravid, STR Binny, BJ Hodge, SV Samson, JP Faulkner, KK Cooper, SK Trivedi, A Chandila, S Sreesanth","Mandeep Singh, AC Gilchrist, M Vohra, DJ Hussey, Gurkeerat Singh, R Sathish, Azhar Mahmood, PP Chawla, RJ Harris, P Kumar, P Awana",3,6,1,2,2,2,127.6,128.6,148.4,144.8,0.55,0.294,0.632,0.476,149.08,0.562,0.0,0.654
598015,2013-04-15,"MA Chidambaram Stadium, Chepauk, Chennai",Pune Warriors,Chennai Super Kings,Pune Warriors,bat,Pune Warriors,won by 24 runs,159,135,"S Anirudha, M Vijay, SK Raina, S Badrinath, RA Jadeja, MS Dhoni, DJ Bravo, JA Morkel, CH Morris, R Ashwin, DP Nannes","RV Uthappa, AJ Finch, LRPL Taylor, SPD Smith, MR Marsh, MK Pandey, AM Nayar, TL Suman, B Kumar, R Sharma, AB Dinda",1,3,1,2,1,3,119.0,138.0,171.2,155.8,0.0,0.143,0.667,0.643,158.74,0.364,0.0,0.647
598016,2013-04-16,"Punjab Cricket Association IS Bindra Stadium, Mohali, Chandigarh",Punjab Kings,Kolkata Knight Riders,Kolkata Knight Riders,field,Punjab Kings,won by 4 runs,157,153,"AC Gilchrist, Mandeep Singh, M Vohra, DJ Hussey, DA Miller, Azhar Mahmood, Gurkeerat Singh, MS Gony, PP Chawla, P Kumar, P Awana","MS Bisla, G Gambhir, JH Kallis, EJG Morgan, MK Tiwary, YK Pathan, DB Das, R Bhatia, SMSM Senanayake, SP Narine, L Balaji",4,5,1,2,2,3,125.2,125.8,156.0,150.4,0.55,0.294,0.6,0.545,161.17,0.545,0.522,0.667
598017,2013-04-16,"M Chinnaswamy Stadium, Bengaluru",Delhi Capitals,Royal Challengers Bengaluru,Royal Challengers Bengaluru,field,,,152,152,"CH Gayle, KL Rahul, V Kohli, AB de Villiers, AB McDonald, KB Arun Karthik, J Syed Mohammad, R Vinay Kumar, R Rampaul, RP Singh, JD Unadkat","DA Warner, V Sehwag, MC Juneja, DPMD Jayawardene, BJ Rohrer, KM Jadhav, IK Pathan, M Morkel, S Nadeem, A Nehra, UT Yadav",5,4,0,3,0,3,140.6,168.0,154.2,153.0,0.56,0.389,0.565,0.4,153.98,0.56,0.667,0.533
598018,2013-04-17,"Maharashtra Cricket Association Stadium, Pune",Sunrisers Hyderabad,Pune Warriors,Pune Warriors,field,Sunrisers Hyderabad,won by 11 runs,119,108,"RV Uthappa, AJ Finch, TL Suman, SPD Smith, AD Mathews, MR Marsh, AM Nayar, MK Pandey, B Kumar, R Sharma, AB Dinda","PA Patel, Q de Kock, GH Vihari, CL White, BB Samantray, KV Sharma, NLTC Perera, A Mishra, A Ashish Reddy, DW Steyn, I Sharma",1,0,1,0,2,2,132.8,138.0,130.4,137.8,0.0,0.0,0.0,0.25,0.0,0.0,0.0,0.0
598019,2013-04-17,"Sawai Mansingh Stadium, Jaipur",Rajasthan Royals,Mumbai Indians,Rajasthan Royals,bat,Rajasthan Royals,won by 87 runs,179,92,"SR Watson, AM Rahane, DH Yagnik, STR Binny, BJ Hodge, R Dravid, JP Faulkner, KK Cooper, AA Chavan, A Chandila, SK Trivedi","SR Tendulkar, RT Ponting, KD Karthik, RG Sharma, KA Pollard, AT Rayudu, R Dhawan, Harbhajan Singh, MG Johnson, SL Malinga, PP Ojha",4,5,1,2,3,3,148.4,144.0,168.6,157.8,0.65,0.476,0.565,0.571,148.19,0.588,0.667,0.5
598020,2013-04-18,"Arun Jaitley Stadium, Delhi",Chennai Super Kings,Delhi Capitals,Chennai Super Kings,bat,Chennai Super Kings,won by 86 runs,169,83,"DA Warner, V Sehwag, MC Juneja, DPMD Jayawardene, BMAJ Mendis, KM Jadhav, IK Pathan, AB Agarkar, M Morkel, S Nadeem, UT Yadav","MEK Hussey, M Vijay, SK Raina, MS Dhoni, DJ Bravo, S Badrinath, RA Jadeja, JA Morkel, CH Morris, R Ashwin, MM Sharma",6,4,2,1,2,0,153.8,160.4,143.8,154.0,0.667,0.643,0.56,0.389,152.23,0.385,0.667,0.433
598021,2013-04-19,"Rajiv Gandhi International Stadium, Uppal, Hyderabad",Punjab Kings,Sunrisers Hyderabad,Punjab Kings,bat,Sunrisers Hyderabad,won by 5 wickets,123,127,"Q de Kock, PA Reddy, GH Vihari, CL White, BB Samantray, NLTC Perera, A Ashish Reddy, KV Sharma, A Mishra, DW Steyn, I Sharma","Mandeep Singh, AC Gilchrist, PC Valthaty, DJ Hussey, PP Chawla, Gurkeerat Singh, Azhar Mahmood, MS Gony, M Vohra, AD Mascarenhas, P Kumar",0,0,0,0,2,2,132.0,132.4,131.4,138.8,0.55,0.294,0.0,0.0,156.65,0.417,1.0,0.5
598022,2013-04-20,"Eden Gardens, Kolkata",Kolkata Knight Riders,Chennai Super Kings,Kolkata Knight Riders,bat,Chennai Super Kings,won by 4 wickets,119,124,"G Gambhir, YK Pathan, JH Kallis, EJG Morgan, MK Tiwary, DB Das, R Bhatia, LR Shukla, SMSM Senanayake, SP Narine, L Balaji","MEK Hussey, R Ashwin, M Vijay, SK Raina, MS Dhoni, S Badrinath, RA Jadeja, DJ Bravo, JA Morkel, CH Morris, MM Sharma",4,6,2,1,2,3,148.2,143.8,149.6,138.6,0.562,0.545,0.667,0.655,140.75,0.818,0.6,0.75
598023,2013-04-20,"M Chinnaswamy Stadium, Bengaluru",Rajasthan Royals,Royal Challengers Bengaluru,Royal Challengers Bengaluru,field,Royal Challengers Bengaluru,won by 7 wickets,117,123,"TM Dilshan, CH Gayle, V Kohli, AB de Villiers, SS Tiwary, KB Arun Karthik, R Rampaul, R Vinay Kumar, M Kartik, RP Singh, JD Unadkat","SR Watson, AM Rahane, R Dravid, STR Binny, BJ Hodge, DH Yagnik, JP Faulkner, A Chandila, S Sreesanth, SW Tait, SK Trivedi",4,5,1,2,4,2,151.8,129.8,153.4,152.6,0.65,0.5,0.542,0.4,153.92,0.538,0.667,0.516
598024,2013-04-21,"Arun Jaitley Stadium, Delhi",Mumbai Indians,Delhi Capitals,Mumbai Indians,bat,Delhi Capitals,won by 9 wickets,161,165,"DPMD Jayawardene, V Sehwag, DA Warner, Y Venugopal Rao, KM Jadhav, RE van der Merwe, IK Pathan, AD Russell, AB Agarkar, S Nadeem, UT Yadav","DR Smith, SR Tendulkar, KD Karthik, RG Sharma, KA Pollard, AT Rayudu, RT Ponting, Harbhajan Singh, JJ Bumrah, MM Patel, SL Malinga",6,5,1,2,3,0,157.2,156.2,134.8,162.0,0.565,0.571,0.56,0.389,151.39,0.385,0.5,0.419
598025,2013-04-21,"Punjab Cricket Association IS Bindra Stadium, Mohali, Chandigarh",Pune Warriors,Punjab Kings,Punjab Kings,field,Punjab Kings,won by 7 wickets,185,186,"AC Gilchrist, Mandeep Singh, Azhar Mahmood, M Vohra, DA Miller, DJ Hussey, Gurkeerat Singh, PP Chawla, MS Gony, P Kumar, P Awana","RV Uthappa, AJ Finch, Yuvraj Singh, SPD Smith, LJ Wright, AM Nayar, M Manhas, B Kumar, R Sharma, AB Dinda, BAW Mendis",3,2,1,2,2,2,131.2,136.4,128.4,128.8,0.0,0.25,0.55,0.278,160.92,0.5,0.5,0.542
598026,2013-04-22,"MA Chidambaram Stadium, Chepauk, Chennai",Rajasthan Royals,Chennai Super Kings,Rajasthan Royals,bat,Chennai Super Kings,won by 5 wickets,185,186,"M Vijay, MEK Hussey, SK Raina, MS Dhoni, RA Jadeja, DJ Bravo, CH Morris, S Badrinath, R Ashwin, JO Holder, MM Sharma","SR Watson, AM Rahane, DH Yagnik, R Dravid, STR Binny, BJ Hodge, JP Faulkner, KK Cooper, R Shukla, A Chandila, SK Trivedi",4,7,0,3,3,4,142.2,122.4,146.6,132.8,0.65,0.5,0.667,0.655,158.42,0.364,0.25,0.629
598059,2013-04-23,"Arun Jaitley Stadium, Delhi",Delhi Capitals,Punjab Kings,Punjab Kings,field,Punjab Kings,won by 5 wickets,120,121,"DPMD Jayawardene, V Sehwag, RE van der Merwe, DA Warner, MC Juneja, KM Jadhav, J Botha, IK Pathan, AB Agarkar, A Nehra, UT Yadav","AC Gilchrist, Mandeep Singh, LA Pomersbach, DA Miller, M Vohra, DJ Hussey, PP Chawla, P Kumar, Harmeet Singh, BA Bhatt, P Awana",5,5,2,1,1,2,135.8,161.2,145.6,146.0,0.56,0.389,0.571,0.278,151.75,0.385,0.438,0.5
598027,2013-04-23,"M Chinnaswamy Stadium, Bengaluru",Royal Challengers Bengaluru,Pune Warriors,Pune Warriors,field,Royal Challengers Bengaluru,won by 130 runs,263,133,"CH Gayle, TM Dilshan, V Kohli, AB de Villiers, SS Tiwary, R Rampaul, KB Arun Karthik, R Vinay Kumar, M Kartik, RP Singh, JD Unadkat","RV Uthappa, AJ Finch, Yuvraj Singh, LJ Wright, SPD Smith, MR Marsh, M Manhas, B Kumar, AG Murtaza, IC Pandey, AB Dinda",3,0,3,0,3,2,152.0,150.0,148.4,153.6,0.56,0.4,0.0,0.25,152.89,0.556,0.531,0.0
598029,2013-04-24,"Eden Gardens, Kolkata",Kolkata Knight Riders,Mumbai Indians,Kolkata Knight Riders,bat,Mumbai Indians,won by 5 wickets,159,162,"YK Pathan, G Gambhir, JH Kallis, MK Tiwary, EJG Morgan, DB Das, R Bhatia, Iqbal Abdulla, SMSM Senanayake, SP Narine, L Balaji","DR Smith, SR Tendulkar, KD Karthik, RG Sharma, KA Pollard, AT Rayudu, Harbhajan Singh, MG Johnson, YS Chahal, PP Ojha, SL Malinga",2,8,1,2,1,3,146.2,143.0,158.6,158.0,0.562,0.522,0.565,0.545,140.13,0.818,0.581,0.75
598030,2013-04-25,"MA Chidambaram Stadium, Chepauk, Chennai",Sunrisers Hyderabad,Chennai Super Kings,Sunrisers Hyderabad,bat,Chennai Super Kings,won by 5 wickets,159,160,"MEK Hussey, M Vijay, SK Raina, MS Dhoni, DJ Bravo, RA Jadeja, CH Morris, S Badrinath, R Ashwin, JO Holder, MM Sharma","Q de Kock, S Dhawan, GH Vihari, CL White, A Mishra, X Thalaivan Sargunam, DJG Sammy, A Ashish Reddy, KV Sharma, DW Steyn, I Sharma",0,0,0,0,3,4,130.8,137.4,156.0,142.2,0.0,0.0,0.667,0.655,159.15,0.364,0.0,0.639
598031,2013-04-26,"Eden Gardens, Kolkata",Punjab Kings,Kolkata Knight Riders,Punjab Kings,bat,Kolkata Knight Riders,won by 6 wickets,149,150,"MS Bisla, G Gambhir, YK Pathan, JH Kallis, EJG Morgan, SMSM Senanayake, DB Das, R Bhatia, SP Narine, S Ladda, L Balaji","AC Gilchrist, Mandeep Singh, M Vohra, DJ Hussey, DA Miller, Gurkeerat Singh, Azhar Mahmood, PP Chawla, P Kumar, Harmeet Singh, BA Bhatt",5,5,2,1,3,1,142.2,142.2,153.0,146.6,0.591,0.278,0.562,0.5,140.77,0.818,0.5,0.562
598032,2013-04-27,"Sawai Mansingh Stadium, Jaipur",Sunrisers Hyderabad,Rajasthan Royals,Sunrisers Hyderabad,bat,Rajasthan Royals,won by 8 wickets,144,146,"R Dravid, AM Rahane, SR Watson, STR Binny, BJ Hodge, DH Yagnik, Sachin Baby, JP Faulkner, KK Cooper, A Chandila, SK Trivedi","PA Reddy, S Dhawan, KC Sangakkara, GH Vihari, KV Sharma, NLTC Perera, DJG Sammy, A Mishra, A Ashish Reddy, DW Steyn, I Sharma",0,0,0,0,3,2,130.4,137.0,150.4,134.6,0.0,0.0,0.65,0.478,147.73,0.588,0.0,0.679
598033,2013-04-27,"Wankhede Stadium, Mumbai",Mumbai Indians,Royal Challengers Bengaluru,Mumbai Indians,bat,Mumbai Indians,won by 58 runs,194,136,"DR Smith, SR Tendulkar, KD Karthik, RG Sharma, KA Pollard, AT Rayudu, Harbhajan Singh, MG Johnson, SL Malinga, DS Kulkarni, PP Ojha","CH Gayle, TM Dilshan, V Kohli, AB de Villiers, SS Tiwary, KB Arun Karthik, J Syed Mohammad, R Rampaul, R Vinay Kumar, RP Singh, JD Unadkat",6,6,1,2,3,3,161.4,162.0,172.2,144.4,0.565,0.545,0.56,0.4,145.44,0.529,0.545,0.667
598034,2013-04-28,"MA Chidambaram Stadium, Chepauk, Chennai",Chennai Super Kings,Kolkata Knight Riders,Kolkata Knight Riders,field,Chennai Super Kings,won by 14 runs,200,186,"WP Saha, MEK Hussey, SK Raina, MS Dhoni, RA Jadeja, S Badrinath, DJ Bravo, CH Morris, R Ashwin, DP Nannes, MM Sharma","MS Bisla, G Gambhir, BB McCullum, JH Kallis, EJG Morgan, YK Pathan, DB Das, R Bhatia, SP Narine, Mohammed Shami, L Balaji",7,4,2,1,4,2,154.8,141.0,152.2,144.8,0.667,0.655,0.562,0.5,159.16,0.364,0.649,0.4
598035,2013-04-28,Shaheed Veer Narayan Singh International Stadium,Delhi Capitals,Pune Warriors,Pune Warriors,field,Delhi Capitals,won by 15 runs,164,149,"DPMD Jayawardene, V Sehwag, UBT Chand, DA Warner, BJ Rohrer, KM Jadhav, IK Pathan, S Nadeem, M Morkel, A Nehra, UT Yadav","RV Uthappa, AJ Finch, Yuvraj Singh, LJ Wright, SPD Smith, M Manhas, AM Nayar, B Kumar, AB Dinda, R Sharma, KW Richardson",2,1,2,1,1,1,126.8,143.6,145.4,177.2,0.56,0.389,0.0,0.25,0.0,0.0,0.0,0.0
598036,2013-04-29,"Sawai Mansingh Stadium, Jaipur",Royal Challengers Bengaluru,Rajasthan Royals,Rajasthan Royals,field,Rajasthan Royals,won by 4 wickets,171,173,"R Dravid, AM Rahane, SV Samson, SR Watson, BJ Hodge, STR Binny, OA Shah, JP Faulkner, A Chandila, SK Trivedi, S Sreesanth","A Mukund, CH Gayle, V Kohli, AB de Villiers, MC Henriques, SS Tiwary, R Rampaul, R Vinay Kumar, M Kartik, RP Singh, JD Unadkat",6,4,2,1,2,3,167.8,152.4,150.6,133.8,0.56,0.4,0.65,0.478,147.64,0.588,0.75,0.69
598037,2013-04-29,"Wankhede Stadium, Mumbai",Mumbai Indians,Punjab Kings,Mumbai Indians,bat,Mumbai Indians,won by 4 runs,174,170,"DR Smith, SR Tendulkar, KD Karthik, RG Sharma, KA Pollard, AT Rayudu, Harbhajan Singh, MG Johnson, SL Malinga, DS Kulkarni, PP Ojha","Mandeep Singh, SE Marsh, M Vohra, DJ Hussey, DA Miller, Gurkeerat Singh, Azhar Mahmood, MS Gony, PP Chawla, P Kumar, P Awana",4,6,1,2,3,3,158.4,156.2,147.2,147.0,0.565,0.565,0.591,0.263,146.19,0.529,0.565,0.5
598038,2013-04-30,Subrata Roy Sahara Stadium,Chennai Super Kings,Pune Warriors,Chennai Super Kings,bat,Chennai Super Kings,won by 37 runs,164,127,"RV Uthappa, AJ Finch, TL Suman, Yuvraj Singh, SPD Smith, LJ Wright, AM Nayar, KW Richardson, B Kumar, R Sharma, AB Dinda","MEK Hussey, WP Saha, SK Raina, S Badrinath, MS Dhoni, RA Jadeja, DJ Bravo, JA Morkel, CH Morris, R Ashwin, MM Sharma",3,2,1,2,5,1,167.8,146.4,146.8,173.4,0.667,0.655,0.0,0.25,140.36,0.0,0.0,0.3
598039,2013-05-01,"Rajiv Gandhi International Stadium, Uppal, Hyderabad",Mumbai Indians,Sunrisers Hyderabad,Mumbai Indians,bat,Sunrisers Hyderabad,won by 7 wickets,129,130,"PA Reddy, S Dhawan, KC Sangakkara, GH Vihari, DJG Sammy, NLTC Perera, A Ashish Reddy, KV Sharma, A Mishra, DW Steyn, I Sharma","DR Smith, SR Tendulkar, KD Karthik, RG Sharma, KA Pollard, AT Rayudu, Harbhajan Singh, MG Johnson, SL Malinga, DS Kulkarni, PP Ojha",0,0,0,0,3,2,156.6,161.8,136.2,143.4,0.565,0.583,0.0,0.0,155.14,0.417,1.0,0.667
598040,2013-05-01,Shaheed Veer Narayan Singh International Stadium,Kolkata Knight Riders,Delhi Capitals,Kolkata Knight Riders,bat,Delhi Capitals,won by 7 wickets,136,137,"DPMD Jayawardene, V Sehwag, UBT Chand, DA Warner, BJ Rohrer, KM Jadhav, IK Pathan, S Nadeem, M Morkel, UT Yadav, A Nehra","MS Bisla, G Gambhir, YK Pathan, JH Kallis, EJG Morgan, DB Das, R Bhatia, S Narwal, B Lee, SP Narine, L Balaji",6,4,3,0,1,2,153.4,158.4,136.8,150.4,0.529,0.5,0.56,0.389,156.5,0.0,0.0,1.0
598041,2013-05-02,"MA Chidambaram Stadium, Chepauk, Chennai",Chennai Super Kings,Punjab Kings,Chennai Super Kings,bat,Chennai Super Kings,won by 15 runs,186,171,"WP Saha, MEK Hussey, SK Raina, MS Dhoni, JA Morkel, RA Jadeja, S Badrinath, DJ Bravo, CH Morris, R Ashwin, MM Sharma","LA Pomersbach, Mandeep Singh, SE Marsh, DJ Hussey, DA Miller, Gurkeerat Singh, R Sathish, MS Gony, PP Chawla, P Kumar, P Awana",7,3,1,2,5,2,166.8,155.2,149.8,151.2,0.667,0.667,0.591,0.263,160.03,0.333,0.658,0.333
598042,2013-05-02,Subrata Roy Sahara Stadium,Royal Challengers Bengaluru,Pune Warriors,Royal Challengers Bengaluru,bat,Royal Challengers Bengaluru,won by 17 runs,187,170,"RV Uthappa, AJ Finch, TL Suman, Yuvraj Singh, SPD Smith, AD Mathews, AM Nayar, B Kumar, BAW Mendis, AB Dinda, R Sharma","SS Tiwary, CH Gayle, V Kohli, AB de Villiers, MC Henriques, KL Rahul, KB Arun Karthik, R Vinay Kumar, M Kartik, M Muralitharan, RP Singh",4,0,3,0,2,0,169.0,153.8,140.4,179.2,0.56,0.4,0.0,0.25,140.79,0.0,1.0,0.273
598043,2013-05-03,"Eden Gardens, Kolkata",Rajasthan Royals,Kolkata Knight Riders,Rajasthan Royals,bat,Kolkata Knight Riders,won by 8 wickets,132,133,"G Gambhir, MS Bisla, JH Kallis, YK Pathan, EJG Morgan, DB Das, R Bhatia, S Narwal, SMSM Senanayake, Iqbal Abdulla, SP Narine","SR Watson, AM Rahane, JP Faulkner, SV Samson, DH Yagnik, OA Shah, STR Binny, R Dravid, AA Chavan, GB Hogg, SK Trivedi",5,5,2,1,3,1,160.0,143.2,150.0,154.4,0.667,0.478,0.529,0.48,141.03,0.818,0.25,0.576
598044,2013-05-04,"Rajiv Gandhi International Stadium, Uppal, Hyderabad",Delhi Capitals,Sunrisers Hyderabad,Delhi Capitals,bat,Sunrisers Hyderabad,won by 6 wickets,80,81,"PA Patel, S Dhawan, A Ashish Reddy, DJG Sammy, KC Sangakkara, GH Vihari, NLTC Perera, KV Sharma, A Mishra, DW Steyn, I Sharma","DPMD Jayawardene, V Sehwag, UBT Chand, DA Warner, BMAJ Mendis, KM Jadhav, IK Pathan, J Botha, S Nadeem, A Nehra, UT Yadav",0,1,0,1,3,3,133.8,147.2,135.8,133.2,0.56,0.389,0.0,0.0,153.98,0.417,1.0,0.75
598046,2013-05-05,"Wankhede Stadium, Mumbai",Mumbai Indians,Chennai Super Kings,Mumbai Indians,bat,Mumbai Indians,won by 60 runs,139,79,"DR Smith, SR Tendulkar, KD Karthik, KA Pollard, RG Sharma, AT Rayudu, Harbhajan Singh, MG Johnson, SL Malinga, PP Ojha, P Suyal","MEK Hussey, M Vijay, SK Raina, S Badrinath, DJ Bravo, R Ashwin, MS Dhoni, RA Jadeja, CH Morris, MM Sharma, B Laughlin",7,5,2,1,3,5,164.0,152.0,179.2,165.6,0.565,0.56,0.667,0.677,147.15,0.529,0.583,0.4
598047,2013-05-05,"Sawai Mansingh Stadium, Jaipur",Pune Warriors,Rajasthan Royals,Pune Warriors,bat,Rajasthan Royals,won by 5 wickets,178,182,"R Dravid, AM Rahane, SR Watson, BJ Hodge, STR Binny, SV Samson, JP Faulkner, Sachin Baby, KK Cooper, A Chandila, SK Trivedi","RV Uthappa, AJ Finch, Yuvraj Singh, MR Marsh, AD Mathews, M Rawat, UA Birla, B Kumar, WD Parnell, K Upadhyay, R Sharma",1,3,1,2,0,2,152.8,192.8,150.6,151.4,0.0,0.25,0.667,0.458,148.45,0.611,0.0,0.7
598064,2013-05-06,"Punjab Cricket Association IS Bindra Stadium, Mohali, Chandigarh",Royal Challengers Bengaluru,Punjab Kings,Punjab Kings,field,Punjab Kings,won by 6 wickets,190,194,"Mandeep Singh, SE Marsh, Gurkeerat Singh, DJ Hussey, DA Miller, R Sathish, MG Neser, PP Chawla, P Kumar, MS Gony, P Awana","CA Pujara, CH Gayle, V Kohli, AB de Villiers, MC Henriques, SS Tiwary, KB Arun Karthik, R Vinay Kumar, R Rampaul, M Kartik, RP Singh",5,5,1,2,3,2,176.0,157.4,159.4,163.0,0.56,0.455,0.591,0.263,161.9,0.538,0.667,0.56
598049,2013-05-07,"Sawai Mansingh Stadium, Jaipur",Delhi Capitals,Rajasthan Royals,Delhi Capitals,bat,Rajasthan Royals,won by 9 wickets,154,155,"R Dravid, AM Rahane, SR Watson, SV Samson, STR Binny, BJ Hodge, Sachin Baby, JP Faulkner, SK Trivedi, PV Tambe, SW Tait","DPMD Jayawardene, V Sehwag, CM Gautam, DA Warner, BJ Rohrer, KM Jadhav, AB Agarkar, M Morkel, UT Yadav, P Negi, S Kaul",6,5,2,1,3,3,133.2,129.6,163.6,162.4,0.56,0.368,0.667,0.458,149.47,0.611,0.333,0.71
598050,2013-05-07,"Wankhede Stadium, Mumbai",Mumbai Indians,Kolkata Knight Riders,Mumbai Indians,bat,Mumbai Indians,won by 65 runs,170,105,"DR Smith, SR Tendulkar, KD Karthik, RG Sharma, KA Pollard, AT Rayudu, Harbhajan Singh, MG Johnson, SL Malinga, PP Ojha, AN Ahmed","MS Bisla, G Gambhir, JH Kallis, YK Pathan, EJG Morgan, DB Das, R McLaren, R Bhatia, Iqbal Abdulla, SP Narine, L Balaji",9,2,2,1,4,2,159.6,134.8,152.8,156.0,0.565,0.577,0.529,0.48,145.79,0.529,0.6,0.333
598051,2013-05-08,"Rajiv Gandhi International Stadium, Uppal, Hyderabad",Chennai Super Kings,Sunrisers Hyderabad,Sunrisers Hyderabad,field,Chennai Super Kings,won by 77 runs,223,146,"PA Patel, S Dhawan, KC Sangakkara, GH Vihari, DJG Sammy, NLTC Perera, KV Sharma, A Mishra, DW Steyn, I Sharma, A Ashish Reddy","MEK Hussey, M Vijay, SK Raina, MS Dhoni, RA Jadeja, S Badrinath, DJ Bravo, CH Morris, R Ashwin, JO Holder, MM Sharma",1,0,1,0,4,3,157.8,156.4,128.2,127.6,0.667,0.677,0.0,0.0,150.78,0.417,1.0,0.8
598052,2013-05-09,"Punjab Cricket Association IS Bindra Stadium, Mohali, Chandigarh",Punjab Kings,Rajasthan Royals,Rajasthan Royals,field,Rajasthan Royals,won by 8 wickets,145,147,"Mandeep Singh, AC Gilchrist, SE Marsh, DJ Hussey, DA Miller, MS Gony, R Sathish, PP Chawla, Bipul Sharma, P Kumar, P Awana","R Dravid, AM Rahane, SR Watson, SV Samson, BJ Hodge, DH Yagnik, KK Cooper, JP Faulkner, A Chandila, S Sreesanth, SK Trivedi",3,7,0,3,2,4,161.0,164.0,157.6,156.0,0.609,0.263,0.667,0.458,163.06,0.571,0.577,0.5
598053,2013-05-09,Subrata Roy Sahara Stadium,Kolkata Knight Riders,Pune Warriors,Kolkata Knight Riders,bat,Kolkata Knight Riders,won by 46 runs,152,106,"RV Uthappa, AJ Finch, Yuvraj Singh, UA Birla, AD Mathews, MR Marsh, M Rawat, WD Parnell, B Kumar, Parvez Rasool, K Upadhyay","MS Bisla, G Gambhir, JH Kallis, EJG Morgan, RN ten Doeschate, YK Pathan, MK Tiwary, R Bhatia, Iqbal Abdulla, SP Narine, L Balaji",3,0,3,0,2,0,142.0,157.6,151.4,192.0,0.529,0.48,0.0,0.222,143.69,0.0,1.0,0.25
598054,2013-05-10,"Arun Jaitley Stadium, Delhi",Royal Challengers Bengaluru,Delhi Capitals,Delhi Capitals,field,Royal Challengers Bengaluru,won by 4 runs,183,179,"DPMD Jayawardene, V Sehwag, UBT Chand, DA Warner, BJ Rohrer, KM Jadhav, IK Pathan, M Morkel, UT Yadav, S Nadeem, S Kaul","CA Pujara, CH Gayle, V Kohli, MC Henriques, AB de Villiers, SS Tiwary, J Syed Mohammad, R Vinay Kumar, R Rampaul, M Kartik, JD Unadkat",4,5,2,0,2,2,189.4,172.8,131.0,128.4,0.56,0.455,0.56,0.35,150.8,0.429,0.5,0.424
598055,2013-05-11,Subrata Roy Sahara Stadium,Pune Warriors,Mumbai Indians,Pune Warriors,bat,Mumbai Indians,won by 5 wickets,112,116,"RV Uthappa, AJ Finch, MK Pandey, Yuvraj Singh, AD Mathews, AM Nayar, KW Richardson, Parvez Rasool, B Kumar, AB Dinda, BAW Mendis","DR Smith, SR Tendulkar, KD Karthik, RG Sharma, AT Rayudu, GJ Maxwell, Harbhajan Singh, MG Johnson, SL Malinga, PP Ojha, AN Ahmed",1,4,1,2,0,4,146.0,169.8,161.2,124.0,0.0,0.222,0.565,0.593,142.64,0.0,0.231,1.0
598056,2013-05-11,"Punjab Cricket Association IS Bindra Stadium, Mohali, Chandigarh",Sunrisers Hyderabad,Punjab Kings,Punjab Kings,field,Sunrisers Hyderabad,won by 30 runs,150,120,"AC Gilchrist, Mandeep Singh, SE Marsh, LA Pomersbach, DA Miller, R Sathish, PP Chawla, P Kumar, Harmeet Singh, P Awana, Sandeep Sharma","PA Patel, S Dhawan, GH Vihari, CL White, BB Samantray, DJG Sammy, KV Sharma, NLTC Perera, DW Steyn, A Mishra, I Sharma",1,0,1,0,2,1,132.0,147.6,165.8,169.4,0.0,0.0,0.609,0.263,162.43,0.6,0.0,0.556
598057,2013-05-12,JSCA International Stadium Complex,Royal Challengers Bengaluru,Kolkata Knight Riders,Kolkata Knight Riders,field,Kolkata Knight Riders,won by 5 wickets,115,116,"MS Bisla, G Gambhir, JH Kallis, YK Pathan, MK Tiwary, RN ten Doeschate, R Bhatia, DB Das, SMSM Senanayake, SP Narine, L Balaji","CA Pujara, CH Gayle, V Kohli, AB de Villiers, MC Henriques, SS Tiwary, R Vinay Kumar, R Rampaul, A Mithun, M Kartik, JD Unadkat",6,5,1,2,2,2,173.4,182.0,142.4,149.0,0.56,0.455,0.529,0.5,0.0,0.0,0.0,0.0
598058,2013-05-12,"Sawai Mansingh Stadium, Jaipur",Chennai Super Kings,Rajasthan Royals,Rajasthan Royals,field,Rajasthan Royals,won by 5 wickets,141,144,"R Dravid, AM Rahane, JP Faulkner, SV Samson, SR Watson, STR Binny, BJ Hodge, DH Yagnik, SK Trivedi, KK Cooper, VS Malik","MEK Hussey, M Vijay, SK Raina, MS Dhoni, RA Jadeja, DJ Bravo, S Badrinath, CH Morris, R Ashwin, JO Holder, MM Sharma",8,4,3,0,4,4,170.4,153.8,157.8,156.2,0.667,0.677,0.682,0.458,149.62,0.611,0.667,0.719
598060,2013-05-13,"Wankhede Stadium, Mumbai",Sunrisers Hyderabad,Mumbai Indians,Sunrisers Hyderabad,bat,Mumbai Indians,won by 7 wickets,178,184,"DR Smith, SR Tendulkar, KD Karthik, RG Sharma, AT Rayudu, KA Pollard, Harbhajan Singh, MG Johnson, DS Kulkarni, SL Malinga, PP Ojha","PA Patel, S Dhawan, GH Vihari, CL White, NLTC Perera, DJG Sammy, BB Samantray, KV Sharma, A Mishra, DW Steyn, I Sharma",1,0,1,0,3,4,130.2,139.6,145.6,119.2,0.0,0.0,0.565,0.593,145.5,0.529,0.0,0.615
598045,2013-05-14,"M Chinnaswamy Stadium, Bengaluru",Royal Challengers Bengaluru,Punjab Kings,Punjab Kings,field,Punjab Kings,won by 7 wickets,174,176,"CA Pujara, CH Gayle, V Kohli, AB de Villiers, MC Henriques, KL Rahul, KB Arun Karthik, R Vinay Kumar, Z Khan, M Muralitharan, JD Unadkat","AC Gilchrist, SE Marsh, Azhar Mahmood, DA Miller, R Sathish, Mandeep Singh, M Vohra, PP Chawla, MS Gony, P Awana, Sandeep Sharma",5,6,1,2,2,1,169.2,166.4,160.0,169.4,0.56,0.455,0.583,0.263,154.22,0.536,0.545,0.5
598062,2013-05-14,"MA Chidambaram Stadium, Chepauk, Chennai",Chennai Super Kings,Delhi Capitals,Chennai Super Kings,bat,Chennai Super Kings,won by 33 runs,168,135,"MEK Hussey, M Vijay, SK Raina, MS Dhoni, RA Jadeja, DJ Bravo, S Badrinath, JA Morkel, R Ashwin, JO Holder, MM Sharma","V Sehwag, UBT Chand, J Botha, DA Warner, KM Jadhav, BJ Rohrer, RE van der Merwe, IK Pathan, UT Yadav, A Nehra, S Kaul",7,4,3,0,3,2,158.6,145.4,142.8,140.8,0.667,0.677,0.538,0.35,160.49,0.333,0.667,0.4
598063,2013-05-15,"Wankhede Stadium, Mumbai",Mumbai Indians,Rajasthan Royals,Rajasthan Royals,field,Mumbai Indians,won by 14 runs,166,152,"GJ Maxwell, AP Tare, KD Karthik, RG Sharma, KA Pollard, AT Rayudu, Harbhajan Singh, MG Johnson, SL Malinga, DS Kulkarni, PP Ojha","R Dravid, AM Rahane, JP Faulkner, SV Samson, SR Watson, STR Binny, DH Yagnik, BJ Hodge, KK Cooper, AA Chavan, PV Tambe",5,5,2,1,4,4,147.6,120.8,152.0,150.2,0.565,0.593,0.696,0.458,146.68,0.529,0.63,0.667
598061,2013-05-15,JSCA International Stadium Complex,Pune Warriors,Kolkata Knight Riders,Kolkata Knight Riders,field,Pune Warriors,won by 7 runs,170,163,"G Gambhir, MS Bisla, JH Kallis, YK Pathan, RN ten Doeschate, MK Tiwary, DB Das, R Bhatia, SMSM Senanayake, SP Narine, L Balaji","RV Uthappa, AJ Finch, MK Pandey, Yuvraj Singh, LJ Wright, AD Mathews, RV Gomez, WD Parnell, B Kumar, AG Murtaza, IC Pandey",0,4,0,3,0,3,138.6,160.2,128.4,132.0,0.0,0.2,0.556,0.5,115.5,1.0,0.0,1.0
598028,2013-05-16,"Himachal Pradesh Cricket Association Stadium, Dharamsala",Punjab Kings,Delhi Capitals,Delhi Capitals,field,Punjab Kings,won by 7 runs,171,164,"AC Gilchrist, SE Marsh, Azhar Mahmood, DA Miller, R Sathish, PP Chawla, Mandeep Singh, M Vohra, P Kumar, P Awana, Sandeep Sharma","DPMD Jayawardene, UBT Chand, IK Pathan, DA Warner, V Sehwag, BJ Rohrer, CM Gautam, M Morkel, S Kaul, UT Yadav, A Nehra",6,5,1,2,2,1,161.2,169.4,137.0,144.6,0.6,0.263,0.538,0.35,160.43,0.667,0.429,0.5
598065,2013-05-17,"Rajiv Gandhi International Stadium, Uppal, Hyderabad",Sunrisers Hyderabad,Rajasthan Royals,Sunrisers Hyderabad,bat,Sunrisers Hyderabad,won by 23 runs,136,113,"PA Patel, S Dhawan, GH Vihari, CL White, BB Samantray, DJG Sammy, NLTC Perera, DW Steyn, KV Sharma, A Mishra, I Sharma","R Dravid, AM Rahane, SR Watson, SV Samson, STR Binny, BJ Hodge, Sachin Baby, JP Faulkner, KK Cooper, PV Tambe, SK Trivedi",0,1,0,1,3,4,137.0,147.2,156.0,156.8,0.0,0.0,0.667,0.458,152.19,0.385,0.667,0.667
598066,2013-05-18,"Himachal Pradesh Cricket Association Stadium, Dharamsala",Punjab Kings,Mumbai Indians,Mumbai Indians,field,Punjab Kings,won by 50 runs,183,133,"AC Gilchrist, Mandeep Singh, Azhar Mahmood, SE Marsh, DA Miller, M Vohra, Gurkeerat Singh, PP Chawla, P Kumar, P Awana, Sandeep Sharma","GJ Maxwell, AP Tare, AT Rayudu, RG Sharma, KD Karthik, KA Pollard, R Dhawan, Harbhajan Singh, NM Coulter-Nile, SL Malinga, DS Kulkarni",6,5,1,2,3,5,161.2,165.0,155.0,125.2,0.6,0.263,0.565,0.593,161.31,0.571,0.5,0.0
598068,2013-05-18,"M Chinnaswamy Stadium, Bengaluru",Royal Challengers Bengaluru,Chennai Super Kings,Chennai Super Kings,field,Royal Challengers Bengaluru,won by 24 runs,106,82,"V Kohli, CH Gayle, AB de Villiers, MC Henriques, RP Singh, KL Rahul, SS Tiwary, R Vinay Kumar, Z Khan, R Rampaul, JD Unadkat","MEK Hussey, M Vijay, SK Raina, DJ Bravo, MS Dhoni, RA Jadeja, S Badrinath, CH Morris, R Ashwin, JO Holder, MM Sharma",5,8,0,3,2,3,169.8,167.0,159.4,147.0,0.56,0.455,0.667,0.688,154.81,0.552,0.529,0.5
598067,2013-05-19,Subrata Roy Sahara Stadium,Pune Warriors,Delhi Capitals,Pune Warriors,bat,Pune Warriors,won by 38 runs,172,134,"RV Uthappa, AJ Finch, MK Pandey, Yuvraj Singh, AD Mathews, LJ Wright, RV Gomez, WD Parnell, B Kumar, AG Murtaza, AB Dinda","DPMD Jayawardene, DA Warner, B Chipli, V Sehwag, BJ Rohrer, IK Pathan, CM Gautam, M Morkel, UT Yadav, S Nadeem, S Kaul",1,3,1,2,1,0,147.2,160.0,142.4,151.6,0.0,0.2,0.519,0.35,140.73,0.0,0.214,0.5
598069,2013-05-19,"Rajiv Gandhi International Stadium, Uppal, Hyderabad",Kolkata Knight Riders,Sunrisers Hyderabad,Kolkata Knight Riders,bat,Sunrisers Hyderabad,won by 5 wickets,130,132,"PA Patel, S Dhawan, GH Vihari, CL White, NLTC Perera, DJG Sammy, BB Samantray, KV Sharma, A Mishra, DW Steyn, Anand Rajan","MS Bisla, G Gambhir, JH Kallis, EJG Morgan, YK Pathan, RN ten Doeschate, P Dogra, SP Narine, Iqbal Abdulla, PJ Sangwan, Mohammed Shami",1,0,1,0,3,3,133.8,138.6,138.2,144.0,0.526,0.5,0.0,0.2,151.08,0.385,1.0,0.714
598070,2013-05-21,"Arun Jaitley Stadium, Delhi",Chennai Super Kings,Mumbai Indians,Chennai Super Kings,bat,Chennai Super Kings,won by 48 runs,192,144,"MEK Hussey, M Vijay, SK Raina, MS Dhoni, RA Jadeja, S Badrinath, DJ Bravo, JA Morkel, CH Morris, R Ashwin, MM Sharma","DR Smith, AP Tare, KD Karthik, RG Sharma, KA Pollard, AT Rayudu, Harbhajan Singh, MG Johnson, SL Malinga, PP Ojha, MM Patel",5,8,1,2,2,4,138.6,134.0,153.8,146.0,0.615,0.688,0.542,0.593,151.69,0.4,0.75,0.4
598071,2013-05-22,"Arun Jaitley Stadium, Delhi",Sunrisers Hyderabad,Rajasthan Royals,Sunrisers Hyderabad,bat,Rajasthan Royals,won by 4 wickets,132,135,"R Dravid, AM Rahane, SR Watson, DH Yagnik, STR Binny, SV Samson, BJ Hodge, JP Faulkner, KK Cooper, VS Malik, SK Trivedi","PA Patel, S Dhawan, GH Vihari, CL White, DJG Sammy, NLTC Perera, BB Samantray, KV Sharma, DW Steyn, A Mishra, I Sharma",1,1,1,1,3,3,148.4,154.0,142.2,148.4,0.0,0.2,0.667,0.458,152.16,0.4,1.0,0.25
598072,2013-05-24,"Eden Gardens, Kolkata",Rajasthan Royals,Mumbai Indians,Rajasthan Royals,bat,Mumbai Indians,won by 4 wickets,165,169,"DR Smith, AP Tare, KD Karthik, RG Sharma, KA Pollard, AT Rayudu, Harbhajan Singh, R Dhawan, MG Johnson, SL Malinga, PP Ojha","R Dravid, AM Rahane, SR Watson, SV Samson, STR Binny, BJ Hodge, KK Cooper, DH Yagnik, JP Faulkner, VS Malik, SK Trivedi",5,6,1,2,3,3,138.2,144.0,148.6,163.4,0.667,0.458,0.542,0.593,140.78,0.818,0.2,0.8
598073,2013-05-26,"Eden Gardens, Kolkata",Mumbai Indians,Chennai Super Kings,Mumbai Indians,bat,Mumbai Indians,won by 23 runs,148,125,"MEK Hussey, M Vijay, SK Raina, S Badrinath, DJ Bravo, RA Jadeja, MS Dhoni, JA Morkel, CH Morris, R Ashwin, MM Sharma","DR Smith, AP Tare, KD Karthik, RG Sharma, AT Rayudu, KA Pollard, Harbhajan Singh, R Dhawan, MG Johnson, SL Malinga, PP Ojha",8,6,2,1,3,3,159.2,174.0,161.2,135.0,0.542,0.593,0.615,0.697,141.53,0.818,0.833,0.8
729279,2014-04-16,"Zayed Cricket Stadium, Abu Dhabi",Kolkata Knight Riders,Mumbai Indians,Kolkata Knight Riders,bat,Kolkata Knight Riders,won by 41 runs,163,122,"MEK Hussey, AP Tare, AT Rayudu, RG Sharma, KA Pollard, CJ Anderson, Harbhajan Singh, CM Gautam, SL Malinga, Z Khan, PP Ojha","G Gambhir, JH Kallis, MK Pandey, RV Uthappa, YK Pathan, Shakib Al Hasan, SA Yadav, PP Chawla, R Vinay Kumar, SP Narine, M Morkel",2,10,1,2,2,3,133.2,138.6,152.0,163.4,0.526,0.481,0.542,0.607,0.0,0.0,0.0,0.0
729281,2014-04-17,Sharjah Cricket Stadium,Delhi Capitals,Royal Challengers Bengaluru,Royal Challengers Bengaluru,field,Royal Challengers Bengaluru,won by 8 wickets,145,146,"MA Agarwal, M Vijay, KD Karthik, MK Tiwary, JP Duminy, LRPL Taylor, JDS Neesham, WD Parnell, S Nadeem, R Sharma, Mohammed Shami","PA Patel, NJ Maddinson, V Kohli, Yuvraj Singh, AB de Villiers, JA Morkel, S Rana, AB Dinda, MA Starc, YS Chahal, VR Aaron",5,5,0,2,0,2,153.2,169.8,153.6,149.4,0.519,0.35,0.56,0.455,0.0,0.0,0.0,0.0
729285,2014-04-18,"Zayed Cricket Stadium, Abu Dhabi",Sunrisers Hyderabad,Rajasthan Royals,Rajasthan Royals,field,Rajasthan Royals,won by 4 wickets,133,135,"AJ Finch, S Dhawan, DA Warner, KL Rahul, DJG Sammy, Y Venugopal Rao, KV Sharma, DW Steyn, A Mishra, B Kumar, I Sharma","AM Nayar, AM Rahane, SV Samson, SR Watson, STR Binny, BJ Hodge, R Bhatia, JP Faulkner, KW Richardson, DS Kulkarni, PV Tambe",1,2,1,2,3,2,145.6,136.4,141.8,148.8,0.0,0.167,0.667,0.44,142.5,0.0,0.0,0.0
729283,2014-04-18,"Zayed Cricket Stadium, Abu Dhabi",Chennai Super Kings,Punjab Kings,Chennai Super Kings,bat,Punjab Kings,won by 6 wickets,205,206,"DR Smith, BB McCullum, SK Raina, MS Dhoni, DJ Bravo, F du Plessis, RA Jadeja, R Ashwin, P Negi, A Nehra, MM Sharma","CA Pujara, V Sehwag, GJ Maxwell, AR Patel, DA Miller, GJ Bailey, WP Saha, MG Johnson, R Dhawan, P Awana, L Balaji",8,3,2,1,2,3,141.6,135.4,159.0,153.6,0.615,0.697,0.6,0.263,138.25,1.0,0.0,0.0
729287,2014-04-19,Dubai International Cricket Stadium,Mumbai Indians,Royal Challengers Bengaluru,Royal Challengers Bengaluru,field,Royal Challengers Bengaluru,won by 7 wickets,115,116,"NJ Maddinson, PA Patel, V Kohli, Yuvraj Singh, AB de Villiers, JA Morkel, S Rana, AB Dinda, MA Starc, YS Chahal, VR Aaron","MEK Hussey, AP Tare, AT Rayudu, RG Sharma, KA Pollard, CJ Anderson, Harbhajan Singh, Z Khan, SL Malinga, PP Ojha, JJ Bumrah",7,6,2,1,2,3,143.2,165.6,144.8,139.6,0.542,0.607,0.577,0.455,0.0,0.0,0.0,0.0
729289,2014-04-19,Dubai International Cricket Stadium,Kolkata Knight Riders,Delhi Capitals,Kolkata Knight Riders,bat,Delhi Capitals,won by 4 wickets,166,167,"JH Kallis, G Gambhir, MK Pandey, RV Uthappa, Shakib Al Hasan, YK Pathan, SA Yadav, PP Chawla, R Vinay Kumar, SP Narine, M Morkel","M Vijay, MA Agarwal, KD Karthik, LRPL Taylor, JP Duminy, MK Tiwary, JDS Neesham, NM Coulter-Nile, S Nadeem, Mohammed Shami, JD Unadkat",6,5,2,1,3,0,144.8,129.0,151.4,168.0,0.526,0.5,0.519,0.35,115.5,1.0,0.0,0.0
729291,2014-04-20,Sharjah Cricket Stadium,Rajasthan Royals,Punjab Kings,Punjab Kings,field,Punjab Kings,won by 7 wickets,191,193,"AM Nayar, AM Rahane, SV Samson, SR Watson, STR Binny, SPD Smith, JP Faulkner, R Bhatia, KW Richardson, DS Kulkarni, PV Tambe","CA Pujara, V Sehwag, WP Saha, GJ Maxwell, DA Miller, GJ Bailey, MG Johnson, M Kartik, AR Patel, P Awana, L Balaji",8,3,3,0,2,4,140.0,147.2,171.2,165.2,0.68,0.44,0.6,0.263,145.5,1.0,0.0,0.0
729293,2014-04-21,"Zayed Cricket Stadium, Abu Dhabi",Chennai Super Kings,Delhi Capitals,Chennai Super Kings,bat,Chennai Super Kings,won by 93 runs,177,84,"DR Smith, BB McCullum, SK Raina, F du Plessis, MS Dhoni, RA Jadeja, M Manhas, R Ashwin, BW Hilfenhaus, MM Sharma, IC Pandey","MA Agarwal, M Vijay, KD Karthik, MK Tiwary, JP Duminy, LRPL Taylor, JDS Neesham, S Nadeem, Mohammed Shami, JD Unadkat, NM Coulter-Nile",8,4,3,0,2,1,154.4,147.8,149.0,164.6,0.615,0.676,0.519,0.35,160.67,1.0,0.0,0.0
729295,2014-04-22,Sharjah Cricket Stadium,Punjab Kings,Sunrisers Hyderabad,Sunrisers Hyderabad,field,Punjab Kings,won by 72 runs,193,121,"CA Pujara, V Sehwag, GJ Maxwell, DA Miller, GJ Bailey, MG Johnson, AR Patel, WP Saha, L Balaji, R Dhawan, Sandeep Sharma","AJ Finch, S Dhawan, DA Warner, KL Rahul, Y Venugopal Rao, IK Pathan, DJG Sammy, KV Sharma, DW Steyn, A Mishra, B Kumar",0,2,0,2,5,2,185.8,173.4,142.2,139.4,0.615,0.263,0.0,0.167,168.75,1.0,1.0,0.0
729297,2014-04-23,Dubai International Cricket Stadium,Chennai Super Kings,Rajasthan Royals,Rajasthan Royals,field,Chennai Super Kings,won by 7 runs,140,133,"AM Nayar, AM Rahane, SV Samson, SR Watson, STR Binny, SPD Smith, R Bhatia, JP Faulkner, TG Southee, DS Kulkarni, PV Tambe","DR Smith, BB McCullum, SK Raina, F du Plessis, MS Dhoni, RA Jadeja, M Manhas, R Ashwin, BW Hilfenhaus, IC Pandey, MM Sharma",8,5,2,1,2,2,156.2,137.6,147.8,152.6,0.615,0.686,0.68,0.44,141.0,1.0,0.0,0.0
729299,2014-04-24,Sharjah Cricket Stadium,Kolkata Knight Riders,Royal Challengers Bengaluru,Royal Challengers Bengaluru,field,Kolkata Knight Riders,won by 2 runs,150,148,"PA Patel, YV Takawale, V Kohli, Yuvraj Singh, AB de Villiers, JA Morkel, MA Starc, AB Dinda, YS Chahal, VR Aaron, M Muralitharan","JH Kallis, G Gambhir, MK Pandey, CA Lynn, YK Pathan, RV Uthappa, SA Yadav, R Vinay Kumar, SP Narine, M Morkel, UT Yadav",6,6,2,1,2,3,147.6,141.2,131.4,126.8,0.526,0.483,0.593,0.455,164.83,0.667,0.0,1.0
729301,2014-04-25,Dubai International Cricket Stadium,Sunrisers Hyderabad,Delhi Capitals,Sunrisers Hyderabad,bat,Sunrisers Hyderabad,won by 4 runs,184,180,"S Dhawan, AJ Finch, DA Warner, KL Rahul, DJG Sammy, Y Venugopal Rao, KV Sharma, NV Ojha, DW Steyn, A Mishra, B Kumar","Q de Kock, M Vijay, KP Pietersen, KD Karthik, JP Duminy, MK Tiwary, LR Shukla, WD Parnell, S Nadeem, Mohammed Shami, JD Unadkat",2,0,2,0,2,1,130.8,141.2,138.8,166.4,0.0,0.167,0.519,0.35,139.5,0.5,0.0,1.0
729303,2014-04-25,Dubai International Cricket Stadium,Mumbai Indians,Chennai Super Kings,Mumbai Indians,bat,Chennai Super Kings,won by 7 wickets,141,142,"DR Smith, BB McCullum, SK Raina, F du Plessis, MS Dhoni, M Manhas, RA Jadeja, R Ashwin, BW Hilfenhaus, IC Pandey, MM Sharma","MEK Hussey, AP Tare, CJ Anderson, RG Sharma, KA Pollard, AT Rayudu, CM Gautam, Harbhajan Singh, Z Khan, PP Ojha, SL Malinga",9,6,2,1,2,3,139.6,152.2,167.8,143.0,0.542,0.607,0.615,0.686,150.12,0.5,0.0,1.0
729305,2014-04-26,"Zayed Cricket Stadium, Abu Dhabi",Royal Challengers Bengaluru,Rajasthan Royals,Rajasthan Royals,field,Rajasthan Royals,won by 6 wickets,70,71,"AM Rahane, KK Nair, SV Samson, AM Nayar, SR Watson, STR Binny, SPD Smith, R Bhatia, KW Richardson, PV Tambe, TG Southee","PA Patel, YV Takawale, V Kohli, Yuvraj Singh, AB de Villiers, S Rana, JA Morkel, MA Starc, R Rampaul, AB Dinda, YS Chahal",6,5,2,1,3,2,138.0,133.6,151.8,153.4,0.571,0.455,0.654,0.44,153.12,1.0,0.0,1.0
729307,2014-04-26,"Zayed Cricket Stadium, Abu Dhabi",Punjab Kings,Kolkata Knight Riders,Kolkata Knight Riders,field,Punjab Kings,won by 23 runs,132,109,"MK Pandey, JH Kallis, G Gambhir, CA Lynn, RV Uthappa, YK Pathan, SA Yadav, PP Chawla, SP Narine, UT Yadav, M Morkel","CA Pujara, V Sehwag, WP Saha, GJ Maxwell, DA Miller, GJ Bailey, R Dhawan, AR Patel, MG Johnson, L Balaji, Sandeep Sharma",5,6,1,2,5,2,189.2,162.8,154.4,147.8,0.615,0.263,0.526,0.483,136.6,1.0,1.0,1.0
729309,2014-04-27,Sharjah Cricket Stadium,Mumbai Indians,Delhi Capitals,Mumbai Indians,bat,Delhi Capitals,won by 6 wickets,125,126,"Q de Kock, M Vijay, JP Duminy, KP Pietersen, KD Karthik, KM Jadhav, LR Shukla, WD Parnell, S Nadeem, Mohammed Shami, JD Unadkat","RG Sharma, AP Tare, CJ Anderson, AT Rayudu, MEK Hussey, KA Pollard, CM Gautam, Harbhajan Singh, Z Khan, PP Ojha, SL Malinga",6,6,1,2,2,1,139.0,142.2,142.0,169.0,0.542,0.586,0.519,0.35,160.88,0.5,0.0,0.0
729311,2014-04-27,Sharjah Cricket Stadium,Sunrisers Hyderabad,Chennai Super Kings,Sunrisers Hyderabad,bat,Chennai Super Kings,won by 5 wickets,145,146,"AJ Finch, S Dhawan, DA Warner, KL Rahul, Y Venugopal Rao, DJG Sammy, KV Sharma, DW Steyn, A Mishra, B Kumar, I Sharma","DR Smith, BB McCullum, SK Raina, MS Dhoni, F du Plessis, RA Jadeja, M Manhas, R Ashwin, BW Hilfenhaus, IC Pandey, MM Sharma",0,2,0,2,2,3,140.4,154.6,157.8,142.4,0.0,0.286,0.615,0.686,153.8,0.5,0.0,0.0
729313,2014-04-28,Dubai International Cricket Stadium,Royal Challengers Bengaluru,Punjab Kings,Punjab Kings,field,Punjab Kings,won by 5 wickets,124,127,"CA Pujara, V Sehwag, WP Saha, GJ Maxwell, DA Miller, GJ Bailey, R Dhawan, MG Johnson, AR Patel, L Balaji, Sandeep Sharma","CH Gayle, PA Patel, V Kohli, YV Takawale, AB de Villiers, Yuvraj Singh, JA Morkel, MA Starc, VR Aaron, AB Dinda, YS Chahal",5,7,0,3,3,5,117.2,112.6,181.4,151.8,0.571,0.455,0.615,0.263,148.4,0.5,1.0,0.0
729315,2014-04-29,"Zayed Cricket Stadium, Abu Dhabi",Rajasthan Royals,Kolkata Knight Riders,Rajasthan Royals,bat,,,152,152,"G Gambhir, MS Bisla, JH Kallis, MK Pandey, SA Yadav, Shakib Al Hasan, RV Uthappa, R Vinay Kumar, PP Chawla, SP Narine, M Morkel","AM Rahane, KK Nair, SV Samson, SR Watson, STR Binny, SPD Smith, JP Faulkner, R Bhatia, KW Richardson, PV Tambe, Iqbal Abdulla",5,6,1,2,2,2,139.0,141.0,143.6,140.2,0.667,0.44,0.5,0.483,133.92,0.667,1.0,0.5
729317,2014-04-30,Dubai International Cricket Stadium,Sunrisers Hyderabad,Mumbai Indians,Mumbai Indians,field,Sunrisers Hyderabad,won by 15 runs,172,157,"BR Dunk, RG Sharma, CJ Anderson, AT Rayudu, KA Pollard, AP Tare, Harbhajan Singh, CM Gautam, Z Khan, PP Ojha, SL Malinga","AJ Finch, S Dhawan, KL Rahul, DA Warner, DJG Sammy, NV Ojha, IK Pathan, KV Sharma, DW Steyn, A Mishra, B Kumar",1,1,1,1,1,1,143.0,157.8,130.2,134.4,0.0,0.25,0.542,0.567,144.58,0.667,1.0,0.0
733971,2014-05-02,JSCA International Stadium Complex,Chennai Super Kings,Kolkata Knight Riders,Chennai Super Kings,bat,Chennai Super Kings,won by 34 runs,148,114,"DR Smith, BB McCullum, SK Raina, MS Dhoni, RA Jadeja, F du Plessis, M Manhas, R Ashwin, BW Hilfenhaus, IC Pandey, MM Sharma","RV Uthappa, G Gambhir, JH Kallis, MK Pandey, Shakib Al Hasan, SA Yadav, YK Pathan, AD Russell, PP Chawla, R Vinay Kumar, SP Narine",8,4,2,1,4,2,162.0,141.8,148.0,144.2,0.615,0.686,0.5,0.483,141.0,0.5,0.0,0.5
733975,2014-05-03,"Arun Jaitley Stadium, Delhi",Delhi Capitals,Rajasthan Royals,Rajasthan Royals,field,Rajasthan Royals,won by 7 wickets,152,156,"Q de Kock, M Vijay, KP Pietersen, KD Karthik, JP Duminy, KM Jadhav, WD Parnell, S Nadeem, Mohammed Shami, JD Unadkat, R Sharma","AM Rahane, KK Nair, SV Samson, R Bhatia, SR Watson, STR Binny, SPD Smith, JP Faulkner, DS Kulkarni, KW Richardson, PV Tambe",6,6,1,2,2,2,140.4,159.6,136.4,137.6,0.519,0.35,0.667,0.423,151.64,0.4,0.412,0.4
733973,2014-05-03,"Wankhede Stadium, Mumbai",Punjab Kings,Mumbai Indians,Punjab Kings,bat,Mumbai Indians,won by 5 wickets,168,170,"BR Dunk, CM Gautam, AT Rayudu, RG Sharma, CJ Anderson, KA Pollard, AP Tare, Harbhajan Singh, JJ Bumrah, Z Khan, SL Malinga","CA Pujara, V Sehwag, WP Saha, GJ Maxwell, GJ Bailey, DA Miller, MG Johnson, R Dhawan, AR Patel, L Balaji, Sandeep Sharma",7,5,1,2,5,0,170.2,150.0,132.0,143.8,0.63,0.263,0.52,0.567,147.08,0.5,0.4,0.643
733977,2014-05-04,"M Chinnaswamy Stadium, Bengaluru",Sunrisers Hyderabad,Royal Challengers Bengaluru,Royal Challengers Bengaluru,field,Royal Challengers Bengaluru,won by 4 wickets,155,158,"CH Gayle, PA Patel, V Kohli, RR Rossouw, AB de Villiers, Yuvraj Singh, MA Starc, HV Patel, AB Dinda, VR Aaron, YS Chahal","AJ Finch, S Dhawan, KL Rahul, DA Warner, DJG Sammy, NV Ojha, IK Pathan, KV Sharma, DW Steyn, B Kumar, I Sharma",0,1,0,1,2,2,151.0,162.2,120.8,121.6,0.0,0.25,0.571,0.455,153.12,0.533,0.0,0.543
733979,2014-05-05,"Sardar Patel Stadium, Motera",Rajasthan Royals,Kolkata Knight Riders,Kolkata Knight Riders,field,Rajasthan Royals,won by 10 runs,170,160,"AM Rahane, KK Nair, SV Samson, SR Watson, STR Binny, SPD Smith, JP Faulkner, R Bhatia, TG Southee, PV Tambe, R Tewatia","RV Uthappa, G Gambhir, AD Russell, MK Pandey, Shakib Al Hasan, YK Pathan, RN ten Doeschate, SA Yadav, R Vinay Kumar, SP Narine, UT Yadav",5,6,1,1,2,1,140.6,141.4,138.2,149.4,0.679,0.423,0.5,0.483,152.62,1.0,0.75,0.0
733981,2014-05-05,"Arun Jaitley Stadium, Delhi",Delhi Capitals,Chennai Super Kings,Chennai Super Kings,field,Chennai Super Kings,won by 8 wickets,178,181,"Q de Kock, M Vijay, KP Pietersen, KD Karthik, LR Shukla, JP Duminy, KM Jadhav, WD Parnell, S Nadeem, Mohammed Shami, JD Unadkat","DR Smith, BB McCullum, SK Raina, MS Dhoni, F du Plessis, M Manhas, RA Jadeja, R Ashwin, BW Hilfenhaus, IC Pandey, MM Sharma",4,9,0,3,2,5,141.8,161.6,150.6,123.4,0.519,0.35,0.615,0.694,151.7,0.438,0.4,0.8
733983,2014-05-06,"Wankhede Stadium, Mumbai",Mumbai Indians,Royal Challengers Bengaluru,Royal Challengers Bengaluru,field,Mumbai Indians,won by 19 runs,187,168,"BR Dunk, CM Gautam, AT Rayudu, RG Sharma, CJ Anderson, KA Pollard, AP Tare, Harbhajan Singh, JJ Bumrah, SL Malinga, P Suyal","CH Gayle, PA Patel, V Kohli, AB de Villiers, Yuvraj Singh, RR Rossouw, MA Starc, HV Patel, VR Aaron, AB Dinda, YS Chahal",7,7,1,2,1,2,141.6,144.8,123.2,123.6,0.52,0.567,0.586,0.455,147.77,0.5,0.655,0.5
733985,2014-05-07,"Arun Jaitley Stadium, Delhi",Delhi Capitals,Kolkata Knight Riders,Delhi Capitals,bat,Kolkata Knight Riders,won by 8 wickets,160,161,"Q de Kock, M Vijay, KP Pietersen, KD Karthik, JP Duminy, LR Shukla, KM Jadhav, WD Parnell, S Nadeem, Mohammed Shami, S Kaul","RV Uthappa, G Gambhir, MK Pandey, JH Kallis, Shakib Al Hasan, YK Pathan, RN ten Doeschate, SA Yadav, R Vinay Kumar, SP Narine, UT Yadav",6,6,2,1,1,1,144.0,164.6,137.0,150.0,0.519,0.35,0.476,0.483,152.43,0.471,0.389,0.667
733987,2014-05-07,Barabati Stadium,Punjab Kings,Chennai Super Kings,Chennai Super Kings,field,Punjab Kings,won by 44 runs,231,187,"V Sehwag, Mandeep Singh, GJ Maxwell, DA Miller, GJ Bailey, MG Johnson, WP Saha, R Dhawan, AR Patel, M Kartik, Sandeep Sharma","DR Smith, BB McCullum, SK Raina, RA Jadeja, F du Plessis, MS Dhoni, M Manhas, R Ashwin, BW Hilfenhaus, IC Pandey, MM Sharma",4,8,1,2,4,5,162.6,143.0,151.4,142.2,0.63,0.25,0.643,0.694,159.75,0.5,0.0,0.0
733989,2014-05-08,"Sardar Patel Stadium, Motera",Sunrisers Hyderabad,Rajasthan Royals,Rajasthan Royals,field,Sunrisers Hyderabad,won by 32 runs,134,102,"AM Rahane, KK Nair, SV Samson, SR Watson, STR Binny, SPD Smith, R Bhatia, JP Faulkner, KW Richardson, DS Kulkarni, PV Tambe","S Dhawan, AJ Finch, KL Rahul, NV Ojha, DA Warner, MC Henriques, IK Pathan, KV Sharma, DW Steyn, A Mishra, B Kumar",1,3,1,2,2,3,155.4,166.8,136.4,134.8,0.0,0.25,0.679,0.423,155.1,0.5,0.0,0.8
733991,2014-05-09,"M Chinnaswamy Stadium, Bengaluru",Punjab Kings,Royal Challengers Bengaluru,Royal Challengers Bengaluru,field,Punjab Kings,won by 32 runs,198,166,"CH Gayle, PA Patel, V Kohli, S Rana, AB de Villiers, Yuvraj Singh, JA Morkel, MA Starc, HV Patel, VR Aaron, YS Chahal","V Sehwag, Mandeep Singh, GJ Maxwell, DA Miller, GJ Bailey, WP Saha, MG Johnson, AR Patel, Shivam Sharma, L Balaji, Sandeep Sharma",8,5,3,0,4,1,170.2,142.2,133.6,138.0,0.63,0.25,0.567,0.455,153.22,0.548,0.6,0.556
733993,2014-05-10,"Arun Jaitley Stadium, Delhi",Delhi Capitals,Sunrisers Hyderabad,Sunrisers Hyderabad,field,Sunrisers Hyderabad,won by 8 wickets,143,44,"Q de Kock, KP Pietersen, MA Agarwal, KD Karthik, LR Shukla, JP Duminy, KM Jadhav, R Shukla, Mohammed Shami, Imran Tahir, S Kaul","AJ Finch, S Dhawan, DA Warner, NV Ojha, KL Rahul, MC Henriques, IK Pathan, KV Sharma, DW Steyn, A Mishra, B Kumar",0,3,0,3,1,3,159.2,161.4,158.0,148.6,0.519,0.333,0.0,0.25,152.64,0.471,0.378,0.5
733995,2014-05-10,"Wankhede Stadium, Mumbai",Mumbai Indians,Chennai Super Kings,Chennai Super Kings,field,Chennai Super Kings,won by 4 wickets,157,160,"LMP Simmons, CM Gautam, AT Rayudu, RG Sharma, KA Pollard, CJ Anderson, AP Tare, Harbhajan Singh, SL Malinga, JJ Bumrah, P Kumar","DR Smith, BB McCullum, SK Raina, F du Plessis, MS Dhoni, RA Jadeja, M Manhas, R Ashwin, IC Pandey, MM Sharma, S Badree",9,7,1,2,2,4,156.0,155.2,160.8,161.8,0.52,0.567,0.6,0.694,148.67,0.474,0.667,0.333
733999,2014-05-11,"M Chinnaswamy Stadium, Bengaluru",Royal Challengers Bengaluru,Rajasthan Royals,Royal Challengers Bengaluru,bat,Rajasthan Royals,won by 5 wickets,190,191,"V Kohli, CH Gayle, VH Zol, AB de Villiers, Yuvraj Singh, JA Morkel, PA Patel, MA Starc, VR Aaron, YS Chahal, AB Dinda","AM Rahane, KK Nair, SR Watson, STR Binny, SV Samson, SPD Smith, JP Faulkner, R Bhatia, KW Richardson, PV Tambe, R Tewatia",6,6,1,2,1,3,137.2,147.6,130.2,133.6,0.548,0.455,0.655,0.423,153.97,0.531,0.541,0.5
733997,2014-05-11,Barabati Stadium,Punjab Kings,Kolkata Knight Riders,Kolkata Knight Riders,field,Kolkata Knight Riders,won by 9 wickets,149,150,"V Sehwag, Mandeep Singh, WP Saha, GJ Maxwell, DA Miller, GJ Bailey, R Dhawan, MG Johnson, AR Patel, P Awana, Sandeep Sharma","RV Uthappa, G Gambhir, MK Pandey, JH Kallis, RN ten Doeschate, YK Pathan, SA Yadav, PP Chawla, M Morkel, UT Yadav, SP Narine",6,6,2,1,4,1,171.2,151.2,139.2,152.4,0.63,0.25,0.476,0.483,169.6,0.333,0.5,1.0
734001,2014-05-12,"Rajiv Gandhi International Stadium, Uppal, Hyderabad",Sunrisers Hyderabad,Mumbai Indians,Sunrisers Hyderabad,bat,Mumbai Indians,won by 7 wickets,157,160,"AJ Finch, S Dhawan, KL Rahul, DA Warner, NV Ojha, MC Henriques, IK Pathan, KV Sharma, DW Steyn, A Mishra, B Kumar","LMP Simmons, CM Gautam, AT Rayudu, RG Sharma, KA Pollard, CJ Anderson, AP Tare, Harbhajan Singh, SL Malinga, JJ Bumrah, PP Ojha",2,1,2,1,3,2,130.0,141.2,159.2,158.8,0.333,0.25,0.52,0.567,150.31,0.385,0.75,0.667
734003,2014-05-13,JSCA International Stadium Complex,Rajasthan Royals,Chennai Super Kings,Rajasthan Royals,bat,Chennai Super Kings,won by 5 wickets,148,149,"DR Smith, BB McCullum, SK Raina, F du Plessis, R Ashwin, MS Dhoni, RA Jadeja, V Shankar, IC Pandey, MM Sharma, S Badree","Ankit Sharma, SR Watson, AM Rahane, KK Nair, STR Binny, SPD Smith, JP Faulkner, DH Yagnik, R Bhatia, KK Cooper, PV Tambe",5,9,1,2,3,4,154.2,157.6,164.4,165.0,0.655,0.423,0.625,0.694,137.67,0.5,0.0,1.0
734005,2014-05-13,"M Chinnaswamy Stadium, Bengaluru",Royal Challengers Bengaluru,Delhi Capitals,Delhi Capitals,field,Royal Challengers Bengaluru,won by 16 runs,186,170,"CH Gayle, PA Patel, V Kohli, AB de Villiers, Yuvraj Singh, S Rana, VH Zol, MA Starc, M Muralitharan, YS Chahal, AN Ahmed","Q de Kock, M Vijay, MA Agarwal, KP Pietersen, JP Duminy, KD Karthik, KM Jadhav, R Shukla, Mohammed Shami, Imran Tahir, S Kaul",6,5,2,0,1,1,161.2,171.6,151.8,133.4,0.548,0.417,0.519,0.333,154.91,0.531,0.526,0.5
734009,2014-05-14,Barabati Stadium,Mumbai Indians,Kolkata Knight Riders,Kolkata Knight Riders,field,Kolkata Knight Riders,won by 6 wickets,141,142,"RV Uthappa, G Gambhir, MK Pandey, YK Pathan, Shakib Al Hasan, RN ten Doeschate, SA Yadav, PP Chawla, M Morkel, UT Yadav, SP Narine","LMP Simmons, CM Gautam, AT Rayudu, RG Sharma, CJ Anderson, KA Pollard, AP Tare, Harbhajan Singh, SL Malinga, JJ Bumrah, PP Ojha",10,3,2,1,3,2,166.2,165.0,147.4,155.8,0.52,0.567,0.5,0.483,166.25,0.5,0.0,1.0
734007,2014-05-14,"Rajiv Gandhi International Stadium, Uppal, Hyderabad",Sunrisers Hyderabad,Punjab Kings,Punjab Kings,field,Punjab Kings,won by 6 wickets,205,211,"AJ Finch, S Dhawan, NV Ojha, DA Warner, MC Henriques, IK Pathan, KV Sharma, KL Rahul, DW Steyn, A Mishra, B Kumar","V Sehwag, M Vohra, WP Saha, GJ Maxwell, DA Miller, GJ Bailey, AR Patel, MG Johnson, Shivam Sharma, R Dhawan, Sandeep Sharma",2,1,2,1,3,3,132.4,144.0,174.6,159.4,0.333,0.222,0.63,0.25,150.61,0.385,0.667,0.75
734011,2014-05-15,"Sardar Patel Stadium, Motera",Rajasthan Royals,Delhi Capitals,Delhi Capitals,field,Rajasthan Royals,won by 62 runs,201,139,"AM Rahane, KK Nair, KK Cooper, SV Samson, STR Binny, BCJ Cutting, JP Faulkner, SPD Smith, R Bhatia, DS Kulkarni, PV Tambe","KP Pietersen, MA Agarwal, KD Karthik, JP Duminy, MK Tiwary, LRPL Taylor, KM Jadhav, S Nadeem, Imran Tahir, R Shukla, S Kaul",7,6,3,0,3,0,153.4,157.0,160.6,145.6,0.655,0.407,0.5,0.333,148.92,0.333,0.667,1.0
734013,2014-05-18,JSCA International Stadium Complex,Chennai Super Kings,Royal Challengers Bengaluru,Chennai Super Kings,bat,Royal Challengers Bengaluru,won by 5 wickets,138,142,"DR Smith, BB McCullum, SK Raina, DJ Hussey, MS Dhoni, RA Jadeja, M Manhas, R Ashwin, IC Pandey, MM Sharma, S Badree","CH Gayle, PA Patel, V Kohli, AB de Villiers, Yuvraj Singh, S Rana, AN Ahmed, MA Starc, M Muralitharan, YS Chahal, VR Aaron",8,6,2,1,4,2,165.0,165.6,173.6,180.2,0.625,0.694,0.548,0.417,140.38,0.5,1.0,0.0
734015,2014-05-18,"Rajiv Gandhi International Stadium, Uppal, Hyderabad",Sunrisers Hyderabad,Kolkata Knight Riders,Sunrisers Hyderabad,bat,Kolkata Knight Riders,won by 7 wickets,142,146,"AJ Finch, S Dhawan, NV Ojha, DA Warner, KL Rahul, IK Pathan, DJG Sammy, KV Sharma, DW Steyn, A Mishra, B Kumar","RV Uthappa, G Gambhir, MK Pandey, YK Pathan, RN ten Doeschate, Shakib Al Hasan, SA Yadav, PP Chawla, M Morkel, UT Yadav, SP Narine",1,1,1,1,2,3,139.0,154.8,145.4,153.6,0.333,0.222,0.522,0.483,152.66,0.429,0.6,0.667
734017,2014-05-19,"Sardar Patel Stadium, Motera",Mumbai Indians,Rajasthan Royals,Mumbai Indians,bat,Mumbai Indians,won by 25 runs,178,153,"KK Nair, UBT Chand, SR Watson, SV Samson, KK Cooper, Ankit Sharma, STR Binny, BJ Hodge, JP Faulkner, R Bhatia, DS Kulkarni","MEK Hussey, LMP Simmons, KA Pollard, RG Sharma, AT Rayudu, AP Tare, Harbhajan Singh, JJ Bumrah, K Santokie, PP Ojha, S Gopal",7,5,2,1,3,3,163.0,159.0,162.4,154.4,0.52,0.567,0.655,0.407,151.93,0.25,0.0,0.714
734019,2014-05-19,"Arun Jaitley Stadium, Delhi",Delhi Capitals,Punjab Kings,Punjab Kings,field,Punjab Kings,won by 4 wickets,164,165,"M Vijay, KP Pietersen, KD Karthik, JP Duminy, KM Jadhav, MA Agarwal, MK Tiwary, WD Parnell, Mohammed Shami, Imran Tahir, JD Unadkat","V Sehwag, M Vohra, GJ Maxwell, DA Miller, WP Saha, AR Patel, GJ Bailey, R Dhawan, BE Hendricks, Shivam Sharma, Sandeep Sharma",5,7,1,2,0,3,158.0,154.6,191.4,175.6,0.483,0.333,0.643,0.25,151.16,0.5,0.368,0.6
734021,2014-05-20,"Rajiv Gandhi International Stadium, Uppal, Hyderabad",Royal Challengers Bengaluru,Sunrisers Hyderabad,Royal Challengers Bengaluru,bat,Sunrisers Hyderabad,won by 7 wickets,160,161,"S Dhawan, DA Warner, NV Ojha, AJ Finch, DJG Sammy, Y Venugopal Rao, IK Pathan, KV Sharma, Parvez Rasool, DW Steyn, B Kumar","CH Gayle, PA Patel, V Kohli, Yuvraj Singh, AB de Villiers, S Rana, MA Starc, M Muralitharan, YS Chahal, AN Ahmed, VR Aaron",2,0,2,0,2,2,170.4,176.8,136.4,152.4,0.548,0.417,0.333,0.2,152.36,0.429,0.25,0.545
734023,2014-05-20,"Eden Gardens, Kolkata",Chennai Super Kings,Kolkata Knight Riders,Kolkata Knight Riders,field,Kolkata Knight Riders,won by 8 wickets,154,156,"RV Uthappa, G Gambhir, MK Pandey, Shakib Al Hasan, YK Pathan, RN ten Doeschate, SA Yadav, PP Chawla, PJ Cummins, UT Yadav, SP Narine","DR Smith, BB McCullum, SK Raina, F du Plessis, MS Dhoni, RA Jadeja, M Manhas, R Ashwin, IC Pandey, MM Sharma, BW Hilfenhaus",9,4,3,0,3,4,163.0,171.2,151.8,152.4,0.625,0.676,0.522,0.483,141.39,0.818,0.667,0.588
734025,2014-05-21,"Punjab Cricket Association IS Bindra Stadium, Mohali, Chandigarh",Punjab Kings,Mumbai Indians,Mumbai Indians,field,Mumbai Indians,won by 7 wickets,156,159,"V Sehwag, M Vohra, SE Marsh, GJ Maxwell, GJ Bailey, WP Saha, AR Patel, R Dhawan, BE Hendricks, Shivam Sharma, Sandeep Sharma","LMP Simmons, MEK Hussey, AT Rayudu, RG Sharma, KA Pollard, AP Tare, JJ Bumrah, K Santokie, P Kumar, PP Ojha, S Gopal",7,6,1,2,4,3,190.8,174.4,164.6,156.0,0.655,0.25,0.52,0.581,161.45,0.562,0.536,0.25
734027,2014-05-22,"Eden Gardens, Kolkata",Kolkata Knight Riders,Royal Challengers Bengaluru,Royal Challengers Bengaluru,field,Kolkata Knight Riders,won by 30 runs,195,165,"RV Uthappa, G Gambhir, MK Pandey, YK Pathan, Shakib Al Hasan, RN ten Doeschate, SA Yadav, R Vinay Kumar, M Morkel, UT Yadav, SP Narine","CH Gayle, YV Takawale, V Kohli, Yuvraj Singh, AB de Villiers, S Rana, MA Starc, AN Ahmed, AB Dinda, YS Chahal, M Muralitharan",7,6,2,1,5,2,151.0,149.2,168.8,171.6,0.542,0.483,0.548,0.385,141.76,0.833,0.6,0.25
734029,2014-05-22,JSCA International Stadium Complex,Chennai Super Kings,Sunrisers Hyderabad,Sunrisers Hyderabad,field,Sunrisers Hyderabad,won by 6 wickets,185,189,"DR Smith, F du Plessis, SK Raina, DJ Hussey, MS Dhoni, RA Jadeja, M Manhas, R Ashwin, JW Hastings, MM Sharma, P Negi","DA Warner, S Dhawan, NV Ojha, AJ Finch, DJG Sammy, Y Venugopal Rao, IK Pathan, KV Sharma, Parvez Rasool, DW Steyn, B Kumar",3,0,3,0,2,2,157.6,166.8,141.8,164.0,0.625,0.676,0.333,0.2,140.3,0.5,0.667,0.0
734031,2014-05-23,"Wankhede Stadium, Mumbai",Mumbai Indians,Delhi Capitals,Delhi Capitals,field,Mumbai Indians,won by 15 runs,173,158,"LMP Simmons, MEK Hussey, RG Sharma, KA Pollard, AT Rayudu, AP Tare, Harbhajan Singh, S Gopal, M de Lange, PP Ojha, JJ Bumrah","M Vijay, KP Pietersen, KD Karthik, MK Tiwary, JP Duminy, KM Jadhav, WD Parnell, S Nadeem, JD Unadkat, S Kaul, Imran Tahir",6,7,1,2,3,0,159.0,153.6,155.2,151.4,0.538,0.581,0.483,0.333,148.96,0.5,0.645,0.25
734033,2014-05-23,"Punjab Cricket Association IS Bindra Stadium, Mohali, Chandigarh",Punjab Kings,Rajasthan Royals,Rajasthan Royals,field,Punjab Kings,won by 16 runs,179,163,"V Sehwag, M Vohra, SE Marsh, WP Saha, DA Miller, GJ Bailey, AR Patel, R Dhawan, Karanveer Singh, BE Hendricks, L Balaji","AM Rahane, KK Nair, SV Samson, SR Watson, STR Binny, R Tewatia, BJ Hodge, JP Faulkner, KK Cooper, VS Malik, PV Tambe",4,8,1,2,3,2,175.8,168.8,159.0,158.0,0.655,0.25,0.655,0.407,161.31,0.588,0.517,0.6
734035,2014-05-24,"M Chinnaswamy Stadium, Bengaluru",Royal Challengers Bengaluru,Chennai Super Kings,Chennai Super Kings,field,Chennai Super Kings,won by 8 wickets,154,160,"RR Rossouw, YV Takawale, VH Zol, V Kohli, Yuvraj Singh, AB de Villiers, S Rana, MA Starc, YS Chahal, R Rampaul, SB Jakati","DR Smith, F du Plessis, SK Raina, MS Dhoni, DJ Hussey, RA Jadeja, M Manhas, R Ashwin, MM Sharma, S Badree, A Nehra",7,8,2,1,2,2,168.6,171.0,157.2,158.4,0.531,0.385,0.625,0.676,155.49,0.515,0.538,0.4
734037,2014-05-24,"Eden Gardens, Kolkata",Sunrisers Hyderabad,Kolkata Knight Riders,Kolkata Knight Riders,field,Kolkata Knight Riders,won by 4 wickets,160,161,"RV Uthappa, G Gambhir, MK Pandey, YK Pathan, RN ten Doeschate, Shakib Al Hasan, SA Yadav, R Vinay Kumar, M Morkel, UT Yadav, SP Narine","DA Warner, S Dhawan, NV Ojha, Y Venugopal Rao, DJG Sammy, S Anirudha, JO Holder, KV Sharma, Parvez Rasool, DW Steyn, B Kumar",1,2,1,2,2,5,170.8,172.4,157.8,150.2,0.5,0.2,0.542,0.483,142.76,0.769,0.0,0.611
734039,2014-05-25,"Punjab Cricket Association IS Bindra Stadium, Mohali, Chandigarh",Delhi Capitals,Punjab Kings,Punjab Kings,field,Punjab Kings,won by 7 wickets,115,119,"V Sehwag, M Vohra, GJ Maxwell, DA Miller, GJ Bailey, WP Saha, AR Patel, MG Johnson, R Dhawan, Karanveer Singh, P Awana","KP Pietersen, MA Agarwal, KD Karthik, KM Jadhav, MK Tiwary, JP Duminy, JDS Neesham, S Nadeem, Mohammed Shami, Imran Tahir, JD Unadkat",5,8,0,3,0,3,154.8,153.8,172.0,168.2,0.467,0.333,0.655,0.25,161.63,0.556,0.5,0.533
734041,2014-05-25,"Wankhede Stadium, Mumbai",Rajasthan Royals,Mumbai Indians,Mumbai Indians,field,Mumbai Indians,won by 5 wickets,189,195,"LMP Simmons, MEK Hussey, CJ Anderson, KA Pollard, RG Sharma, AT Rayudu, AP Tare, Harbhajan Singh, S Gopal, PP Ojha, JJ Bumrah","SR Watson, SV Samson, KK Nair, BJ Hodge, JP Faulkner, KK Cooper, AM Rahane, AM Nayar, Ankit Sharma, PV Tambe, DS Kulkarni",5,8,0,3,2,4,171.2,167.0,162.2,153.2,0.633,0.407,0.538,0.581,149.43,0.476,0.5,0.656
734043,2014-05-27,"Eden Gardens, Kolkata",Kolkata Knight Riders,Punjab Kings,Punjab Kings,field,Kolkata Knight Riders,won by 28 runs,163,135,"V Sehwag, M Vohra, WP Saha, GJ Maxwell, DA Miller, AR Patel, GJ Bailey, R Dhawan, MG Johnson, Karanveer Singh, P Awana","RV Uthappa, G Gambhir, MK Pandey, Shakib Al Hasan, YK Pathan, RN ten Doeschate, SA Yadav, PP Chawla, SP Narine, M Morkel, UT Yadav",7,6,2,1,5,4,160.0,152.4,166.0,161.2,0.56,0.483,0.667,0.25,143.22,0.786,0.622,0.4
734045,2014-05-28,"Brabourne Stadium, Mumbai",Mumbai Indians,Chennai Super Kings,Chennai Super Kings,field,Chennai Super Kings,won by 7 wickets,173,176,"DR Smith, F du Plessis, SK Raina, BB McCullum, DJ Hussey, MS Dhoni, RA Jadeja, R Ashwin, MM Sharma, IC Pandey, A Nehra","LMP Simmons, MEK Hussey, CJ Anderson, RG Sharma, KA Pollard, AT Rayudu, AP Tare, Harbhajan Singh, P Kumar, PP Ojha, JJ Bumrah",9,8,1,2,4,2,169.2,159.6,157.2,157.8,0.556,0.581,0.647,0.676,167.5,1.0,0.857,0.0
734047,2014-05-30,"Wankhede Stadium, Mumbai",Punjab Kings,Chennai Super Kings,Chennai Super Kings,field,Punjab Kings,won by 24 runs,226,202,"DR Smith, F du Plessis, SK Raina, BB McCullum, RA Jadeja, DJ Hussey, MS Dhoni, R Ashwin, MM Sharma, IC Pandey, A Nehra","V Sehwag, M Vohra, GJ Maxwell, DA Miller, GJ Bailey, WP Saha, MG Johnson, AR Patel, Karanveer Singh, Sandeep Sharma, P Awana",5,8,2,1,3,2,150.8,152.8,162.6,162.8,0.645,0.25,0.667,0.676,150.61,0.5,0.333,0.429
734049,2014-06-01,"M Chinnaswamy Stadium, Bengaluru",Punjab Kings,Kolkata Knight Riders,Kolkata Knight Riders,field,Kolkata Knight Riders,won by 3 wickets,199,200,"RV Uthappa, G Gambhir, MK Pandey, YK Pathan, Shakib Al Hasan, RN ten Doeschate, SA Yadav, PP Chawla, SP Narine, M Morkel, UT Yadav","V Sehwag, M Vohra, GJ Bailey, WP Saha, GJ Maxwell, DA Miller, AR Patel, MG Johnson, L Balaji, Karanveer Singh, P Awana",6,8,1,2,3,5,163.0,160.4,164.2,151.2,0.645,0.25,0.56,0.483,155.52,0.529,0.667,0.4
829705,2015-04-08,"Eden Gardens, Kolkata",Mumbai Indians,Kolkata Knight Riders,Kolkata Knight Riders,field,Kolkata Knight Riders,won by 7 wickets,168,170,"RV Uthappa, G Gambhir, MK Pandey, SA Yadav, YK Pathan, Shakib Al Hasan, AD Russell, PP Chawla, SP Narine, UT Yadav, M Morkel","RG Sharma, AJ Finch, AP Tare, AT Rayudu, CJ Anderson, KA Pollard, Harbhajan Singh, SL Malinga, R Vinay Kumar, JJ Bumrah, PP Ojha",10,4,1,2,4,5,175.6,166.4,175.0,162.6,0.556,0.581,0.577,0.483,143.36,0.733,0.857,0.632
829707,2015-04-09,"MA Chidambaram Stadium, Chepauk, Chennai",Chennai Super Kings,Delhi Capitals,Delhi Capitals,field,Chennai Super Kings,won by 1 runs,150,149,"DR Smith, BB McCullum, SK Raina, F du Plessis, RA Jadeja, MS Dhoni, DJ Bravo, R Ashwin, MM Sharma, IC Pandey, A Nehra","MA Agarwal, CM Gautam, JA Morkel, SS Iyer, KM Jadhav, Yuvraj Singh, JP Duminy, NM Coulter-Nile, A Mishra, Imran Tahir, DJ Muthuswami",10,4,3,0,2,0,175.4,179.6,149.2,168.8,0.632,0.676,0.467,0.333,160.27,0.333,0.675,0.333
829709,2015-04-10,"Maharashtra Cricket Association Stadium, Pune",Rajasthan Royals,Punjab Kings,Punjab Kings,field,Rajasthan Royals,won by 26 runs,162,136,"V Sehwag, M Vijay, WP Saha, GJ Maxwell, AR Patel, DA Miller, GJ Bailey, MG Johnson, Anureet Singh, Karanveer Singh, Sandeep Sharma","AM Rahane, SV Samson, SPD Smith, KK Nair, STR Binny, DJ Hooda, JP Faulkner, CH Morris, TG Southee, DS Kulkarni, PV Tambe",8,5,1,2,1,3,170.8,168.0,171.6,168.6,0.633,0.407,0.645,0.25,113.5,0.0,0.0,0.0
829711,2015-04-11,"MA Chidambaram Stadium, Chepauk, Chennai",Chennai Super Kings,Sunrisers Hyderabad,Chennai Super Kings,bat,Chennai Super Kings,won by 45 runs,209,164,"DR Smith, BB McCullum, SK Raina, MS Dhoni, RA Jadeja, DJ Bravo, F du Plessis, R Ashwin, MM Sharma, IC Pandey, A Nehra","DA Warner, S Dhawan, KL Rahul, NV Ojha, RS Bopara, KS Williamson, KV Sharma, Parvez Rasool, B Kumar, I Sharma, TA Boult",3,1,2,1,3,2,174.6,178.2,171.4,172.6,0.632,0.676,0.5,0.2,160.01,0.308,0.683,0.0
829713,2015-04-11,"Eden Gardens, Kolkata",Kolkata Knight Riders,Royal Challengers Bengaluru,Royal Challengers Bengaluru,field,Royal Challengers Bengaluru,won by 3 wickets,177,179,"RV Uthappa, G Gambhir, MK Pandey, SA Yadav, YK Pathan, AD Russell, Shakib Al Hasan, PP Chawla, SP Narine, KC Cariappa, M Morkel","CH Gayle, V Kohli, KD Karthik, Mandeep Singh, AB de Villiers, DJG Sammy, SA Abbott, HV Patel, AN Ahmed, YS Chahal, VR Aaron",8,6,3,0,5,2,177.8,165.4,161.4,164.8,0.593,0.483,0.531,0.385,143.99,0.75,0.641,0.2
829715,2015-04-12,"Arun Jaitley Stadium, Delhi",Delhi Capitals,Rajasthan Royals,Rajasthan Royals,field,Rajasthan Royals,won by 3 wickets,184,186,"MA Agarwal, SS Iyer, JP Duminy, Yuvraj Singh, AD Mathews, MK Tiwary, KM Jadhav, NM Coulter-Nile, A Mishra, Imran Tahir, JD Unadkat","AM Rahane, SV Samson, SPD Smith, KK Nair, STR Binny, DJ Hooda, JP Faulkner, CH Morris, TG Southee, DS Kulkarni, PV Tambe",6,8,0,3,0,2,145.0,161.6,173.6,165.4,0.452,0.333,0.633,0.407,151.49,0.526,0.359,0.5
829717,2015-04-12,"Wankhede Stadium, Mumbai",Punjab Kings,Mumbai Indians,Mumbai Indians,field,Punjab Kings,won by 18 runs,177,159,"RG Sharma, AJ Finch, AP Tare, AT Rayudu, CJ Anderson, KA Pollard, J Suchith, Harbhajan Singh, R Vinay Kumar, SL Malinga, P Suyal","M Vijay, V Sehwag, GJ Maxwell, DA Miller, GJ Bailey, R Dhawan, MG Johnson, WP Saha, AR Patel, Anureet Singh, Sandeep Sharma",7,7,1,2,2,3,163.0,168.4,173.6,169.8,0.625,0.25,0.556,0.581,152.32,0.478,0.429,0.667
829719,2015-04-13,"M Chinnaswamy Stadium, Bengaluru",Royal Challengers Bengaluru,Sunrisers Hyderabad,Sunrisers Hyderabad,field,Sunrisers Hyderabad,won by 8 wickets,166,172,"CH Gayle, V Kohli, KD Karthik, AB de Villiers, Mandeep Singh, DJG Sammy, SA Abbott, HV Patel, AN Ahmed, VR Aaron, YS Chahal","DA Warner, S Dhawan, KS Williamson, KL Rahul, NV Ojha, RS Bopara, A Ashish Reddy, KV Sharma, P Kumar, B Kumar, TA Boult",2,1,2,1,2,2,160.0,166.2,163.2,172.2,0.545,0.385,0.5,0.2,156.57,0.543,0.525,0.0
829721,2015-04-14,"Sardar Patel Stadium, Motera",Mumbai Indians,Rajasthan Royals,Mumbai Indians,bat,Rajasthan Royals,won by 7 wickets,164,165,"AM Rahane, SV Samson, SPD Smith, DJ Hooda, JP Faulkner, KK Nair, STR Binny, CH Morris, TG Southee, DS Kulkarni, PV Tambe","AJ Finch, PA Patel, UBT Chand, RG Sharma, CJ Anderson, KA Pollard, J Suchith, S Gopal, SL Malinga, R Vinay Kumar, P Suyal",9,5,3,0,2,2,173.6,174.0,170.6,174.4,0.536,0.581,0.645,0.407,153.62,0.25,1.0,0.625
829725,2015-04-15,"Maharashtra Cricket Association Stadium, Pune",Punjab Kings,Delhi Capitals,Punjab Kings,bat,Delhi Capitals,won by 5 wickets,165,169,"M Vijay, V Sehwag, WP Saha, DA Miller, GJ Maxwell, GJ Bailey, AR Patel, R Dhawan, MG Johnson, Anureet Singh, Sandeep Sharma","MA Agarwal, SS Iyer, JP Duminy, Yuvraj Singh, AD Mathews, KM Jadhav, MK Tiwary, NM Coulter-Nile, A Mishra, Imran Tahir, DJ Muthuswami",9,5,3,0,2,0,174.6,177.2,154.0,158.6,0.625,0.25,0.452,0.333,131.25,0.0,0.0,0.0
829727,2015-04-16,"Dr. Y.S. Rajasekhara Reddy ACA-VDCA Cricket Stadium, Visakhapatnam",Sunrisers Hyderabad,Rajasthan Royals,Rajasthan Royals,field,Rajasthan Royals,won by 6 wickets,127,131,"DA Warner, S Dhawan, KL Rahul, NV Ojha, EJG Morgan, RS Bopara, A Ashish Reddy, KV Sharma, P Kumar, B Kumar, TA Boult","AM Rahane, SV Samson, SPD Smith, KK Nair, STR Binny, JP Faulkner, DJ Hooda, CH Morris, TG Southee, DS Kulkarni, PV Tambe",2,3,1,2,3,3,169.2,176.2,173.0,171.6,0.6,0.2,0.645,0.407,148.0,0.0,0.0,0.0
829729,2015-04-17,"Wankhede Stadium, Mumbai",Mumbai Indians,Chennai Super Kings,Mumbai Indians,bat,Chennai Super Kings,won by 6 wickets,183,189,"LMP Simmons, PA Patel, CJ Anderson, RG Sharma, Harbhajan Singh, KA Pollard, AT Rayudu, J Suchith, R Vinay Kumar, SL Malinga, P Suyal","DR Smith, BB McCullum, SK Raina, F du Plessis, MS Dhoni, DJ Bravo, RA Jadeja, R Ashwin, MM Sharma, IC Pandey, A Nehra",9,9,0,3,1,4,171.8,175.4,179.4,173.2,0.536,0.562,0.632,0.684,152.74,0.458,0.647,0.375
829731,2015-04-18,"Dr. Y.S. Rajasekhara Reddy ACA-VDCA Cricket Stadium, Visakhapatnam",Delhi Capitals,Sunrisers Hyderabad,Delhi Capitals,bat,Delhi Capitals,won by 4 runs,167,163,"DA Warner, S Dhawan, RS Bopara, KL Rahul, NV Ojha, EJG Morgan, A Ashish Reddy, KV Sharma, P Kumar, B Kumar, DW Steyn","MA Agarwal, SS Iyer, JP Duminy, Yuvraj Singh, AD Mathews, KM Jadhav, MK Tiwary, NM Coulter-Nile, A Mishra, Imran Tahir, DJ Muthuswami",0,4,0,3,1,2,155.0,158.6,162.4,170.4,0.452,0.333,0.6,0.2,141.67,0.5,0.0,0.0
829733,2015-04-18,"Maharashtra Cricket Association Stadium, Pune",Punjab Kings,Kolkata Knight Riders,Kolkata Knight Riders,field,Kolkata Knight Riders,won by 4 wickets,155,159,"M Vijay, V Sehwag, WP Saha, GJ Maxwell, GJ Bailey, NLTC Perera, Gurkeerat Singh, AR Patel, MG Johnson, Anureet Singh, Sandeep Sharma","RV Uthappa, G Gambhir, MK Pandey, SA Yadav, YK Pathan, RN ten Doeschate, AD Russell, PP Chawla, SP Narine, M Morkel, UT Yadav",6,9,0,3,2,4,180.6,178.4,174.2,168.2,0.625,0.238,0.593,0.483,143.17,0.0,0.0,0.0
829735,2015-04-19,"Sardar Patel Stadium, Motera",Chennai Super Kings,Rajasthan Royals,Chennai Super Kings,bat,Rajasthan Royals,won by 8 wickets,156,157,"AM Rahane, SR Watson, SPD Smith, KK Nair, SV Samson, STR Binny, DJ Hooda, JP Faulkner, CH Morris, PV Tambe, Ankit Sharma","DR Smith, BB McCullum, SK Raina, F du Plessis, DJ Bravo, MS Dhoni, RA Jadeja, R Ashwin, MM Sharma, IC Pandey, A Nehra",10,5,2,1,4,4,185.2,179.0,166.6,161.2,0.632,0.684,0.656,0.407,154.83,0.25,0.0,0.667
829737,2015-04-19,"M Chinnaswamy Stadium, Bengaluru",Mumbai Indians,Royal Challengers Bengaluru,Royal Challengers Bengaluru,field,Mumbai Indians,won by 18 runs,209,191,"CH Gayle, MS Bisla, V Kohli, KD Karthik, AB de Villiers, RR Rossouw, D Wiese, Iqbal Abdulla, AN Ahmed, VR Aaron, YS Chahal","LMP Simmons, PA Patel, UBT Chand, RG Sharma, KA Pollard, AT Rayudu, Harbhajan Singh, HH Pandya, JJ Bumrah, MJ McClenaghan, SL Malinga",8,7,2,1,0,1,169.4,175.4,164.8,173.0,0.536,0.545,0.545,0.385,156.86,0.556,0.667,0.512
829739,2015-04-20,"Arun Jaitley Stadium, Delhi",Delhi Capitals,Kolkata Knight Riders,Kolkata Knight Riders,field,Kolkata Knight Riders,won by 6 wickets,146,147,"MA Agarwal, SS Iyer, JP Duminy, MK Tiwary, Yuvraj Singh, AD Mathews, KM Jadhav, NM Coulter-Nile, A Mishra, Imran Tahir, DJ Muthuswami","RV Uthappa, G Gambhir, MK Pandey, SA Yadav, YK Pathan, RN ten Doeschate, AD Russell, PP Chawla, SP Narine, M Morkel, UT Yadav",6,7,2,1,2,4,156.8,156.6,173.8,167.2,0.452,0.364,0.607,0.483,152.29,0.55,0.35,0.75
829741,2015-04-21,"Sardar Patel Stadium, Motera",Rajasthan Royals,Punjab Kings,Punjab Kings,field,,,191,191,"AM Rahane, SR Watson, DJ Hooda, SPD Smith, KK Nair, JP Faulkner, STR Binny, SV Samson, CH Morris, R Tewatia, PV Tambe","M Vijay, V Sehwag, SE Marsh, GJ Maxwell, DA Miller, WP Saha, AR Patel, MG Johnson, Anureet Singh, Shivam Sharma, Sandeep Sharma",9,5,1,2,5,1,160.2,153.4,166.4,169.8,0.656,0.407,0.625,0.238,155.0,0.25,0.7,0.0
829743,2015-04-22,"Dr. Y.S. Rajasekhara Reddy ACA-VDCA Cricket Stadium, Visakhapatnam",Sunrisers Hyderabad,Kolkata Knight Riders,Kolkata Knight Riders,field,Sunrisers Hyderabad,won by 16 runs,176,101,"S Dhawan, DA Warner, RS Bopara, NV Ojha, MC Henriques, KL Rahul, KV Sharma, Bipul Sharma, P Kumar, B Kumar, DW Steyn","RV Uthappa, G Gambhir, MK Pandey, AD Russell, YK Pathan, SA Yadav, J Botha, PP Chawla, SP Narine, M Morkel, UT Yadav",1,3,1,2,1,4,157.2,166.8,170.6,169.4,0.6,0.2,0.621,0.483,147.5,0.5,0.0,0.0
829745,2015-04-22,"M Chinnaswamy Stadium, Bengaluru",Chennai Super Kings,Royal Challengers Bengaluru,Royal Challengers Bengaluru,field,Chennai Super Kings,won by 27 runs,181,154,"MS Bisla, RR Rossouw, V Kohli, KD Karthik, AB de Villiers, SN Khan, D Wiese, HV Patel, MA Starc, Iqbal Abdulla, YS Chahal","DR Smith, BB McCullum, SK Raina, MS Dhoni, RA Jadeja, F du Plessis, DJ Bravo, R Ashwin, MM Sharma, A Nehra, IC Pandey",9,7,1,2,3,1,181.2,175.8,171.0,182.6,0.632,0.667,0.529,0.385,157.84,0.541,0.5,0.5
829747,2015-04-23,"Arun Jaitley Stadium, Delhi",Delhi Capitals,Mumbai Indians,Mumbai Indians,field,Delhi Capitals,won by 37 runs,190,153,"MA Agarwal, SS Iyer, JP Duminy, AD Mathews, Yuvraj Singh, KM Jadhav, NM Coulter-Nile, A Mishra, S Nadeem, Imran Tahir, DJ Muthuswami","LMP Simmons, PA Patel, UBT Chand, RG Sharma, KA Pollard, AT Rayudu, HH Pandya, Harbhajan Singh, MJ McClenaghan, SL Malinga, JJ Bumrah",7,7,2,1,2,1,163.0,162.2,176.6,178.4,0.452,0.364,0.536,0.545,152.15,0.571,0.341,0.333
829749,2015-04-24,"Sardar Patel Stadium, Motera",Rajasthan Royals,Royal Challengers Bengaluru,Royal Challengers Bengaluru,field,Royal Challengers Bengaluru,won by 9 wickets,130,134,"AM Rahane, SR Watson, SPD Smith, KK Nair, DJ Hooda, SV Samson, STR Binny, JP Faulkner, CH Morris, DS Kulkarni, PV Tambe","CH Gayle, V Kohli, AB de Villiers, Mandeep Singh, KD Karthik, SN Khan, D Wiese, HV Patel, MA Starc, Iqbal Abdulla, YS Chahal",7,6,3,0,4,1,166.0,164.4,168.8,179.8,0.656,0.407,0.514,0.385,158.27,0.2,0.636,0.0
829751,2015-04-25,"Wankhede Stadium, Mumbai",Mumbai Indians,Sunrisers Hyderabad,Mumbai Indians,bat,Mumbai Indians,won by 20 runs,157,137,"LMP Simmons, PA Patel, UBT Chand, RG Sharma, KA Pollard, AT Rayudu, Harbhajan Singh, J Suchith, R Vinay Kumar, MJ McClenaghan, SL Malinga","S Dhawan, DA Warner, KL Rahul, NV Ojha, RS Bopara, GH Vihari, KV Sharma, P Kumar, DW Steyn, B Kumar, TA Boult",2,2,2,1,1,2,173.6,182.4,160.4,154.8,0.517,0.545,0.6,0.2,153.59,0.458,0.629,0.0
829753,2015-04-25,"MA Chidambaram Stadium, Chepauk, Chennai",Chennai Super Kings,Punjab Kings,Chennai Super Kings,bat,Chennai Super Kings,won by 97 runs,192,95,"DR Smith, BB McCullum, SK Raina, MS Dhoni, RA Jadeja, F du Plessis, DJ Bravo, R Ashwin, MM Sharma, IC Pandey, A Nehra","M Vijay, V Sehwag, SE Marsh, GJ Bailey, DA Miller, WP Saha, AR Patel, MG Johnson, Anureet Singh, Karanveer Singh, Sandeep Sharma",8,6,0,3,4,1,177.0,161.4,164.8,168.0,0.632,0.667,0.606,0.238,160.63,0.308,0.69,0.25
829757,2015-04-26,"Arun Jaitley Stadium, Delhi",Delhi Capitals,Royal Challengers Bengaluru,Royal Challengers Bengaluru,field,Royal Challengers Bengaluru,won by 10 wickets,95,99,"MA Agarwal, SS Iyer, JP Duminy, Yuvraj Singh, AD Mathews, KM Jadhav, NM Coulter-Nile, A Mishra, S Nadeem, Imran Tahir, DJ Muthuswami","CH Gayle, V Kohli, AB de Villiers, Mandeep Singh, KD Karthik, SN Khan, D Wiese, HV Patel, MA Starc, Iqbal Abdulla, VR Aaron",5,7,0,3,3,2,171.2,162.8,164.8,173.8,0.452,0.364,0.528,0.385,152.59,0.545,0.357,0.6
829759,2015-04-27,"Punjab Cricket Association IS Bindra Stadium, Mohali, Chandigarh",Sunrisers Hyderabad,Punjab Kings,Punjab Kings,field,Sunrisers Hyderabad,won by 20 runs,150,130,"M Vijay, M Vohra, SE Marsh, GJ Bailey, DA Miller, WP Saha, AR Patel, R Dhawan, MG Johnson, Anureet Singh, Sandeep Sharma","DA Warner, S Dhawan, GH Vihari, MC Henriques, NV Ojha, RS Bopara, A Ashish Reddy, KV Sharma, P Kumar, B Kumar, TA Boult",2,2,1,2,2,1,155.0,144.4,156.6,174.0,0.6,0.2,0.606,0.238,160.19,0.579,1.0,0.548
829765,2015-04-28,"MA Chidambaram Stadium, Chepauk, Chennai",Chennai Super Kings,Kolkata Knight Riders,Kolkata Knight Riders,field,Chennai Super Kings,won by 2 runs,134,132,"DR Smith, BB McCullum, SK Raina, F du Plessis, MS Dhoni, DJ Bravo, RA Jadeja, R Ashwin, MM Sharma, IC Pandey, A Nehra","RV Uthappa, G Gambhir, MK Pandey, SA Yadav, YK Pathan, RN ten Doeschate, AD Russell, PJ Cummins, PP Chawla, UT Yadav, GB Hogg",9,5,2,1,4,3,185.4,150.6,150.8,164.8,0.632,0.675,0.6,0.483,160.24,0.308,0.698,0.333
829763,2015-04-29,"M Chinnaswamy Stadium, Bengaluru",Royal Challengers Bengaluru,,Rajasthan Royals,field,,,200,0,"CH Gayle, V Kohli, AB de Villiers, Mandeep Singh, KD Karthik, SN Khan, D Wiese, HV Patel, MA Starc, VR Aaron, YS Chahal","AM Rahane, SR Watson, SPD Smith, KK Nair, SV Samson, STR Binny, DJ Hooda, JP Faulkner, PV Tambe, DS Kulkarni, TG Southee",0,0,0,0,2,0,148.8,157.4,0.0,56.0,0.541,0.385,0.0,0.0,158.06,0.526,0.488,0.0
829723,2015-04-30,"Eden Gardens, Kolkata",Chennai Super Kings,Kolkata Knight Riders,Kolkata Knight Riders,field,Kolkata Knight Riders,won by 7 wickets,165,169,"RV Uthappa, G Gambhir, MK Pandey, SA Yadav, AD Russell, RN ten Doeschate, YK Pathan, PJ Cummins, PP Chawla, GB Hogg, UT Yadav","DR Smith, BB McCullum, SK Raina, F du Plessis, DJ Bravo, MS Dhoni, RA Jadeja, P Negi, MM Sharma, A Nehra, RG More",10,5,2,1,4,2,170.4,144.2,143.2,158.0,0.632,0.675,0.581,0.483,144.8,0.765,0.571,0.625
829769,2015-05-01,"Wankhede Stadium, Mumbai",Mumbai Indians,Rajasthan Royals,Rajasthan Royals,field,Mumbai Indians,won by 8 runs,187,179,"LMP Simmons, PA Patel, UBT Chand, RG Sharma, AT Rayudu, KA Pollard, Harbhajan Singh, J Suchith, R Vinay Kumar, MJ McClenaghan, SL Malinga","AM Rahane, SR Watson, SV Samson, SPD Smith, KK Nair, STR Binny, DJ Hooda, TG Southee, J Theron, DS Kulkarni, Ankit Sharma",9,6,2,1,2,3,173.2,174.4,154.8,154.4,0.517,0.559,0.656,0.407,153.43,0.458,0.639,0.4
829767,2015-05-01,"Arun Jaitley Stadium, Delhi",Punjab Kings,Delhi Capitals,Delhi Capitals,field,Delhi Capitals,won by 9 wickets,118,119,"MA Agarwal, SS Iyer, SS Tiwary, JP Duminy, Yuvraj Singh, AD Mathews, KM Jadhav, NM Coulter-Nile, A Mishra, Z Khan, Imran Tahir","V Sehwag, M Vohra, SE Marsh, WP Saha, DA Miller, GJ Bailey, NLTC Perera, AR Patel, SN Thakur, Anureet Singh, Sandeep Sharma",9,6,2,1,0,3,147.2,172.2,153.4,145.4,0.588,0.238,0.452,0.364,151.36,0.565,0.667,0.349
829771,2015-05-02,"M Chinnaswamy Stadium, Bengaluru",Kolkata Knight Riders,Royal Challengers Bengaluru,Royal Challengers Bengaluru,field,Royal Challengers Bengaluru,won by 7 wickets,111,115,"CH Gayle, V Kohli, AB de Villiers, Mandeep Singh, D Wiese, KD Karthik, SN Khan, HV Patel, MA Starc, VR Aaron, YS Chahal","RV Uthappa, G Gambhir, AD Russell, RN ten Doeschate, YK Pathan, SA Yadav, MK Pandey, PJ Cummins, PP Chawla, GB Hogg, UT Yadav",8,7,2,1,3,2,141.6,155.2,155.6,123.0,0.594,0.483,0.541,0.385,156.79,0.513,0.5,0.477
829773,2015-05-02,"Rajiv Gandhi International Stadium, Uppal, Hyderabad",Sunrisers Hyderabad,Chennai Super Kings,Chennai Super Kings,field,Sunrisers Hyderabad,won by 22 runs,192,170,"DA Warner, S Dhawan, MC Henriques, EJG Morgan, NV Ojha, A Ashish Reddy, GH Vihari, KV Sharma, B Kumar, P Kumar, TA Boult","DR Smith, BB McCullum, SK Raina, F du Plessis, MS Dhoni, P Negi, DJ Bravo, RA Jadeja, MM Sharma, A Nehra, RG More",1,4,1,2,2,3,150.6,137.2,165.6,141.4,0.6,0.2,0.632,0.675,152.63,0.429,0.583,1.0
829775,2015-05-03,"Punjab Cricket Association IS Bindra Stadium, Mohali, Chandigarh",Mumbai Indians,Punjab Kings,Mumbai Indians,bat,Mumbai Indians,won by 23 runs,172,149,"M Vijay, V Sehwag, GJ Maxwell, DA Miller, GJ Bailey, WP Saha, AR Patel, MG Johnson, Anureet Singh, Sandeep Sharma, Karanveer Singh","LMP Simmons, PA Patel, RG Sharma, KA Pollard, AT Rayudu, UBT Chand, Harbhajan Singh, J Suchith, R Vinay Kumar, MJ McClenaghan, SL Malinga",7,8,2,1,3,0,177.8,177.2,137.8,162.2,0.517,0.559,0.588,0.238,159.56,0.55,0.4,0.531
829777,2015-05-03,"Brabourne Stadium, Mumbai",Rajasthan Royals,Delhi Capitals,Delhi Capitals,field,Rajasthan Royals,won by 14 runs,189,175,"AM Rahane, SR Watson, KK Nair, JP Faulkner, SPD Smith, SV Samson, STR Binny, DJ Hooda, TG Southee, DS Kulkarni, R Bhatia","MA Agarwal, SS Iyer, JP Duminy, Yuvraj Singh, AD Mathews, KM Jadhav, SS Tiwary, NM Coulter-Nile, A Mishra, Z Khan, GS Sandhu",9,6,3,0,2,3,157.6,159.0,143.4,136.0,0.636,0.407,0.469,0.364,168.38,1.0,0.0,0.0
829779,2015-05-04,"MA Chidambaram Stadium, Chepauk, Chennai",Chennai Super Kings,Royal Challengers Bengaluru,Chennai Super Kings,bat,Chennai Super Kings,won by 24 runs,148,124,"DR Smith, BB McCullum, SK Raina, F du Plessis, MS Dhoni, RA Jadeja, P Negi, DJ Bravo, MM Sharma, A Nehra, IC Pandey","NJ Maddinson, V Kohli, AB de Villiers, Mandeep Singh, KD Karthik, SN Khan, D Wiese, HV Patel, MA Starc, Iqbal Abdulla, YS Chahal",10,7,2,1,3,3,168.4,148.4,140.4,103.4,0.6,0.675,0.553,0.385,159.63,0.286,0.705,0.286
829781,2015-05-04,"Eden Gardens, Kolkata",Kolkata Knight Riders,Sunrisers Hyderabad,Sunrisers Hyderabad,field,Kolkata Knight Riders,won by 35 runs,167,132,"RV Uthappa, G Gambhir, MK Pandey, AD Russell, RN ten Doeschate, YK Pathan, J Botha, SA Yadav, PP Chawla, GB Hogg, UT Yadav","DA Warner, S Dhawan, NV Ojha, MC Henriques, EJG Morgan, GH Vihari, Bipul Sharma, KV Sharma, P Kumar, B Kumar, DW Steyn",3,2,2,1,2,3,132.0,147.2,163.6,145.0,0.594,0.483,0.6,0.2,145.31,0.778,0.634,0.0
829783,2015-05-05,"Wankhede Stadium, Mumbai",Delhi Capitals,Mumbai Indians,Delhi Capitals,bat,Mumbai Indians,won by 5 wickets,152,153,"LMP Simmons, PA Patel, HH Pandya, RG Sharma, Harbhajan Singh, AT Rayudu, KA Pollard, J Suchith, R Vinay Kumar, MJ McClenaghan, SL Malinga","MA Agarwal, SS Iyer, JP Duminy, KM Jadhav, Yuvraj Singh, AD Mathews, SS Tiwary, NM Coulter-Nile, A Mishra, Imran Tahir, Z Khan",8,7,2,1,2,4,145.0,141.2,175.6,169.2,0.455,0.364,0.517,0.571,154.15,0.44,0.2,0.649
829785,2015-05-06,"M Chinnaswamy Stadium, Bengaluru",Royal Challengers Bengaluru,Punjab Kings,Punjab Kings,field,Royal Challengers Bengaluru,won by 138 runs,226,88,"CH Gayle, V Kohli, AB de Villiers, KD Karthik, SN Khan, Mandeep Singh, D Wiese, MA Starc, HV Patel, YS Chahal, S Aravind","M Vijay, M Vohra, WP Saha, GJ Maxwell, DA Miller, GJ Bailey, AR Patel, MG Johnson, Anureet Singh, Karanveer Singh, Sandeep Sharma",5,9,0,3,3,0,134.4,96.8,136.6,164.8,0.553,0.385,0.588,0.238,155.86,0.525,0.489,0.571
829787,2015-05-07,"Brabourne Stadium, Mumbai",Sunrisers Hyderabad,Rajasthan Royals,Rajasthan Royals,field,Sunrisers Hyderabad,won by 7 runs,201,194,"AM Rahane, SR Watson, SPD Smith, KK Nair, DJ Hooda, JP Faulkner, SV Samson, STR Binny, CH Morris, DS Kulkarni, PV Tambe","S Dhawan, DA Warner, MC Henriques, EJG Morgan, RS Bopara, NV Ojha, GH Vihari, KV Sharma, P Kumar, B Kumar, I Sharma",2,4,1,2,3,2,157.4,145.0,169.2,168.6,0.5,0.2,0.636,0.407,169.89,0.75,0.0,0.5
829761,2015-05-07,"Eden Gardens, Kolkata",Kolkata Knight Riders,Delhi Capitals,Kolkata Knight Riders,bat,Kolkata Knight Riders,won by 13 runs,171,158,"RV Uthappa, G Gambhir, MK Pandey, PP Chawla, YK Pathan, AD Russell, SA Yadav, J Botha, GB Hogg, UT Yadav, SP Narine","MK Tiwary, SS Iyer, JP Duminy, KM Jadhav, Yuvraj Singh, AD Mathews, SS Tiwary, JA Morkel, A Mishra, Imran Tahir, Z Khan",8,6,2,1,2,2,136.0,144.4,146.2,142.4,0.594,0.483,0.455,0.348,145.41,0.737,0.643,0.25
829789,2015-05-08,"MA Chidambaram Stadium, Chepauk, Chennai",Chennai Super Kings,Mumbai Indians,Chennai Super Kings,bat,Mumbai Indians,won by 6 wickets,158,159,"DR Smith, BB McCullum, SK Raina, F du Plessis, MS Dhoni, P Negi, RA Jadeja, DJ Bravo, R Ashwin, MM Sharma, A Nehra","LMP Simmons, PA Patel, RG Sharma, KA Pollard, AT Rayudu, HH Pandya, Harbhajan Singh, J Suchith, R Vinay Kumar, MJ McClenaghan, M de Lange",10,9,3,0,3,4,161.8,142.4,164.4,161.4,0.6,0.683,0.517,0.571,159.12,0.286,0.711,0.4
829791,2015-05-09,"Eden Gardens, Kolkata",Punjab Kings,Kolkata Knight Riders,Punjab Kings,bat,Kolkata Knight Riders,won by 1 wickets,183,184,"RV Uthappa, G Gambhir, MK Pandey, SA Yadav, YK Pathan, AD Russell, J Botha, PP Chawla, GB Hogg, UT Yadav, SP Narine","M Vijay, M Vohra, WP Saha, GJ Maxwell, DA Miller, Gurkeerat Singh, GJ Bailey, AR Patel, BE Hendricks, Anureet Singh, Sandeep Sharma",6,10,0,3,0,3,116.0,171.8,150.0,140.8,0.571,0.238,0.594,0.5,145.83,0.737,0.333,0.651
829793,2015-05-09,Shaheed Veer Narayan Singh International Stadium,Sunrisers Hyderabad,Delhi Capitals,Sunrisers Hyderabad,bat,Sunrisers Hyderabad,won by 6 runs,163,157,"Q de Kock, SS Iyer, JP Duminy, Yuvraj Singh, KM Jadhav, SS Tiwary, JA Morkel, J Yadav, NM Coulter-Nile, A Mishra, Z Khan","S Dhawan, DA Warner, MC Henriques, EJG Morgan, KV Sharma, RS Bopara, NV Ojha, Parvez Rasool, P Kumar, B Kumar, I Sharma",4,1,2,1,3,1,162.4,163.6,139.8,146.0,0.5,0.2,0.455,0.348,146.5,0.0,0.0,1.0
829795,2015-05-10,"Wankhede Stadium, Mumbai",Royal Challengers Bengaluru,Mumbai Indians,Royal Challengers Bengaluru,bat,Royal Challengers Bengaluru,won by 39 runs,235,196,"PA Patel, LMP Simmons, RG Sharma, KA Pollard, HH Pandya, AT Rayudu, Harbhajan Singh, J Suchith, MJ McClenaghan, SL Malinga, JJ Bumrah","CH Gayle, V Kohli, AB de Villiers, KD Karthik, SN Khan, Mandeep Singh, D Wiese, MA Starc, HV Patel, YS Chahal, S Aravind",7,9,1,2,3,5,152.8,88.4,165.6,155.0,0.553,0.385,0.517,0.571,154.11,0.44,0.4,0.658
829797,2015-05-10,"MA Chidambaram Stadium, Chepauk, Chennai",Chennai Super Kings,Rajasthan Royals,Chennai Super Kings,bat,Chennai Super Kings,won by 12 runs,157,145,"DR Smith, BB McCullum, SK Raina, F du Plessis, P Negi, MS Dhoni, DJ Bravo, RA Jadeja, R Ashwin, MM Sharma, A Nehra","AM Rahane, SR Watson, SPD Smith, KK Nair, DJ Hooda, SV Samson, JP Faulkner, CH Morris, R Bhatia, Ankit Sharma, PV Tambe",10,6,2,1,2,1,155.0,155.2,176.6,177.6,0.6,0.667,0.618,0.407,159.11,0.286,0.696,0.2
829799,2015-05-11,"Rajiv Gandhi International Stadium, Uppal, Hyderabad",Sunrisers Hyderabad,Punjab Kings,Sunrisers Hyderabad,bat,Sunrisers Hyderabad,won by 5 runs,185,180,"DA Warner, S Dhawan, MC Henriques, EJG Morgan, NV Ojha, KL Rahul, KV Sharma, Bipul Sharma, B Kumar, TA Boult, I Sharma","M Vijay, M Vohra, WP Saha, GJ Maxwell, DA Miller, GJ Bailey, Gurkeerat Singh, AR Patel, BE Hendricks, Anureet Singh, Sandeep Sharma",3,2,1,2,4,0,167.6,163.6,133.6,170.2,0.5,0.273,0.571,0.227,153.55,0.4,0.615,0.8
829801,2015-05-12,Shaheed Veer Narayan Singh International Stadium,Chennai Super Kings,Delhi Capitals,Chennai Super Kings,bat,Delhi Capitals,won by 6 wickets,119,120,"Q de Kock, SS Iyer, JP Duminy, Yuvraj Singh, JA Morkel, KM Jadhav, SS Tiwary, J Yadav, GS Sandhu, Z Khan, S Nadeem","DR Smith, BB McCullum, SK Raina, F du Plessis, MS Dhoni, DJ Bravo, P Negi, RA Jadeja, R Ashwin, MM Sharma, IC Pandey",11,4,3,0,2,1,159.6,157.8,152.2,158.8,0.6,0.674,0.455,0.348,151.0,0.0,0.0,0.667
829803,2015-05-13,"Punjab Cricket Association IS Bindra Stadium, Mohali, Chandigarh",Punjab Kings,Royal Challengers Bengaluru,Royal Challengers Bengaluru,field,Punjab Kings,won by 22 runs,106,84,"WP Saha, M Vohra, GJ Maxwell, DA Miller, GJ Bailey, AR Patel, Gurkeerat Singh, R Dhawan, BE Hendricks, Anureet Singh, Sandeep Sharma","CH Gayle, V Kohli, AB de Villiers, Mandeep Singh, KD Karthik, SN Khan, D Wiese, HV Patel, MA Starc, YS Chahal, S Aravind",9,6,2,1,0,3,143.6,177.2,180.0,108.6,0.571,0.227,0.553,0.429,159.59,0.55,0.515,0.5
829805,2015-05-14,"Wankhede Stadium, Mumbai",Mumbai Indians,Kolkata Knight Riders,Kolkata Knight Riders,field,Mumbai Indians,won by 5 runs,171,166,"LMP Simmons, PA Patel, RG Sharma, AT Rayudu, KA Pollard, HH Pandya, Harbhajan Singh, J Suchith, MJ McClenaghan, R Vinay Kumar, SL Malinga","RV Uthappa, G Gambhir, MK Pandey, YK Pathan, Shakib Al Hasan, AD Russell, SA Yadav, PP Chawla, UT Yadav, M Morkel, SP Narine",10,5,0,3,4,4,173.4,174.6,160.4,150.6,0.517,0.571,0.594,0.5,155.53,0.44,0.641,0.25
829807,2015-05-15,"Rajiv Gandhi International Stadium, Uppal, Hyderabad",Sunrisers Hyderabad,Royal Challengers Bengaluru,Sunrisers Hyderabad,bat,Royal Challengers Bengaluru,won by 6 wickets,135,83,"DA Warner, S Dhawan, MC Henriques, EJG Morgan, NV Ojha, KL Rahul, Bipul Sharma, KV Sharma, B Kumar, P Kumar, DW Steyn","CH Gayle, V Kohli, AB de Villiers, Mandeep Singh, KD Karthik, SN Khan, D Wiese, MA Starc, HV Patel, YS Chahal, AB Dinda",2,2,2,1,4,3,174.6,173.6,156.8,129.8,0.5,0.333,0.538,0.429,154.45,0.4,0.643,0.2
829811,2015-05-16,"Brabourne Stadium, Mumbai",Rajasthan Royals,Kolkata Knight Riders,Rajasthan Royals,bat,Rajasthan Royals,won by 9 runs,199,190,"AM Rahane, SR Watson, SPD Smith, SV Samson, JP Faulkner, KK Nair, CH Morris, DJ Hooda, STR Binny, DS Kulkarni, BB Sran","RV Uthappa, G Gambhir, MK Pandey, YK Pathan, AD Russell, SA Yadav, Shakib Al Hasan, Azhar Mahmood, PP Chawla, UT Yadav, M Morkel",6,6,1,1,1,3,167.4,170.8,159.8,151.8,0.618,0.407,0.576,0.5,172.65,0.6,0.333,0.0
829809,2015-05-16,"Punjab Cricket Association IS Bindra Stadium, Mohali, Chandigarh",Punjab Kings,Chennai Super Kings,Punjab Kings,bat,Chennai Super Kings,won by 7 wickets,130,134,"WP Saha, M Vohra, GJ Bailey, GJ Maxwell, Gurkeerat Singh, DA Miller, AR Patel, R Dhawan, BE Hendricks, Anureet Singh, Sandeep Sharma","MEK Hussey, BB McCullum, F du Plessis, SK Raina, MS Dhoni, DJ Bravo, P Negi, RA Jadeja, R Ashwin, A Nehra, IC Pandey",6,9,2,1,1,2,141.2,170.2,150.4,148.0,0.571,0.227,0.6,0.659,157.69,0.524,0.529,0.667
829813,2015-05-17,"M Chinnaswamy Stadium, Bengaluru",Delhi Capitals,Royal Challengers Bengaluru,Royal Challengers Bengaluru,field,,,187,2,"V Kohli, CH Gayle, AB de Villiers, Mandeep Singh, KD Karthik, SN Khan, D Wiese, MA Starc, HV Patel, YS Chahal, AB Dinda","Q de Kock, SS Iyer, JP Duminy, Yuvraj Singh, KM Jadhav, AD Mathews, SS Tiwary, J Yadav, S Nadeem, GS Sandhu, Z Khan",5,8,0,3,1,3,152.4,159.0,150.4,134.6,0.455,0.348,0.538,0.429,155.89,0.512,0.4,0.5
829815,2015-05-17,"Rajiv Gandhi International Stadium, Uppal, Hyderabad",Sunrisers Hyderabad,Mumbai Indians,Sunrisers Hyderabad,bat,Mumbai Indians,won by 9 wickets,113,114,"DA Warner, S Dhawan, MC Henriques, EJG Morgan, KL Rahul, NV Ojha, KV Sharma, A Ashish Reddy, B Kumar, P Kumar, DW Steyn","LMP Simmons, PA Patel, RG Sharma, AT Rayudu, KA Pollard, HH Pandya, Harbhajan Singh, J Suchith, MJ McClenaghan, R Vinay Kumar, SL Malinga",2,3,1,2,3,4,163.2,156.2,170.2,172.0,0.5,0.308,0.517,0.571,153.08,0.4,0.6,0.75
829817,2015-05-19,"Wankhede Stadium, Mumbai",Mumbai Indians,Chennai Super Kings,Mumbai Indians,bat,Mumbai Indians,won by 25 runs,187,162,"DR Smith, MEK Hussey, F du Plessis, SK Raina, MS Dhoni, DJ Bravo, RA Jadeja, P Negi, R Ashwin, MM Sharma, A Nehra","LMP Simmons, PA Patel, RG Sharma, KA Pollard, HH Pandya, AT Rayudu, Harbhajan Singh, J Suchith, MJ McClenaghan, R Vinay Kumar, SL Malinga",10,10,1,2,4,3,158.6,164.8,143.2,135.6,0.517,0.571,0.6,0.659,155.83,0.423,0.65,0.444
829819,2015-05-20,"Maharashtra Cricket Association Stadium, Pune",Royal Challengers Bengaluru,Rajasthan Royals,Royal Challengers Bengaluru,bat,Royal Challengers Bengaluru,won by 71 runs,180,109,"CH Gayle, V Kohli, AB de Villiers, Mandeep Singh, KD Karthik, SN Khan, D Wiese, MA Starc, HV Patel, YS Chahal, S Aravind","AM Rahane, SR Watson, SV Samson, SPD Smith, KK Nair, DJ Hooda, JP Faulkner, STR Binny, CH Morris, Ankit Sharma, DS Kulkarni",7,7,1,2,3,2,126.0,142.4,181.2,182.0,0.525,0.429,0.618,0.429,146.62,0.333,0.0,1.0
829821,2015-05-22,JSCA International Stadium Complex,Royal Challengers Bengaluru,Chennai Super Kings,Chennai Super Kings,field,Chennai Super Kings,won by 3 wickets,139,140,"DR Smith, MEK Hussey, F du Plessis, SK Raina, MS Dhoni, P Negi, DJ Bravo, RA Jadeja, R Ashwin, MM Sharma, A Nehra","CH Gayle, V Kohli, AB de Villiers, Mandeep Singh, KD Karthik, SN Khan, D Wiese, HV Patel, MA Starc, S Aravind, YS Chahal",7,11,0,3,3,2,116.8,146.6,146.0,148.2,0.525,0.467,0.6,0.659,148.08,0.667,0.5,0.5
829823,2015-05-24,"Eden Gardens, Kolkata",Mumbai Indians,Chennai Super Kings,Chennai Super Kings,field,Mumbai Indians,won by 41 runs,202,161,"LMP Simmons, PA Patel, RG Sharma, KA Pollard, AT Rayudu, HH Pandya, Harbhajan Singh, J Suchith, MJ McClenaghan, R Vinay Kumar, SL Malinga","DR Smith, MEK Hussey, SK Raina, MS Dhoni, DJ Bravo, P Negi, F du Plessis, RA Jadeja, R Ashwin, MM Sharma, A Nehra",11,10,2,1,4,3,165.4,166.8,142.4,144.2,0.517,0.583,0.619,0.659,146.65,0.737,0.75,0.5
980901,2016-04-09,"Wankhede Stadium, Mumbai",Mumbai Indians,Rising Pune Supergiants,Mumbai Indians,bat,Rising Pune Supergiants,won by 9 wickets,121,126,"LMP Simmons, RG Sharma, HH Pandya, JC Buttler, AT Rayudu, KA Pollard, S Gopal, Harbhajan Singh, R Vinay Kumar, MJ McClenaghan, JJ Bumrah","AM Rahane, F du Plessis, KP Pietersen, MS Dhoni, SPD Smith, R Bhatia, MR Marsh, R Ashwin, I Sharma, M Ashwin, RP Singh",0,0,0,0,4,0,174.0,167.4,0.0,0.0,0.517,0.583,0.0,0.0,156.24,0.423,0.659,0.0
980903,2016-04-10,"Eden Gardens, Kolkata",Delhi Capitals,Kolkata Knight Riders,Kolkata Knight Riders,field,Kolkata Knight Riders,won by 9 wickets,98,99,"RV Uthappa, G Gambhir, MK Pandey, C Munro, SA Yadav, YK Pathan, AD Russell, PP Chawla, JW Hastings, GB Hogg, UT Yadav","MA Agarwal, Q de Kock, SS Iyer, KK Nair, SV Samson, P Negi, CR Brathwaite, CH Morris, NM Coulter-Nile, A Mishra, Z Khan",6,9,0,3,1,3,154.8,121.6,175.6,168.6,0.455,0.348,0.576,0.5,147.39,0.7,0.2,0.659
980905,2016-04-11,"Punjab Cricket Association IS Bindra Stadium, Mohali, Chandigarh",Punjab Kings,Gujarat Lions,Gujarat Lions,field,Gujarat Lions,won by 5 wickets,161,162,"M Vijay, M Vohra, DA Miller, GJ Maxwell, WP Saha, MP Stoinis, AR Patel, MG Johnson, P Sahu, MM Sharma, Sandeep Sharma","AJ Finch, BB McCullum, SK Raina, KD Karthik, RA Jadeja, Ishan Kishan, DJ Bravo, JP Faulkner, P Kumar, PJ Sangwan, S Ladda",0,0,0,0,1,0,137.4,162.6,0.0,0.0,0.571,0.217,0.0,0.0,156.96,0.524,0.514,0.0
980907,2016-04-12,"M Chinnaswamy Stadium, Bengaluru",Royal Challengers Bengaluru,Sunrisers Hyderabad,Sunrisers Hyderabad,field,Royal Challengers Bengaluru,won by 45 runs,227,182,"CH Gayle, V Kohli, AB de Villiers, SR Watson, SN Khan, KM Jadhav, STR Binny, Parvez Rasool, HV Patel, AF Milne, YS Chahal","DA Warner, S Dhawan, MC Henriques, NV Ojha, DJ Hooda, EJG Morgan, A Ashish Reddy, KV Sharma, A Nehra, B Kumar, Mustafizur Rahman",3,2,1,2,2,3,97.6,135.4,159.4,145.6,0.525,0.467,0.5,0.286,154.63,0.5,0.489,0.333
980909,2016-04-13,"Eden Gardens, Kolkata",Kolkata Knight Riders,Mumbai Indians,Mumbai Indians,field,Mumbai Indians,won by 6 wickets,187,188,"RV Uthappa, G Gambhir, MK Pandey, AD Russell, YK Pathan, C Munro, SA Yadav, PP Chawla, JW Hastings, Kuldeep Yadav, GB Hogg","RG Sharma, PA Patel, HH Pandya, MJ McClenaghan, JC Buttler, KA Pollard, AT Rayudu, Harbhajan Singh, J Suchith, TG Southee, JJ Bumrah",5,11,2,1,3,4,162.0,161.8,159.0,145.6,0.588,0.5,0.517,0.568,146.38,0.714,0.667,0.778
980911,2016-04-14,Saurashtra Cricket Association Stadium,Rising Pune Supergiants,Gujarat Lions,Rising Pune Supergiants,bat,Gujarat Lions,won by 7 wickets,163,164,"AJ Finch, BB McCullum, SK Raina, DJ Bravo, RA Jadeja, KD Karthik, AD Nath, JP Faulkner, P Kumar, SB Jakati, PV Tambe","AM Rahane, F du Plessis, KP Pietersen, SPD Smith, MS Dhoni, MR Marsh, R Bhatia, R Ashwin, I Sharma, RP Singh, M Ashwin",0,0,0,0,1,1,126.0,121.0,162.0,161.0,0.0,0.0,1.0,0.0,0.0,0.0,0.0,0.0
980913,2016-04-15,"Arun Jaitley Stadium, Delhi",Punjab Kings,Delhi Capitals,Delhi Capitals,field,Delhi Capitals,won by 8 wickets,111,113,"Q de Kock, SS Iyer, SV Samson, P Negi, KK Nair, JP Duminy, CR Brathwaite, J Yadav, CH Morris, Z Khan, A Mishra","M Vijay, M Vohra, SE Marsh, DA Miller, GJ Maxwell, AR Patel, WP Saha, MG Johnson, MM Sharma, P Sahu, Sandeep Sharma",9,7,1,2,1,1,152.0,149.8,144.0,110.8,0.571,0.217,0.455,0.348,150.64,0.583,0.571,0.364
980915,2016-04-16,"Rajiv Gandhi International Stadium, Uppal, Hyderabad",Sunrisers Hyderabad,Kolkata Knight Riders,Sunrisers Hyderabad,bat,Kolkata Knight Riders,won by 8 wickets,142,146,"DA Warner, S Dhawan, MC Henriques, EJG Morgan, DJ Hooda, NV Ojha, A Ashish Reddy, KV Sharma, B Kumar, Mustafizur Rahman, BB Sran","RV Uthappa, G Gambhir, AD Russell, MK Pandey, Shakib Al Hasan, YK Pathan, SA Yadav, PP Chawla, SP Narine, M Morkel, UT Yadav",2,4,1,2,2,2,155.6,152.2,165.2,167.8,0.429,0.286,0.588,0.5,151.91,0.4,0.562,0.75
980917,2016-04-16,"Wankhede Stadium, Mumbai",Mumbai Indians,Gujarat Lions,Gujarat Lions,field,Gujarat Lions,won by 3 wickets,143,147,"RG Sharma, PA Patel, HH Pandya, JC Buttler, KA Pollard, AT Rayudu, Harbhajan Singh, KH Pandya, TG Southee, MJ McClenaghan, JJ Bumrah","AJ Finch, BB McCullum, SK Raina, KD Karthik, DJ Bravo, AD Nath, JP Faulkner, P Kumar, DS Kulkarni, SB Jakati, PV Tambe",0,0,0,0,4,2,162.4,149.8,163.0,162.0,0.533,0.568,1.0,0.0,155.53,0.423,0.643,0.0
980921,2016-04-17,"M Chinnaswamy Stadium, Bengaluru",Royal Challengers Bengaluru,Delhi Capitals,Delhi Capitals,field,Delhi Capitals,won by 7 wickets,191,192,"CH Gayle, V Kohli, AB de Villiers, SR Watson, SN Khan, KM Jadhav, D Wiese, Parvez Rasool, HV Patel, YS Chahal, S Aravind","Q de Kock, SS Iyer, SV Samson, KK Nair, JP Duminy, CR Brathwaite, CH Morris, P Negi, Z Khan, A Mishra, Mohammed Shami",8,5,2,0,3,2,126.2,150.6,135.0,98.8,0.525,0.467,0.471,0.348,155.63,0.488,0.5,0.333
980919,2016-04-17,"Punjab Cricket Association IS Bindra Stadium, Mohali, Chandigarh",Rising Pune Supergiants,Punjab Kings,Rising Pune Supergiants,bat,Punjab Kings,won by 6 wickets,152,153,"M Vijay, M Vohra, SE Marsh, DA Miller, GJ Maxwell, WP Saha, AR Patel, MM Sharma, KJ Abbott, P Sahu, Sandeep Sharma","AM Rahane, F du Plessis, KP Pietersen, NLTC Perera, SPD Smith, MS Dhoni, IK Pathan, R Ashwin, I Sharma, Ankit Sharma, M Ashwin",0,0,0,0,1,1,144.5,142.5,137.6,135.6,0.0,0.0,0.571,0.217,157.08,0.545,0.0,0.5
980923,2016-04-18,"Rajiv Gandhi International Stadium, Uppal, Hyderabad",Mumbai Indians,Sunrisers Hyderabad,Sunrisers Hyderabad,field,Sunrisers Hyderabad,won by 7 wickets,142,145,"DA Warner, S Dhawan, MC Henriques, EJG Morgan, DJ Hooda, NV Ojha, Bipul Sharma, A Ashish Reddy, B Kumar, Mustafizur Rahman, BB Sran","MJ Guptill, PA Patel, AT Rayudu, RG Sharma, JC Buttler, KH Pandya, HH Pandya, Harbhajan Singh, TG Southee, MJ McClenaghan, JJ Bumrah",4,2,3,0,3,1,168.2,156.6,151.4,150.0,0.533,0.568,0.429,0.267,151.69,0.4,0.8,0.529
980925,2016-04-19,"Punjab Cricket Association IS Bindra Stadium, Mohali, Chandigarh",Punjab Kings,Kolkata Knight Riders,Kolkata Knight Riders,field,Kolkata Knight Riders,won by 6 wickets,138,141,"M Vijay, M Vohra, SE Marsh, WP Saha, DA Miller, GJ Maxwell, AR Patel, MM Sharma, P Sahu, KJ Abbott, Sandeep Sharma","RV Uthappa, G Gambhir, MK Pandey, Shakib Al Hasan, SA Yadav, YK Pathan, AD Russell, PP Chawla, SP Narine, M Morkel, UT Yadav",6,11,0,3,2,2,132.2,129.0,157.6,159.6,0.571,0.217,0.588,0.5,156.96,0.545,0.514,0.5
980927,2016-04-20,"Wankhede Stadium, Mumbai",Royal Challengers Bengaluru,Mumbai Indians,Mumbai Indians,field,Mumbai Indians,won by 6 wickets,170,171,"RG Sharma, PA Patel, AT Rayudu, JC Buttler, KA Pollard, HH Pandya, KH Pandya, Harbhajan Singh, JJ Bumrah, MJ McClenaghan, TG Southee","V Kohli, KL Rahul, AB de Villiers, SR Watson, TM Head, SN Khan, STR Binny, HV Patel, KW Richardson, Iqbal Abdulla, VR Aaron",8,9,1,2,2,2,147.8,162.0,159.2,153.2,0.525,0.467,0.533,0.568,155.31,0.444,0.5,0.628
980929,2016-04-21,Saurashtra Cricket Association Stadium,Gujarat Lions,Sunrisers Hyderabad,Sunrisers Hyderabad,field,Sunrisers Hyderabad,won by 10 wickets,135,137,"AJ Finch, BB McCullum, SK Raina, KD Karthik, DJ Bravo, RA Jadeja, AD Nath, DW Steyn, P Kumar, DS Kulkarni, PV Tambe","DA Warner, S Dhawan, MC Henriques, EJG Morgan, DJ Hooda, AP Tare, NV Ojha, B Kumar, Mustafizur Rahman, Bipul Sharma, BB Sran",0,0,0,0,3,1,157.67,155.67,143.4,142.4,1.0,0.0,0.5,0.267,163.5,0.0,1.0,0.0
980931,2016-04-22,"Maharashtra Cricket Association Stadium, Pune",Royal Challengers Bengaluru,Rising Pune Supergiants,Rising Pune Supergiants,field,Royal Challengers Bengaluru,won by 13 runs,185,172,"AM Rahane, F du Plessis, KP Pietersen, SPD Smith, MS Dhoni, NLTC Perera, R Bhatia, R Ashwin, Ankit Sharma, M Ashwin, I Sharma","V Kohli, KL Rahul, AB de Villiers, SR Watson, SN Khan, Mandeep Singh, STR Binny, HV Patel, KW Richardson, T Shamsi, Iqbal Abdulla",0,0,0,0,2,1,181.4,158.8,147.0,146.0,0.525,0.467,0.0,0.0,146.2,0.333,1.0,0.0
980933,2016-04-23,"Arun Jaitley Stadium, Delhi",Delhi Capitals,Mumbai Indians,Mumbai Indians,field,Delhi Capitals,won by 10 runs,164,154,"Q de Kock, SS Iyer, SV Samson, KK Nair, JP Duminy, P Negi, CH Morris, Z Khan, A Mishra, Mohammed Shami, Imran Tahir","RG Sharma, PA Patel, AT Rayudu, KH Pandya, JC Buttler, KA Pollard, HH Pandya, Harbhajan Singh, TG Southee, MJ McClenaghan, JJ Bumrah",8,8,1,2,3,2,142.0,104.4,153.0,155.0,0.486,0.348,0.548,0.568,149.82,0.6,0.378,0.286
980935,2016-04-23,"Rajiv Gandhi International Stadium, Uppal, Hyderabad",Punjab Kings,Sunrisers Hyderabad,Sunrisers Hyderabad,field,Sunrisers Hyderabad,won by 5 wickets,143,146,"DA Warner, S Dhawan, AP Tare, EJG Morgan, DJ Hooda, MC Henriques, NV Ojha, Bipul Sharma, B Kumar, BB Sran, Mustafizur Rahman","M Vijay, M Vohra, SE Marsh, DA Miller, GJ Maxwell, NS Naik, AR Patel, R Dhawan, MM Sharma, KJ Abbott, Sandeep Sharma",2,4,1,2,1,2,138.6,140.4,143.8,152.8,0.571,0.217,0.556,0.267,151.46,0.438,0.667,0.556
980937,2016-04-24,Saurashtra Cricket Association Stadium,Royal Challengers Bengaluru,Gujarat Lions,Royal Challengers Bengaluru,bat,Gujarat Lions,won by 6 wickets,180,182,"DR Smith, BB McCullum, SK Raina, KD Karthik, RA Jadeja, DJ Bravo, AJ Finch, P Kumar, DS Kulkarni, SB Jakati, PV Tambe","V Kohli, SR Watson, AB de Villiers, KL Rahul, SN Khan, KM Jadhav, STR Binny, Iqbal Abdulla, YS Chahal, KW Richardson, T Shamsi",0,0,0,0,2,3,182.4,171.4,152.0,151.0,0.525,0.467,1.0,0.0,149.75,1.0,0.0,0.5
980939,2016-04-24,"Maharashtra Cricket Association Stadium, Pune",Rising Pune Supergiants,Kolkata Knight Riders,Kolkata Knight Riders,field,Kolkata Knight Riders,won by 2 wickets,160,162,"AM Rahane, F du Plessis, SPD Smith, NLTC Perera, JA Morkel, MS Dhoni, R Bhatia, SS Tiwary, R Ashwin, Ankit Sharma, M Ashwin","RV Uthappa, G Gambhir, SA Yadav, Shakib Al Hasan, YK Pathan, AD Russell, R Sathish, PP Chawla, UT Yadav, SP Narine, M Morkel",0,0,0,0,1,3,153.25,155.75,152.6,153.0,0.0,0.0,0.6,0.5,151.58,0.25,0.0,1.0
980941,2016-04-25,"Punjab Cricket Association IS Bindra Stadium, Mohali, Chandigarh",Mumbai Indians,Punjab Kings,Punjab Kings,field,Mumbai Indians,won by 25 runs,189,164,"M Vijay, M Vohra, SE Marsh, GJ Maxwell, DA Miller, NS Naik, AR Patel, MG Johnson, MM Sharma, P Sahu, Sandeep Sharma","RG Sharma, PA Patel, AT Rayudu, JC Buttler, KA Pollard, HH Pandya, KH Pandya, Harbhajan Singh, TG Southee, MJ McClenaghan, JJ Bumrah",8,8,2,1,2,1,159.6,162.6,141.2,142.8,0.531,0.568,0.571,0.217,156.5,0.565,0.5,0.5
980943,2016-04-26,"Rajiv Gandhi International Stadium, Uppal, Hyderabad",Sunrisers Hyderabad,Rising Pune Supergiants,Rising Pune Supergiants,field,Rising Pune Supergiants,won by 34 runs,118,94,"DA Warner, S Dhawan, AP Tare, EJG Morgan, DJ Hooda, MC Henriques, NV Ojha, Bipul Sharma, B Kumar, A Nehra, Mustafizur Rahman","AM Rahane, F du Plessis, SPD Smith, MS Dhoni, SS Tiwary, NLTC Perera, MR Marsh, R Bhatia, R Ashwin, M Ashwin, AB Dinda",0,0,0,0,3,1,150.4,158.6,154.6,157.0,0.6,0.267,0.0,0.0,151.27,0.471,0.579,0.0
980945,2016-04-27,"Arun Jaitley Stadium, Delhi",Gujarat Lions,Delhi Capitals,Delhi Capitals,field,Gujarat Lions,won by 1 runs,172,171,"Q de Kock, SV Samson, KK Nair, JP Duminy, RR Pant, CH Morris, P Negi, A Mishra, Z Khan, S Nadeem, Imran Tahir","DR Smith, BB McCullum, SK Raina, KD Karthik, RA Jadeja, Ishan Kishan, DJ Bravo, JP Faulkner, P Kumar, DS Kulkarni, PV Tambe",0,0,0,0,4,3,158.0,156.8,150.8,111.4,1.0,0.0,0.486,0.348,150.01,0.577,0.0,0.391
980947,2016-04-28,"Wankhede Stadium, Mumbai",Kolkata Knight Riders,Mumbai Indians,Mumbai Indians,field,Mumbai Indians,won by 6 wickets,174,178,"RG Sharma, PA Patel, AT Rayudu, KH Pandya, JC Buttler, KA Pollard, HH Pandya, Harbhajan Singh, JJ Bumrah, TG Southee, MJ McClenaghan","RV Uthappa, G Gambhir, Shakib Al Hasan, SA Yadav, AD Russell, CA Lynn, YK Pathan, R Sathish, UT Yadav, SP Narine, JD Unadkat",5,12,1,2,4,2,147.0,145.2,159.8,158.0,0.611,0.5,0.531,0.568,155.62,0.464,0.2,0.636
980949,2016-04-29,"Maharashtra Cricket Association Stadium, Pune",Rising Pune Supergiants,Gujarat Lions,Gujarat Lions,field,Gujarat Lions,won by 3 wickets,195,196,"AM Rahane, SS Tiwary, SPD Smith, MS Dhoni, NLTC Perera, JA Morkel, R Bhatia, PSP Handscomb, R Ashwin, M Ashwin, AB Dinda","DR Smith, BB McCullum, SK Raina, KD Karthik, DJ Bravo, RA Jadeja, JP Faulkner, Ishan Kishan, P Kumar, DS Kulkarni, S Kaushik",0,1,0,1,1,4,148.2,156.4,160.0,158.8,0.5,0.0,1.0,0.0,152.93,0.4,0.0,0.0
980953,2016-04-30,"Rajiv Gandhi International Stadium, Uppal, Hyderabad",Sunrisers Hyderabad,Royal Challengers Bengaluru,Royal Challengers Bengaluru,field,Sunrisers Hyderabad,won by 15 runs,194,179,"DA Warner, S Dhawan, KS Williamson, MC Henriques, NV Ojha, DJ Hooda, A Ashish Reddy, BB Sran, B Kumar, A Nehra, Mustafizur Rahman","V Kohli, KL Rahul, AB de Villiers, SR Watson, Sachin Baby, KM Jadhav, Parvez Rasool, VR Aaron, HV Patel, KW Richardson, T Shamsi",2,4,1,2,3,2,137.6,132.0,190.6,179.8,0.6,0.267,0.525,0.438,150.08,0.5,0.55,0.333
980951,2016-04-30,"Arun Jaitley Stadium, Delhi",Delhi Capitals,Kolkata Knight Riders,Kolkata Knight Riders,field,Delhi Capitals,won by 27 runs,186,159,"Q de Kock, SS Iyer, SV Samson, KK Nair, SW Billings, CH Morris, CR Brathwaite, RR Pant, Mohammed Shami, A Mishra, Z Khan","RV Uthappa, G Gambhir, PP Chawla, YK Pathan, SA Yadav, R Sathish, AD Russell, JO Holder, UT Yadav, SP Narine, GB Hogg",6,10,0,3,3,3,147.6,145.4,162.0,161.2,0.472,0.348,0.611,0.5,150.45,0.556,0.383,0.8
980955,2016-05-01,Saurashtra Cricket Association Stadium,Punjab Kings,Gujarat Lions,Gujarat Lions,field,Punjab Kings,won by 23 runs,154,131,"DR Smith, BB McCullum, SK Raina, KD Karthik, RA Jadeja, DJ Bravo, Ishan Kishan, JP Faulkner, P Kumar, DS Kulkarni, S Kaushik","M Vijay, MP Stoinis, SE Marsh, GJ Maxwell, Gurkeerat Singh, DA Miller, WP Saha, AR Patel, MM Sharma, KC Cariappa, Sandeep Sharma",0,1,0,1,1,4,141.8,148.2,166.4,165.2,0.556,0.217,1.0,0.0,160.17,1.0,0.0,0.667
980957,2016-05-01,"Maharashtra Cricket Association Stadium, Pune",Rising Pune Supergiants,Mumbai Indians,Mumbai Indians,field,Mumbai Indians,won by 8 wickets,159,161,"AM Rahane, SS Tiwary, SPD Smith, PSP Handscomb, MS Dhoni, NLTC Perera, R Bhatia, SM Boland, R Ashwin, AB Dinda, M Ashwin","RG Sharma, PA Patel, AT Rayudu, JC Buttler, KH Pandya, KA Pollard, HH Pandya, Harbhajan Singh, JJ Bumrah, TG Southee, MJ McClenaghan",1,0,1,0,1,3,154.6,162.8,166.8,163.4,0.5,0.0,0.545,0.568,158.25,0.5,0.0,0.0
980959,2016-05-02,"M Chinnaswamy Stadium, Bengaluru",Royal Challengers Bengaluru,Kolkata Knight Riders,Kolkata Knight Riders,field,Kolkata Knight Riders,won by 5 wickets,185,189,"KL Rahul, CH Gayle, V Kohli, AB de Villiers, SR Watson, Sachin Baby, STR Binny, VR Aaron, S Aravind, YS Chahal, T Shamsi","RV Uthappa, G Gambhir, CA Lynn, MK Pandey, YK Pathan, AD Russell, SA Yadav, PP Chawla, UT Yadav, SP Narine, M Morkel",8,8,2,1,1,3,181.0,182.2,156.4,160.8,0.512,0.438,0.595,0.5,156.33,0.5,0.49,0.429
980961,2016-05-03,Saurashtra Cricket Association Stadium,Gujarat Lions,Delhi Capitals,Delhi Capitals,field,Delhi Capitals,won by 8 wickets,149,150,"DR Smith, BB McCullum, AJ Finch, SK Raina, KD Karthik, RA Jadeja, JP Faulkner, Ishan Kishan, P Kumar, DS Kulkarni, S Kaushik","Q de Kock, RR Pant, SV Samson, JP Duminy, KK Nair, SW Billings, CH Morris, A Mishra, Mohammed Shami, Z Khan, S Nadeem",1,0,1,0,3,4,163.2,167.4,165.2,157.4,0.75,0.0,0.472,0.348,155.75,0.5,0.5,0.0
980963,2016-05-04,"Eden Gardens, Kolkata",Kolkata Knight Riders,Punjab Kings,Punjab Kings,field,Kolkata Knight Riders,won by 7 runs,164,157,"RV Uthappa, G Gambhir, YK Pathan, AD Russell, MK Pandey, SA Yadav, Shakib Al Hasan, GB Hogg, PP Chawla, M Morkel, UT Yadav","M Vijay, MP Stoinis, M Vohra, WP Saha, GJ Maxwell, DA Miller, Gurkeerat Singh, AR Patel, Swapnil Singh, MM Sharma, Sandeep Sharma",12,6,3,0,3,2,165.0,169.4,150.4,151.8,0.605,0.5,0.556,0.217,147.21,0.727,0.652,0.286
980965,2016-05-05,"Arun Jaitley Stadium, Delhi",Delhi Capitals,Rising Pune Supergiants,Rising Pune Supergiants,field,Rising Pune Supergiants,won by 7 wickets,162,166,"RR Pant, SV Samson, KK Nair, JP Duminy, SW Billings, CR Brathwaite, P Negi, J Yadav, Mohammed Shami, A Mishra, Imran Tahir","AM Rahane, UT Khawaja, SS Tiwary, MS Dhoni, NLTC Perera, GJ Bailey, R Bhatia, SM Boland, R Ashwin, AB Dinda, M Ashwin",0,0,0,0,4,1,172.6,165.0,156.0,164.4,0.486,0.348,0.5,0.0,150.89,0.536,0.396,0.0
980967,2016-05-06,"Rajiv Gandhi International Stadium, Uppal, Hyderabad",Gujarat Lions,Sunrisers Hyderabad,Sunrisers Hyderabad,field,Sunrisers Hyderabad,won by 5 wickets,126,129,"DA Warner, S Dhawan, KS Williamson, MC Henriques, Yuvraj Singh, DJ Hooda, NV Ojha, B Kumar, BB Sran, A Nehra, Mustafizur Rahman","DR Smith, BB McCullum, SK Raina, KD Karthik, AJ Finch, DJ Bravo, RA Jadeja, P Kumar, PJ Sangwan, DS Kulkarni, S Kaushik",0,1,0,1,3,4,166.0,170.0,148.0,138.6,0.75,0.0,0.6,0.267,151.01,0.474,0.0,0.571
980969,2016-05-07,"M Chinnaswamy Stadium, Bengaluru",Rising Pune Supergiants,Royal Challengers Bengaluru,Royal Challengers Bengaluru,field,Royal Challengers Bengaluru,won by 7 wickets,191,195,"V Kohli, KL Rahul, AB de Villiers, SR Watson, TM Head, Sachin Baby, STR Binny, Parvez Rasool, CJ Jordan, VR Aaron, YS Chahal","AM Rahane, UT Khawaja, SS Tiwary, MS Dhoni, NLTC Perera, GJ Bailey, R Bhatia, R Ashwin, A Zampa, AB Dinda, RP Singh",0,1,0,1,2,1,154.8,159.8,179.8,181.6,0.667,0.0,0.512,0.438,156.92,0.511,0.0,0.48
980971,2016-05-07,"Punjab Cricket Association IS Bindra Stadium, Mohali, Chandigarh",Punjab Kings,Delhi Capitals,Delhi Capitals,field,Punjab Kings,won by 9 runs,181,172,"M Vijay, MP Stoinis, HM Amla, WP Saha, GJ Maxwell, DA Miller, AR Patel, Gurkeerat Singh, MM Sharma, Sandeep Sharma, KC Cariappa","Q de Kock, SV Samson, KK Nair, SW Billings, CR Brathwaite, CH Morris, RR Pant, A Mishra, Mohammed Shami, Z Khan, S Nadeem",9,8,0,3,1,3,151.2,154.2,166.6,160.0,0.541,0.217,0.486,0.348,157.01,0.542,0.487,0.333
980973,2016-05-08,"Dr. Y.S. Rajasekhara Reddy ACA-VDCA Cricket Stadium, Visakhapatnam",Sunrisers Hyderabad,Mumbai Indians,Mumbai Indians,field,Sunrisers Hyderabad,won by 85 runs,177,92,"RG Sharma, PA Patel, AT Rayudu, KH Pandya, JC Buttler, KA Pollard, HH Pandya, Harbhajan Singh, TG Southee, MJ McClenaghan, JJ Bumrah","DA Warner, S Dhawan, KS Williamson, Yuvraj Singh, MC Henriques, DJ Hooda, NV Ojha, B Kumar, BB Sran, A Nehra, Mustafizur Rahman",3,4,1,2,4,4,144.8,135.4,170.6,166.2,0.636,0.267,0.559,0.568,145.7,0.333,0.333,1.0
980975,2016-05-08,"Eden Gardens, Kolkata",Kolkata Knight Riders,Gujarat Lions,Gujarat Lions,field,Gujarat Lions,won by 5 wickets,158,164,"RV Uthappa, G Gambhir, MK Pandey, SA Yadav, Shakib Al Hasan, YK Pathan, AD Russell, GB Hogg, PP Chawla, M Morkel, UT Yadav","DR Smith, BB McCullum, SK Raina, KD Karthik, AJ Finch, RA Jadeja, DJ Bravo, P Kumar, DS Kulkarni, S Kaushik, PV Tambe",0,0,0,0,3,2,169.6,173.2,154.8,159.8,0.605,0.5,0.75,0.0,147.48,0.696,0.66,0.0
980977,2016-05-09,"Punjab Cricket Association IS Bindra Stadium, Mohali, Chandigarh",Royal Challengers Bengaluru,Punjab Kings,Punjab Kings,field,Royal Challengers Bengaluru,won by 1 runs,175,174,"HM Amla, M Vijay, WP Saha, DA Miller, MP Stoinis, F Behardien, AR Patel, MM Sharma, Anureet Singh, Sandeep Sharma, KC Cariappa","V Kohli, KL Rahul, AB de Villiers, SR Watson, Sachin Baby, TM Head, STR Binny, CJ Jordan, Iqbal Abdulla, VR Aaron, YS Chahal",6,10,1,2,2,2,184.8,185.6,159.8,160.4,0.524,0.438,0.541,0.217,157.5,0.52,0.4,0.5
980979,2016-05-10,"Dr. Y.S. Rajasekhara Reddy ACA-VDCA Cricket Stadium, Visakhapatnam",Sunrisers Hyderabad,Rising Pune Supergiants,Sunrisers Hyderabad,bat,Sunrisers Hyderabad,won by 4 runs,137,133,"AM Rahane, UT Khawaja, GJ Bailey, R Ashwin, SS Tiwary, MS Dhoni, NLTC Perera, R Bhatia, A Zampa, AB Dinda, RP Singh","DA Warner, S Dhawan, KS Williamson, Yuvraj Singh, MC Henriques, DJ Hooda, NV Ojha, B Kumar, BB Sran, A Nehra, Mustafizur Rahman",0,1,0,1,4,2,152.8,126.8,161.0,166.4,0.636,0.267,0.667,0.0,143.83,0.25,0.5,0.0
980981,2016-05-11,"M Chinnaswamy Stadium, Bengaluru",Royal Challengers Bengaluru,Mumbai Indians,Mumbai Indians,field,Mumbai Indians,won by 6 wickets,151,153,"V Kohli, CH Gayle, AB de Villiers, KL Rahul, SR Watson, Sachin Baby, STR Binny, CJ Jordan, S Aravind, VR Aaron, YS Chahal","RG Sharma, PA Patel, AT Rayudu, N Rana, KA Pollard, JC Buttler, KH Pandya, Harbhajan Singh, TG Southee, MJ McClenaghan, JJ Bumrah",8,10,1,2,2,3,182.8,186.0,154.8,167.6,0.524,0.438,0.543,0.568,157.6,0.522,0.49,0.714
980983,2016-05-12,"Rajiv Gandhi International Stadium, Uppal, Hyderabad",Sunrisers Hyderabad,Delhi Capitals,Delhi Capitals,field,Delhi Capitals,won by 7 wickets,146,150,"DA Warner, S Dhawan, KS Williamson, Yuvraj Singh, MC Henriques, DJ Hooda, NV Ojha, B Kumar, BB Sran, A Nehra, Mustafizur Rahman","Q de Kock, MA Agarwal, KK Nair, SV Samson, RR Pant, JP Duminy, J Yadav, CH Morris, A Mishra, NM Coulter-Nile, Mohammed Shami",5,1,2,1,4,2,151.0,124.8,168.2,165.4,0.636,0.312,0.474,0.348,150.43,0.5,0.591,0.75
980985,2016-05-13,"Dr. Y.S. Rajasekhara Reddy ACA-VDCA Cricket Stadium, Visakhapatnam",Mumbai Indians,Punjab Kings,Mumbai Indians,bat,Punjab Kings,won by 7 wickets,124,127,"RG Sharma, UBT Chand, AT Rayudu, N Rana, JC Buttler, KA Pollard, KH Pandya, Harbhajan Singh, TG Southee, MJ McClenaghan, JJ Bumrah","M Vijay, HM Amla, WP Saha, GJ Maxwell, Gurkeerat Singh, DA Miller, MP Stoinis, AR Patel, MM Sharma, Sandeep Sharma, KC Cariappa",9,8,2,1,4,2,154.6,165.0,166.0,166.2,0.556,0.568,0.526,0.217,142.57,0.25,0.5,0.0
980987,2016-05-14,"M Chinnaswamy Stadium, Bengaluru",Royal Challengers Bengaluru,Gujarat Lions,Gujarat Lions,field,Royal Challengers Bengaluru,won by 144 runs,248,104,"CH Gayle, V Kohli, AB de Villiers, SR Watson, KL Rahul, Sachin Baby, STR Binny, CJ Jordan, S Aravind, VR Aaron, YS Chahal","DR Smith, BB McCullum, RA Jadeja, KD Karthik, AJ Finch, DJ Bravo, AD Nath, P Kumar, DS Kulkarni, PV Tambe, S Kaushik",0,1,0,1,2,2,177.0,180.2,153.2,157.2,0.524,0.438,0.8,0.0,157.5,0.532,0.481,0.0
980989,2016-05-14,"Eden Gardens, Kolkata",Rising Pune Supergiants,Kolkata Knight Riders,Rising Pune Supergiants,bat,Kolkata Knight Riders,won by 8 wickets,103,66,"RV Uthappa, G Gambhir, MK Pandey, YK Pathan, Shakib Al Hasan, SA Yadav, AD Russell, PP Chawla, SP Narine, AS Rajpoot, M Morkel","AM Rahane, UT Khawaja, GJ Bailey, SS Tiwary, IK Pathan, MS Dhoni, NLTC Perera, R Ashwin, A Zampa, M Ashwin, AB Dinda",0,1,0,1,1,2,168.8,170.2,168.8,174.0,0.667,0.0,0.605,0.5,147.75,0.708,0.0,0.646
980993,2016-05-15,"Dr. Y.S. Rajasekhara Reddy ACA-VDCA Cricket Stadium, Visakhapatnam",Mumbai Indians,Delhi Capitals,Delhi Capitals,field,Mumbai Indians,won by 80 runs,206,126,"RG Sharma, MJ Guptill, KH Pandya, KA Pollard, JC Buttler, AT Rayudu, N Rana, Harbhajan Singh, R Vinay Kumar, MJ McClenaghan, JJ Bumrah","MA Agarwal, Q de Kock, KK Nair, SV Samson, RR Pant, JP Duminy, CH Morris, A Mishra, S Nadeem, Imran Tahir, Z Khan",8,9,1,2,3,3,141.6,157.6,164.0,160.2,0.556,0.553,0.487,0.348,140.44,0.25,0.333,1.0
980991,2016-05-15,"Punjab Cricket Association IS Bindra Stadium, Mohali, Chandigarh",Punjab Kings,Sunrisers Hyderabad,Punjab Kings,bat,Sunrisers Hyderabad,won by 7 wickets,179,180,"HM Amla, M Vijay, WP Saha, Gurkeerat Singh, DA Miller, GJ Maxwell, MP Stoinis, AR Patel, MM Sharma, Sandeep Sharma, Anureet Singh","DA Warner, S Dhawan, DJ Hooda, Yuvraj Singh, BCJ Cutting, MC Henriques, NV Ojha, KV Sharma, B Kumar, A Nehra, Mustafizur Rahman",2,5,0,3,3,4,158.6,153.2,156.6,136.0,0.526,0.217,0.636,0.312,157.91,0.5,0.488,1.0
980995,2016-05-16,"Eden Gardens, Kolkata",Kolkata Knight Riders,Royal Challengers Bengaluru,Royal Challengers Bengaluru,field,Royal Challengers Bengaluru,won by 9 wickets,183,186,"RV Uthappa, G Gambhir, MK Pandey, YK Pathan, AD Russell, SA Yadav, Shakib Al Hasan, PP Chawla, SP Narine, AS Rajpoot, M Morkel","CH Gayle, V Kohli, AB de Villiers, SR Watson, KL Rahul, Sachin Baby, STR Binny, CJ Jordan, S Aravind, Iqbal Abdulla, YS Chahal",9,8,1,2,3,3,147.2,159.0,190.8,162.2,0.605,0.5,0.524,0.438,146.53,0.708,0.653,0.333
980997,2016-05-17,"Dr. Y.S. Rajasekhara Reddy ACA-VDCA Cricket Stadium, Visakhapatnam",Delhi Capitals,Rising Pune Supergiants,Rising Pune Supergiants,field,Rising Pune Supergiants,won by 19 runs,121,76,"AM Rahane, UT Khawaja, GJ Bailey, SS Tiwary, IK Pathan, MS Dhoni, NLTC Perera, R Ashwin, A Zampa, AB Dinda, DL Chahar","Q de Kock, SS Iyer, KK Nair, SV Samson, RR Pant, JP Duminy, CH Morris, NM Coulter-Nile, A Mishra, Z Khan, Mohammed Shami",0,1,0,1,2,1,152.0,169.6,150.4,144.2,0.475,0.348,0.667,0.0,143.28,0.2,0.5,0.0
980999,2016-05-18,"M Chinnaswamy Stadium, Bengaluru",Royal Challengers Bengaluru,Punjab Kings,Punjab Kings,field,Royal Challengers Bengaluru,won by 82 runs,211,120,"CH Gayle, V Kohli, AB de Villiers, KL Rahul, SR Watson, Sachin Baby, STR Binny, CJ Jordan, S Aravind, VR Aaron, YS Chahal","M Vijay, HM Amla, WP Saha, DA Miller, Gurkeerat Singh, AR Patel, F Behardien, KJ Abbott, MM Sharma, KC Cariappa, Sandeep Sharma",7,10,2,1,4,2,191.0,161.0,163.6,163.0,0.535,0.438,0.526,0.208,157.84,0.521,0.491,0.5
981001,2016-05-19,Green Park,Kolkata Knight Riders,Gujarat Lions,Gujarat Lions,field,Gujarat Lions,won by 6 wickets,124,125,"DR Smith, BB McCullum, SK Raina, KD Karthik, AJ Finch, RA Jadeja, DJ Bravo, ER Dwivedi, P Kumar, SB Jakati, DS Kulkarni","RV Uthappa, G Gambhir, MK Pandey, PP Chawla, YK Pathan, Shakib Al Hasan, SA Yadav, JO Holder, SP Narine, M Morkel, AS Rajpoot",0,1,0,1,3,1,152.0,159.0,134.8,167.8,0.605,0.5,0.667,0.0,0.0,0.0,0.0,0.0
981003,2016-05-20,Shaheed Veer Narayan Singh International Stadium,Sunrisers Hyderabad,Delhi Capitals,Delhi Capitals,field,Delhi Capitals,won by 6 wickets,158,161,"Q de Kock, RR Pant, KK Nair, JP Duminy, CR Brathwaite, SV Samson, P Negi, A Mishra, Z Khan, J Yadav, NM Coulter-Nile","DA Warner, S Dhawan, DJ Hooda, Yuvraj Singh, MC Henriques, EJG Morgan, NV Ojha, B Kumar, KV Sharma, Mustafizur Rahman, BB Sran",5,2,1,2,4,1,153.8,136.0,146.2,155.0,0.636,0.312,0.475,0.348,143.12,0.0,1.0,0.75
981005,2016-05-21,"Dr. Y.S. Rajasekhara Reddy ACA-VDCA Cricket Stadium, Visakhapatnam",Punjab Kings,Rising Pune Supergiants,Punjab Kings,bat,Rising Pune Supergiants,won by 4 wickets,172,173,"AM Rahane, UT Khawaja, GJ Bailey, SS Tiwary, MS Dhoni, IK Pathan, NLTC Perera, R Ashwin, A Zampa, AB Dinda, DL Chahar","HM Amla, M Vijay, WP Saha, Gurkeerat Singh, DA Miller, F Behardien, AR Patel, R Dhawan, KJ Abbott, MM Sharma, Sandeep Sharma",1,0,1,0,2,2,156.2,172.4,133.8,136.2,0.513,0.208,0.75,0.0,138.8,0.333,1.0,0.5
981007,2016-05-21,Green Park,Mumbai Indians,Gujarat Lions,Gujarat Lions,field,Gujarat Lions,won by 6 wickets,172,173,"AJ Finch, BB McCullum, SK Raina, KD Karthik, DR Smith, RA Jadeja, DJ Bravo, ER Dwivedi, SB Jakati, P Kumar, DS Kulkarni","RG Sharma, MJ Guptill, N Rana, KH Pandya, JC Buttler, KA Pollard, HH Pandya, Harbhajan Singh, R Vinay Kumar, MJ McClenaghan, JJ Bumrah",0,1,0,1,3,2,147.2,148.0,133.6,161.8,0.556,0.553,0.714,0.0,124.5,1.0,0.0,1.0
981009,2016-05-22,"Eden Gardens, Kolkata",Kolkata Knight Riders,Sunrisers Hyderabad,Sunrisers Hyderabad,field,Kolkata Knight Riders,won by 22 runs,171,149,"RV Uthappa, G Gambhir, C Munro, MK Pandey, YK Pathan, JO Holder, Shakib Al Hasan, SA Yadav, AS Rajpoot, SP Narine, Kuldeep Yadav","S Dhawan, DA Warner, NV Ojha, Yuvraj Singh, KS Williamson, DJ Hooda, MC Henriques, KV Sharma, B Kumar, BB Sran, Mustafizur Rahman",5,2,2,1,2,3,139.0,147.0,159.6,143.0,0.605,0.5,0.636,0.312,147.25,0.72,0.64,0.0
981011,2016-05-22,Shaheed Veer Narayan Singh International Stadium,Delhi Capitals,Royal Challengers Bengaluru,Royal Challengers Bengaluru,field,Royal Challengers Bengaluru,won by 6 wickets,138,139,"Q de Kock, RR Pant, KK Nair, SV Samson, SW Billings, P Negi, CR Brathwaite, CH Morris, J Yadav, A Mishra, Z Khan","CH Gayle, V Kohli, AB de Villiers, KL Rahul, SR Watson, STR Binny, Sachin Baby, CJ Jordan, Iqbal Abdulla, S Aravind, YS Chahal",6,8,1,1,2,4,146.0,153.4,194.2,146.8,0.488,0.348,0.535,0.438,146.4,0.5,0.8,0.0
981013,2016-05-24,"M Chinnaswamy Stadium, Bengaluru",Gujarat Lions,Royal Challengers Bengaluru,Royal Challengers Bengaluru,field,Royal Challengers Bengaluru,won by 4 wickets,158,159,"AJ Finch, BB McCullum, SK Raina, KD Karthik, DR Smith, RA Jadeja, DJ Bravo, ER Dwivedi, P Kumar, DS Kulkarni, SB Jakati","CH Gayle, V Kohli, AB de Villiers, KL Rahul, SR Watson, Sachin Baby, STR Binny, Iqbal Abdulla, CJ Jordan, S Aravind, YS Chahal",1,1,1,1,3,4,138.4,166.2,187.0,139.6,0.75,0.0,0.545,0.438,157.97,0.51,0.0,0.5
981015,2016-05-25,"Arun Jaitley Stadium, Delhi",Sunrisers Hyderabad,Kolkata Knight Riders,Kolkata Knight Riders,field,Sunrisers Hyderabad,won by 22 runs,162,140,"DA Warner, S Dhawan, MC Henriques, Yuvraj Singh, DJ Hooda, BCJ Cutting, NV Ojha, B Kumar, Bipul Sharma, BB Sran, Mustafizur Rahman","RV Uthappa, G Gambhir, C Munro, MK Pandey, YK Pathan, SA Yadav, R Sathish, JO Holder, SP Narine, M Morkel, Kuldeep Yadav",2,6,0,3,2,2,154.0,158.8,140.4,145.4,0.583,0.312,0.605,0.5,151.15,0.552,0.667,0.667
981017,2016-05-27,"Arun Jaitley Stadium, Delhi",Gujarat Lions,Sunrisers Hyderabad,Sunrisers Hyderabad,field,Sunrisers Hyderabad,won by 4 wickets,162,163,"ER Dwivedi, BB McCullum, SK Raina, KD Karthik, AJ Finch, DR Smith, RA Jadeja, DJ Bravo, DS Kulkarni, P Kumar, S Kaushik","DA Warner, S Dhawan, MC Henriques, Yuvraj Singh, DJ Hooda, BCJ Cutting, NV Ojha, Bipul Sharma, B Kumar, BB Sran, TA Boult",0,2,0,2,3,2,144.8,172.2,159.0,160.2,0.75,0.0,0.583,0.312,151.14,0.533,1.0,0.75
981019,2016-05-29,"M Chinnaswamy Stadium, Bengaluru",Sunrisers Hyderabad,Royal Challengers Bengaluru,Sunrisers Hyderabad,bat,Sunrisers Hyderabad,won by 8 runs,208,200,"CH Gayle, V Kohli, AB de Villiers, KL Rahul, SR Watson, Sachin Baby, STR Binny, CJ Jordan, Iqbal Abdulla, S Aravind, YS Chahal","DA Warner, S Dhawan, MC Henriques, Yuvraj Singh, DJ Hooda, BCJ Cutting, NV Ojha, Bipul Sharma, B Kumar, BB Sran, Mustafizur Rahman",3,4,1,2,3,5,162.4,162.6,188.6,140.6,0.615,0.312,0.556,0.438,157.98,0.52,0.25,0.509
1082591,2017-04-05,"Rajiv Gandhi International Stadium, Uppal, Hyderabad",Sunrisers Hyderabad,Royal Challengers Bengaluru,Royal Challengers Bengaluru,field,Sunrisers Hyderabad,won by 35 runs,207,172,"DA Warner, S Dhawan, MC Henriques, Yuvraj Singh, DJ Hooda, BCJ Cutting, NV Ojha, Bipul Sharma, B Kumar, A Nehra, Rashid Khan","CH Gayle, Mandeep Singh, TM Head, KM Jadhav, SR Watson, Sachin Baby, STR Binny, S Aravind, TS Mills, YS Chahal, A Choudhary",4,4,2,1,3,4,168.0,166.8,179.0,161.4,0.615,0.353,0.556,0.438,150.37,0.524,0.565,0.286
1082592,2017-04-06,"Maharashtra Cricket Association Stadium, Pune",Mumbai Indians,Rising Pune Supergiants,Rising Pune Supergiants,field,Rising Pune Supergiants,won by 7 wickets,184,187,"AM Rahane, MA Agarwal, SPD Smith, BA Stokes, MS Dhoni, MK Tiwary, R Bhatia, DL Chahar, A Zampa, AB Dinda, Imran Tahir","PA Patel, JC Buttler, RG Sharma, N Rana, AT Rayudu, KH Pandya, KA Pollard, HH Pandya, TG Southee, MJ McClenaghan, JJ Bumrah",1,1,1,1,2,2,149.4,150.8,135.2,138.2,0.556,0.553,0.75,0.0,158.44,0.571,1.0,0.0
1082593,2017-04-07,Saurashtra Cricket Association Stadium,Gujarat Lions,Kolkata Knight Riders,Kolkata Knight Riders,field,Kolkata Knight Riders,won by 10 wickets,183,184,"JJ Roy, BB McCullum, SK Raina, AJ Finch, KD Karthik, DR Smith, MS Gony, P Kumar, SB Jakati, DS Kulkarni, S Kaushik","G Gambhir, CA Lynn, RV Uthappa, MK Pandey, YK Pathan, SA Yadav, CR Woakes, PP Chawla, Kuldeep Yadav, SP Narine, TA Boult",2,0,2,0,2,2,144.4,173.2,136.8,145.0,0.75,0.0,0.59,0.5,154.5,0.667,0.4,0.0
1082594,2017-04-08,Holkar Cricket Stadium,Rising Pune Supergiants,Punjab Kings,Punjab Kings,field,Punjab Kings,won by 6 wickets,163,164,"HM Amla, M Vohra, WP Saha, AR Patel, GJ Maxwell, DA Miller, MP Stoinis, Swapnil Singh, MM Sharma, Sandeep Sharma, T Natarajan","AM Rahane, MA Agarwal, SPD Smith, BA Stokes, MS Dhoni, MK Tiwary, DT Christian, R Bhatia, RD Chahar, Imran Tahir, AB Dinda",1,1,1,1,3,1,134.4,136.0,154.4,172.6,0.8,0.0,0.513,0.2,138.5,1.0,0.0,1.0
1082595,2017-04-08,M.Chinnaswamy Stadium,Royal Challengers Bengaluru,Delhi Capitals,Royal Challengers Bengaluru,bat,Royal Challengers Bengaluru,won by 15 runs,157,142,"CH Gayle, SR Watson, Mandeep Singh, KM Jadhav, STR Binny, Vishnu Vinod, P Negi, Iqbal Abdulla, TS Mills, YS Chahal, B Stanlake","AP Tare, SW Billings, KK Nair, SV Samson, RR Pant, CH Morris, CR Brathwaite, PJ Cummins, A Mishra, S Nadeem, Z Khan",9,6,1,1,3,2,176.2,166.2,139.2,145.0,0.543,0.438,0.488,0.348,0.0,0.0,0.0,0.0
1082596,2017-04-09,"Rajiv Gandhi International Stadium, Uppal, Hyderabad",Gujarat Lions,Sunrisers Hyderabad,Sunrisers Hyderabad,field,Sunrisers Hyderabad,won by 9 wickets,135,140,"DA Warner, S Dhawan, MC Henriques, Yuvraj Singh, DJ Hooda, BCJ Cutting, NV Ojha, Bipul Sharma, B Kumar, A Nehra, Rashid Khan","JJ Roy, BB McCullum, SK Raina, AJ Finch, KD Karthik, DR Smith, DS Kulkarni, P Kumar, Basil Thampi, Tejas Baroka, S Kaushik",0,3,0,3,2,4,160.2,160.4,177.8,169.0,0.75,0.0,0.615,0.353,151.3,0.5,0.0,0.583
1082597,2017-04-09,"Wankhede Stadium, Mumbai",Kolkata Knight Riders,Mumbai Indians,Mumbai Indians,field,Mumbai Indians,won by 4 wickets,178,180,"PA Patel, JC Buttler, N Rana, RG Sharma, KH Pandya, KA Pollard, HH Pandya, Harbhajan Singh, MJ McClenaghan, SL Malinga, JJ Bumrah","G Gambhir, CA Lynn, RV Uthappa, MK Pandey, YK Pathan, SA Yadav, CR Woakes, SP Narine, Kuldeep Yadav, AS Rajpoot, TA Boult",5,13,0,3,2,2,160.4,161.0,167.8,152.8,0.6,0.5,0.556,0.553,156.04,0.483,0.167,0.644
1082598,2017-04-10,Holkar Cricket Stadium,Royal Challengers Bengaluru,Punjab Kings,Royal Challengers Bengaluru,bat,Punjab Kings,won by 8 wickets,148,150,"M Vohra, HM Amla, AR Patel, GJ Maxwell, WP Saha, DA Miller, MP Stoinis, MM Sharma, Sandeep Sharma, VR Aaron, T Natarajan","SR Watson, Vishnu Vinod, AB de Villiers, KM Jadhav, Mandeep Singh, STR Binny, P Negi, Iqbal Abdulla, TS Mills, B Stanlake, YS Chahal",8,10,2,1,3,2,165.4,170.6,152.4,170.2,0.543,0.471,0.525,0.2,146.83,1.0,0.0,1.0
1082599,2017-04-11,"Maharashtra Cricket Association Stadium, Pune",Delhi Capitals,Rising Pune Supergiants,Rising Pune Supergiants,field,Delhi Capitals,won by 97 runs,205,108,"AM Rahane, MA Agarwal, F du Plessis, RA Tripathi, BA Stokes, MS Dhoni, R Bhatia, DL Chahar, A Zampa, AB Dinda, Imran Tahir","AP Tare, SW Billings, SV Samson, RR Pant, CJ Anderson, CH Morris, KK Nair, PJ Cummins, A Mishra, Z Khan, S Nadeem",0,2,0,2,1,3,137.6,147.2,140.4,141.4,0.488,0.348,0.8,0.0,161.15,0.625,1.0,0.2
1082600,2017-04-12,"Wankhede Stadium, Mumbai",Sunrisers Hyderabad,Mumbai Indians,Mumbai Indians,field,Mumbai Indians,won by 4 wickets,158,159,"PA Patel, JC Buttler, RG Sharma, N Rana, KA Pollard, KH Pandya, HH Pandya, Harbhajan Singh, MJ McClenaghan, SL Malinga, JJ Bumrah","S Dhawan, DA Warner, DJ Hooda, Yuvraj Singh, BCJ Cutting, NV Ojha, V Shankar, Rashid Khan, B Kumar, A Nehra, Mustafizur Rahman",4,4,2,1,5,2,176.0,161.8,173.2,158.2,0.643,0.353,0.568,0.553,156.5,0.5,0.0,0.652
1082601,2017-04-13,"Eden Gardens, Kolkata",Punjab Kings,Kolkata Knight Riders,Kolkata Knight Riders,field,Kolkata Knight Riders,won by 8 wickets,170,171,"SP Narine, G Gambhir, RV Uthappa, MK Pandey, YK Pathan, SA Yadav, CR Woakes, C de Grandhomme, PP Chawla, UT Yadav, TA Boult","HM Amla, M Vohra, MP Stoinis, GJ Maxwell, DA Miller, WP Saha, AR Patel, MM Sharma, VR Aaron, Sandeep Sharma, I Sharma",6,13,0,3,2,2,157.0,175.0,159.4,159.8,0.525,0.2,0.6,0.5,147.48,0.692,0.25,0.647
1082602,2017-04-14,"M Chinnaswamy Stadium, Bengaluru",Royal Challengers Bengaluru,Mumbai Indians,Mumbai Indians,field,Mumbai Indians,won by 4 wickets,142,145,"CH Gayle, V Kohli, AB de Villiers, KM Jadhav, P Negi, Mandeep Singh, STR Binny, TS Mills, S Aravind, YS Chahal, S Badree","PA Patel, JC Buttler, RG Sharma, MJ McClenaghan, N Rana, KA Pollard, KH Pandya, HH Pandya, Harbhajan Singh, JJ Bumrah, TG Southee",8,11,1,2,2,3,167.2,173.0,180.2,164.4,0.543,0.444,0.579,0.553,158.78,0.52,0.5,0.75
1082603,2017-04-14,Saurashtra Cricket Association Stadium,Rising Pune Supergiants,Gujarat Lions,Gujarat Lions,field,Gujarat Lions,won by 7 wickets,171,172,"DR Smith, BB McCullum, SK Raina, KD Karthik, AJ Finch, Ishan Kishan, RA Jadeja, P Kumar, Basil Thampi, AJ Tye, SB Jakati","AM Rahane, RA Tripathi, SPD Smith, BA Stokes, MK Tiwary, MS Dhoni, Ankit Sharma, SN Thakur, LH Ferguson, RD Chahar, Imran Tahir",0,2,0,2,3,1,141.4,169.2,162.2,163.6,0.667,0.0,0.75,0.0,159.33,0.75,0.0,0.333
1082604,2017-04-15,"Eden Gardens, Kolkata",Kolkata Knight Riders,Sunrisers Hyderabad,Sunrisers Hyderabad,field,Kolkata Knight Riders,won by 17 runs,172,155,"SP Narine, G Gambhir, RV Uthappa, MK Pandey, YK Pathan, SA Yadav, C de Grandhomme, CR Woakes, Kuldeep Yadav, UT Yadav, TA Boult","DA Warner, S Dhawan, MC Henriques, Yuvraj Singh, DJ Hooda, BCJ Cutting, NV Ojha, Bipul Sharma, B Kumar, Rashid Khan, A Nehra",6,3,2,1,3,4,168.8,168.8,175.2,165.6,0.61,0.5,0.643,0.353,147.9,0.704,0.654,0.0
1082605,2017-04-15,"Arun Jaitley Stadium, Delhi",Delhi Capitals,Punjab Kings,Delhi Capitals,bat,Delhi Capitals,won by 51 runs,188,137,"SV Samson, SW Billings, KK Nair, SS Iyer, RR Pant, CJ Anderson, CH Morris, PJ Cummins, A Mishra, Z Khan, S Nadeem","M Vohra, HM Amla, WP Saha, EJG Morgan, DA Miller, GJ Maxwell, AR Patel, MM Sharma, KC Cariappa, Sandeep Sharma, VR Aaron",8,10,2,1,2,2,153.4,127.6,155.2,173.2,0.488,0.348,0.525,0.2,151.36,0.548,0.388,0.5
1082607,2017-04-16,"M Chinnaswamy Stadium, Bengaluru",Rising Pune Supergiants,Royal Challengers Bengaluru,Royal Challengers Bengaluru,field,Rising Pune Supergiants,won by 27 runs,161,134,"V Kohli, Mandeep Singh, AB de Villiers, KM Jadhav, SR Watson, STR Binny, P Negi, AF Milne, S Badree, S Aravind, YS Chahal","AM Rahane, RA Tripathi, SPD Smith, MS Dhoni, BA Stokes, DT Christian, MK Tiwary, SN Thakur, JD Unadkat, RD Chahar, Imran Tahir",0,2,0,2,2,1,160.4,179.4,163.8,170.4,0.667,0.0,0.543,0.444,158.52,0.529,0.0,0.491
1082606,2017-04-16,"Wankhede Stadium, Mumbai",Gujarat Lions,Mumbai Indians,Mumbai Indians,field,Mumbai Indians,won by 6 wickets,176,177,"PA Patel, JC Buttler, N Rana, RG Sharma, KA Pollard, HH Pandya, KH Pandya, Harbhajan Singh, MJ McClenaghan, SL Malinga, JJ Bumrah","DR Smith, BB McCullum, SK Raina, Ishan Kishan, KD Karthik, JJ Roy, RA Jadeja, P Kumar, Basil Thampi, AJ Tye, MM Patel",2,0,2,0,1,3,162.0,163.4,168.0,167.6,0.778,0.0,0.59,0.553,156.54,0.516,1.0,0.66
1082609,2017-04-17,"Rajiv Gandhi International Stadium, Uppal, Hyderabad",Sunrisers Hyderabad,Punjab Kings,Punjab Kings,field,Sunrisers Hyderabad,won by 5 runs,159,154,"DA Warner, S Dhawan, MC Henriques, Yuvraj Singh, NV Ojha, DJ Hooda, Mohammad Nabi, Rashid Khan, B Kumar, BB Sran, S Kaul","HM Amla, M Vohra, GJ Maxwell, EJG Morgan, DA Miller, WP Saha, AR Patel, MM Sharma, KC Cariappa, I Sharma, Sandeep Sharma",6,2,3,0,3,2,173.6,167.6,158.6,168.6,0.6,0.353,0.525,0.2,150.98,0.522,0.6,0.571
1082608,2017-04-17,"Arun Jaitley Stadium, Delhi",Delhi Capitals,Kolkata Knight Riders,Delhi Capitals,bat,Kolkata Knight Riders,won by 4 wickets,168,169,"SV Samson, SW Billings, KK Nair, SS Iyer, RR Pant, AD Mathews, CH Morris, PJ Cummins, Mohammed Shami, A Mishra, Z Khan","G Gambhir, C de Grandhomme, RV Uthappa, MK Pandey, YK Pathan, SA Yadav, CR Woakes, SP Narine, NM Coulter-Nile, Kuldeep Yadav, UT Yadav",7,10,1,2,3,3,166.8,139.8,169.0,170.0,0.488,0.375,0.61,0.5,151.56,0.548,0.4,0.571
1082610,2017-04-18,Saurashtra Cricket Association Stadium,Royal Challengers Bengaluru,Gujarat Lions,Gujarat Lions,field,Royal Challengers Bengaluru,won by 21 runs,213,192,"DR Smith, BB McCullum, SK Raina, AJ Finch, KD Karthik, RA Jadeja, Ishan Kishan, AJ Tye, Basil Thampi, DS Kulkarni, S Kaushik","CH Gayle, V Kohli, TM Head, KM Jadhav, SR Watson, Mandeep Singh, STR Binny, P Negi, AF Milne, S Aravind, YS Chahal",2,1,2,1,1,1,150.6,161.0,165.6,167.0,0.532,0.444,0.778,0.0,161.07,0.8,0.0,0.429
1082611,2017-04-19,"Rajiv Gandhi International Stadium, Uppal, Hyderabad",Sunrisers Hyderabad,Delhi Capitals,Sunrisers Hyderabad,bat,Sunrisers Hyderabad,won by 15 runs,191,176,"DA Warner, S Dhawan, KS Williamson, Yuvraj Singh, MC Henriques, DJ Hooda, NV Ojha, B Kumar, Rashid Khan, Mohammed Siraj, S Kaul","SV Samson, SW Billings, KK Nair, RR Pant, SS Iyer, AD Mathews, CH Morris, J Yadav, PJ Cummins, A Mishra, Z Khan",5,3,1,2,3,2,163.8,158.4,168.2,142.0,0.6,0.353,0.488,0.36,151.1,0.5,0.615,0.8
1082612,2017-04-20,Holkar Cricket Stadium,Punjab Kings,Mumbai Indians,Mumbai Indians,field,Mumbai Indians,won by 8 wickets,198,199,"HM Amla, SE Marsh, WP Saha, GJ Maxwell, MP Stoinis, AR Patel, Gurkeerat Singh, Swapnil Singh, MM Sharma, Sandeep Sharma, I Sharma","PA Patel, JC Buttler, N Rana, HH Pandya, RG Sharma, KA Pollard, KH Pandya, Harbhajan Singh, MJ McClenaghan, SL Malinga, JJ Bumrah",9,9,1,2,2,4,155.0,165.8,169.0,168.2,0.512,0.2,0.6,0.553,147.38,1.0,1.0,0.0
1082613,2017-04-21,"Eden Gardens, Kolkata",Kolkata Knight Riders,Gujarat Lions,Gujarat Lions,field,Gujarat Lions,won by 4 wickets,187,188,"SP Narine, G Gambhir, RV Uthappa, MK Pandey, YK Pathan, SA Yadav, Shakib Al Hasan, CR Woakes, NM Coulter-Nile, Kuldeep Yadav, UT Yadav","AJ Finch, BB McCullum, SK Raina, KD Karthik, Ishan Kishan, DR Smith, RA Jadeja, JP Faulkner, P Kumar, Basil Thampi, DS Kulkarni",1,2,1,2,4,1,174.8,171.2,171.6,177.0,0.61,0.5,0.7,0.0,148.18,0.679,0.66,1.0
1082614,2017-04-22,"Wankhede Stadium, Mumbai",Mumbai Indians,Delhi Capitals,Delhi Capitals,field,Mumbai Indians,won by 14 runs,142,128,"PA Patel, JC Buttler, N Rana, RG Sharma, KA Pollard, KH Pandya, HH Pandya, Harbhajan Singh, MJ McClenaghan, MG Johnson, JJ Bumrah","SV Samson, AP Tare, KK Nair, SS Iyer, CJ Anderson, RR Pant, K Rabada, CH Morris, PJ Cummins, A Mishra, Z Khan",9,9,2,1,5,2,172.0,170.4,175.8,152.4,0.61,0.553,0.488,0.36,156.92,0.531,0.667,0.167
1082615,2017-04-22,"Maharashtra Cricket Association Stadium, Pune",Sunrisers Hyderabad,Rising Pune Supergiants,Rising Pune Supergiants,field,Rising Pune Supergiants,won by 6 wickets,176,179,"AM Rahane, RA Tripathi, SPD Smith, MS Dhoni, BA Stokes, MK Tiwary, DT Christian, Washington Sundar, SN Thakur, JD Unadkat, Imran Tahir","DA Warner, S Dhawan, KS Williamson, MC Henriques, DJ Hooda, NV Ojha, Bipul Sharma, B Kumar, Rashid Khan, Mohammed Siraj, S Kaul",1,1,1,1,3,2,160.6,159.2,158.0,171.8,0.6,0.389,0.667,0.0,160.73,0.556,1.0,0.167
1082616,2017-04-23,Saurashtra Cricket Association Stadium,Punjab Kings,Gujarat Lions,Gujarat Lions,field,Punjab Kings,won by 26 runs,188,162,"BB McCullum, AJ Finch, SK Raina, KD Karthik, RA Jadeja, DR Smith, AD Nath, AJ Tye, Basil Thampi, SS Agarwal, NB Singh","M Vohra, HM Amla, SE Marsh, GJ Maxwell, MP Stoinis, AR Patel, WP Saha, MM Sharma, KC Cariappa, T Natarajan, Sandeep Sharma",1,1,1,1,1,2,161.8,173.0,172.6,177.6,0.512,0.2,0.727,0.0,166.25,0.667,1.0,0.375
1082617,2017-04-23,"Eden Gardens, Kolkata",Kolkata Knight Riders,Royal Challengers Bengaluru,Royal Challengers Bengaluru,field,Kolkata Knight Riders,won by 82 runs,131,49,"SP Narine, G Gambhir, RV Uthappa, MK Pandey, YK Pathan, SA Yadav, C de Grandhomme, CR Woakes, NM Coulter-Nile, UT Yadav, Kuldeep Yadav","CH Gayle, V Kohli, Mandeep Singh, AB de Villiers, KM Jadhav, STR Binny, P Negi, S Badree, TS Mills, S Aravind, YS Chahal",9,9,1,2,3,2,175.4,172.2,158.8,158.0,0.61,0.5,0.532,0.444,148.87,0.69,0.648,0.429
1082618,2017-04-24,"Wankhede Stadium, Mumbai",Rising Pune Supergiants,Mumbai Indians,Mumbai Indians,field,Rising Pune Supergiants,won by 3 runs,160,157,"PA Patel, JC Buttler, N Rana, RG Sharma, KV Sharma, KA Pollard, HH Pandya, Harbhajan Singh, MJ McClenaghan, MG Johnson, JJ Bumrah","AM Rahane, RA Tripathi, SPD Smith, MS Dhoni, BA Stokes, MK Tiwary, DT Christian, Washington Sundar, SN Thakur, JD Unadkat, Imran Tahir",2,1,2,1,2,5,156.4,170.2,164.4,160.4,0.714,0.0,0.61,0.553,156.51,0.515,1.0,0.673
1082620,2017-04-26,"Maharashtra Cricket Association Stadium, Pune",Rising Pune Supergiants,Kolkata Knight Riders,Kolkata Knight Riders,field,Kolkata Knight Riders,won by 7 wickets,182,184,"AM Rahane, RA Tripathi, SPD Smith, MS Dhoni, MK Tiwary, DT Christian, F du Plessis, Washington Sundar, SN Thakur, JD Unadkat, Imran Tahir","SP Narine, G Gambhir, RV Uthappa, DM Bravo, MK Pandey, YK Pathan, C de Grandhomme, CR Woakes, PP Chawla, Kuldeep Yadav, UT Yadav",0,2,0,2,3,4,155.8,168.8,166.0,146.0,0.714,0.0,0.61,0.5,162.12,0.6,0.286,1.0
1082621,2017-04-27,"M Chinnaswamy Stadium, Bengaluru",Royal Challengers Bengaluru,Gujarat Lions,Gujarat Lions,field,Gujarat Lions,won by 7 wickets,134,135,"CH Gayle, V Kohli, AB de Villiers, TM Head, KM Jadhav, Mandeep Singh, P Negi, S Badree, S Aravind, A Choudhary, YS Chahal","Ishan Kishan, BB McCullum, SK Raina, AJ Finch, RA Jadeja, KD Karthik, JP Faulkner, AJ Tye, Basil Thampi, NB Singh, Ankit Soni",3,1,3,0,1,2,137.2,155.8,178.0,187.2,0.521,0.444,0.667,0.0,158.33,0.519,0.483,0.0
1082622,2017-04-28,"Eden Gardens, Kolkata",Delhi Capitals,Kolkata Knight Riders,Kolkata Knight Riders,field,Kolkata Knight Riders,won by 7 wickets,160,161,"SP Narine, G Gambhir, RV Uthappa, MK Pandey, SP Jackson, YK Pathan, C de Grandhomme, CR Woakes, NM Coulter-Nile, UT Yadav, Kuldeep Yadav","SV Samson, KK Nair, SS Iyer, RR Pant, CH Morris, CJ Anderson, AR Bawne, PJ Cummins, K Rabada, A Mishra, Z Khan",7,11,1,2,2,4,173.0,149.4,168.6,148.4,0.476,0.36,0.619,0.5,147.85,0.667,0.167,0.655
1082623,2017-04-28,"Punjab Cricket Association IS Bindra Stadium, Mohali, Chandigarh",Sunrisers Hyderabad,Punjab Kings,Punjab Kings,field,Sunrisers Hyderabad,won by 26 runs,207,181,"MJ Guptill, M Vohra, SE Marsh, GJ Maxwell, EJG Morgan, WP Saha, AR Patel, Anureet Singh, MM Sharma, I Sharma, KC Cariappa","DA Warner, S Dhawan, KS Williamson, Yuvraj Singh, MC Henriques, DJ Hooda, NV Ojha, B Kumar, A Nehra, S Kaul, Rashid Khan",7,2,3,0,2,1,167.8,168.0,169.4,175.8,0.6,0.389,0.512,0.2,158.43,0.5,1.0,0.476
1082624,2017-04-29,"Maharashtra Cricket Association Stadium, Pune",Rising Pune Supergiants,Royal Challengers Bengaluru,Royal Challengers Bengaluru,field,Rising Pune Supergiants,won by 61 runs,157,96,"AM Rahane, RA Tripathi, SPD Smith, MK Tiwary, MS Dhoni, DT Christian, Washington Sundar, LH Ferguson, JD Unadkat, DL Chahar, Imran Tahir","TM Head, V Kohli, AB de Villiers, KM Jadhav, Sachin Baby, STR Binny, P Negi, AF Milne, S Badree, S Aravind, YS Chahal",1,2,1,2,3,1,170.6,164.6,134.4,152.8,0.714,0.0,0.521,0.444,163.73,0.636,0.25,1.0
1082625,2017-04-29,Saurashtra Cricket Association Stadium,Gujarat Lions,Mumbai Indians,Gujarat Lions,bat,,,153,153,"Ishan Kishan, BB McCullum, SK Raina, AJ Finch, KD Karthik, RA Jadeja, JP Faulkner, IK Pathan, AJ Tye, Basil Thampi, Ankit Soni","PA Patel, JC Buttler, N Rana, RG Sharma, KA Pollard, KH Pandya, HH Pandya, Harbhajan Singh, MJ McClenaghan, JJ Bumrah, SL Malinga",2,1,2,1,2,4,170.6,179.8,164.0,160.8,0.692,0.0,0.595,0.553,167.22,0.571,0.333,0.0
1082627,2017-04-30,"Rajiv Gandhi International Stadium, Uppal, Hyderabad",Sunrisers Hyderabad,Kolkata Knight Riders,Kolkata Knight Riders,field,Sunrisers Hyderabad,won by 48 runs,209,161,"DA Warner, S Dhawan, KS Williamson, Yuvraj Singh, MC Henriques, NV Ojha, Bipul Sharma, B Kumar, Rashid Khan, S Kaul, Mohammed Siraj","SP Narine, G Gambhir, RV Uthappa, MK Pandey, YK Pathan, SP Jackson, C de Grandhomme, CR Woakes, NM Coulter-Nile, UT Yadav, Kuldeep Yadav",3,7,1,2,3,4,177.6,172.4,166.4,149.4,0.6,0.389,0.628,0.5,151.82,0.5,0.63,0.8
1082626,2017-04-30,"Punjab Cricket Association IS Bindra Stadium, Mohali, Chandigarh",Delhi Capitals,Punjab Kings,Punjab Kings,field,Punjab Kings,won by 10 wickets,67,68,"MJ Guptill, HM Amla, M Vohra, SE Marsh, GJ Maxwell, WP Saha, AR Patel, MM Sharma, VR Aaron, Sandeep Sharma, T Natarajan","SV Samson, SW Billings, KK Nair, SS Iyer, RR Pant, CJ Anderson, CH Morris, K Rabada, A Mishra, Mohammed Shami, S Nadeem",9,10,2,1,1,1,164.0,160.0,171.6,183.0,0.476,0.36,0.5,0.2,159.26,0.481,0.25,0.465
1082629,2017-05-01,"Maharashtra Cricket Association Stadium, Pune",Gujarat Lions,Rising Pune Supergiants,Rising Pune Supergiants,field,Rising Pune Supergiants,won by 5 wickets,161,167,"AM Rahane, RA Tripathi, SPD Smith, MK Tiwary, BA Stokes, MS Dhoni, DT Christian, Washington Sundar, JD Unadkat, SN Thakur, Imran Tahir","Ishan Kishan, BB McCullum, SK Raina, AJ Finch, DR Smith, KD Karthik, RA Jadeja, JP Faulkner, PJ Sangwan, Basil Thampi, Ankit Soni",3,0,3,0,2,4,166.0,175.0,167.8,149.4,0.692,0.0,0.714,0.0,161.07,0.583,1.0,0.333
1082628,2017-05-01,"Wankhede Stadium, Mumbai",Royal Challengers Bengaluru,Mumbai Indians,Royal Challengers Bengaluru,bat,Mumbai Indians,won by 5 wickets,162,165,"PA Patel, JC Buttler, N Rana, RG Sharma, KA Pollard, KH Pandya, KV Sharma, HH Pandya, MJ McClenaghan, SL Malinga, JJ Bumrah","V Kohli, Mandeep Singh, TM Head, AB de Villiers, KM Jadhav, SR Watson, P Negi, AF Milne, S Aravind, A Choudhary, YS Chahal",8,12,0,3,1,3,125.2,155.2,165.6,163.0,0.51,0.444,0.595,0.553,156.55,0.5,0.429,0.66
1082630,2017-05-02,"Arun Jaitley Stadium, Delhi",Sunrisers Hyderabad,Delhi Capitals,Delhi Capitals,field,Delhi Capitals,won by 6 wickets,185,189,"SV Samson, KK Nair, RR Pant, SS Iyer, CJ Anderson, CH Morris, AD Mathews, J Yadav, K Rabada, A Mishra, Mohammed Shami","DA Warner, S Dhawan, KS Williamson, Yuvraj Singh, MC Henriques, DJ Hooda, NV Ojha, B Kumar, Rashid Khan, S Kaul, Mohammed Siraj",6,3,1,2,4,0,188.4,170.2,139.8,146.2,0.6,0.389,0.476,0.36,151.87,0.548,0.8,0.392
1082631,2017-05-03,"Eden Gardens, Kolkata",Kolkata Knight Riders,Rising Pune Supergiants,Rising Pune Supergiants,field,Rising Pune Supergiants,won by 4 wickets,155,158,"SP Narine, G Gambhir, SP Jackson, MK Pandey, YK Pathan, C de Grandhomme, SA Yadav, CR Woakes, NM Coulter-Nile, UT Yadav, Kuldeep Yadav","AM Rahane, RA Tripathi, SPD Smith, MK Tiwary, BA Stokes, MS Dhoni, DT Christian, Washington Sundar, SN Thakur, JD Unadkat, Imran Tahir",3,0,3,0,3,4,164.8,157.6,169.0,154.8,0.614,0.5,0.75,0.0,148.07,0.677,0.661,0.0
1082632,2017-05-04,"Arun Jaitley Stadium, Delhi",Gujarat Lions,Delhi Capitals,Delhi Capitals,field,Delhi Capitals,won by 7 wickets,208,214,"SV Samson, KK Nair, RR Pant, SS Iyer, CJ Anderson, MN Samuels, PJ Cummins, K Rabada, S Nadeem, A Mishra, Mohammed Shami","DR Smith, BB McCullum, SK Raina, KD Karthik, AJ Finch, Ishan Kishan, RA Jadeja, JP Faulkner, PJ Sangwan, Basil Thampi, Ankit Soni",1,1,1,1,2,1,159.8,165.8,144.0,149.4,0.692,0.0,0.488,0.36,152.5,0.562,0.5,0.404
1082633,2017-05-05,"M Chinnaswamy Stadium, Bengaluru",Punjab Kings,Royal Challengers Bengaluru,Royal Challengers Bengaluru,field,Punjab Kings,won by 19 runs,138,119,"Mandeep Singh, CH Gayle, V Kohli, AB de Villiers, KM Jadhav, SR Watson, P Negi, S Aravind, S Badree, A Choudhary, YS Chahal","HM Amla, MJ Guptill, SE Marsh, M Vohra, WP Saha, GJ Maxwell, AR Patel, MM Sharma, VR Aaron, Sandeep Sharma, T Natarajan",11,8,1,2,2,1,157.8,158.8,130.8,156.0,0.512,0.2,0.51,0.421,157.94,0.528,0.444,0.475
1082635,2017-05-06,"Arun Jaitley Stadium, Delhi",Mumbai Indians,Delhi Capitals,Delhi Capitals,field,Mumbai Indians,won by 146 runs,212,66,"SV Samson, KK Nair, SS Iyer, RR Pant, CJ Anderson, MN Samuels, PJ Cummins, K Rabada, A Mishra, Mohammed Shami, Z Khan","LMP Simmons, PA Patel, KA Pollard, RG Sharma, HH Pandya, N Rana, KV Sharma, Harbhajan Singh, MJ McClenaghan, SL Malinga, JJ Bumrah",10,9,2,1,3,2,163.2,160.2,151.6,152.8,0.595,0.553,0.5,0.36,153.53,0.576,0.25,0.415
1082634,2017-05-06,"Rajiv Gandhi International Stadium, Uppal, Hyderabad",Rising Pune Supergiants,Sunrisers Hyderabad,Sunrisers Hyderabad,field,Rising Pune Supergiants,won by 12 runs,148,136,"DA Warner, S Dhawan, KS Williamson, Yuvraj Singh, MC Henriques, NV Ojha, Bipul Sharma, Rashid Khan, B Kumar, S Kaul, A Nehra","AM Rahane, RA Tripathi, SPD Smith, BA Stokes, MS Dhoni, DT Christian, MK Tiwary, Washington Sundar, SN Thakur, JD Unadkat, Imran Tahir",2,1,2,1,4,3,164.8,150.6,193.6,177.2,0.778,0.0,0.6,0.389,152.54,0.48,1.0,0.643
1082636,2017-05-07,"M Chinnaswamy Stadium, Bengaluru",Royal Challengers Bengaluru,Kolkata Knight Riders,Kolkata Knight Riders,field,Kolkata Knight Riders,won by 6 wickets,158,159,"CH Gayle, Mandeep Singh, V Kohli, AB de Villiers, TM Head, KM Jadhav, P Negi, S Aravind, S Badree, A Choudhary, YS Chahal","CA Lynn, SP Narine, C de Grandhomme, G Gambhir, MK Pandey, YK Pathan, SP Jackson, CR Woakes, UT Yadav, PP Chawla, AS Rajpoot",9,10,1,2,0,3,112.0,145.2,158.4,151.6,0.5,0.421,0.614,0.5,157.47,0.519,0.467,0.5
1082637,2017-05-07,"Punjab Cricket Association IS Bindra Stadium, Mohali, Chandigarh",Punjab Kings,Gujarat Lions,Gujarat Lions,field,Gujarat Lions,won by 6 wickets,189,192,"MJ Guptill, HM Amla, SE Marsh, GJ Maxwell, AR Patel, WP Saha, Gurkeerat Singh, MM Sharma, Sandeep Sharma, VR Aaron, T Natarajan","DR Smith, Ishan Kishan, SK Raina, KD Karthik, AJ Finch, RA Jadeja, JP Faulkner, DS Kulkarni, PJ Sangwan, Basil Thampi, Ankit Soni",2,1,2,1,3,1,154.6,150.8,163.8,171.2,0.512,0.2,0.692,0.0,157.17,0.5,0.477,1.0
1082638,2017-05-08,"Rajiv Gandhi International Stadium, Uppal, Hyderabad",Mumbai Indians,Sunrisers Hyderabad,Mumbai Indians,bat,Sunrisers Hyderabad,won by 7 wickets,138,140,"DA Warner, S Dhawan, MC Henriques, Yuvraj Singh, V Shankar, Mohammad Nabi, NV Ojha, B Kumar, Rashid Khan, S Kaul, Mohammed Siraj","LMP Simmons, PA Patel, N Rana, RG Sharma, HH Pandya, KA Pollard, KV Sharma, Harbhajan Singh, MJ McClenaghan, JJ Bumrah, SL Malinga",5,4,1,2,3,2,165.8,133.8,182.6,171.6,0.595,0.553,0.562,0.389,152.32,0.462,0.667,0.621
1082639,2017-05-09,"Punjab Cricket Association IS Bindra Stadium, Mohali, Chandigarh",Punjab Kings,Kolkata Knight Riders,Kolkata Knight Riders,field,Punjab Kings,won by 14 runs,167,153,"MJ Guptill, M Vohra, SE Marsh, WP Saha, GJ Maxwell, AR Patel, Swapnil Singh, R Tewatia, MJ Henry, MM Sharma, Sandeep Sharma","SP Narine, CA Lynn, G Gambhir, RV Uthappa, MK Pandey, C de Grandhomme, YK Pathan, CR Woakes, UT Yadav, Kuldeep Yadav, AS Rajpoot",6,14,0,3,3,3,152.8,149.4,164.0,173.4,0.512,0.2,0.622,0.5,157.91,0.517,0.467,0.6
1082640,2017-05-10,Green Park,Gujarat Lions,Delhi Capitals,Delhi Capitals,field,Delhi Capitals,won by 2 wickets,195,197,"DR Smith, Ishan Kishan, SK Raina, KD Karthik, AJ Finch, RA Jadeja, JP Faulkner, DS Kulkarni, PJ Sangwan, Basil Thampi, Ankit Soni","SV Samson, KK Nair, RR Pant, SS Iyer, MN Samuels, CJ Anderson, CR Brathwaite, PJ Cummins, Mohammed Shami, A Mishra, Z Khan",1,2,1,2,2,2,169.8,171.4,139.2,166.8,0.714,0.0,0.489,0.36,148.5,1.0,1.0,0.0
1082641,2017-05-11,"Wankhede Stadium, Mumbai",Punjab Kings,Mumbai Indians,Mumbai Indians,field,Punjab Kings,won by 7 runs,230,223,"LMP Simmons, PA Patel, N Rana, RG Sharma, KA Pollard, HH Pandya, KV Sharma, Harbhajan Singh, MJ McClenaghan, JJ Bumrah, SL Malinga","MJ Guptill, WP Saha, GJ Maxwell, SE Marsh, AR Patel, M Vohra, R Tewatia, MM Sharma, Sandeep Sharma, I Sharma, MJ Henry",9,10,1,2,3,2,148.6,147.6,165.0,136.2,0.512,0.2,0.595,0.538,156.67,0.5,0.5,0.667
1082642,2017-05-12,"Arun Jaitley Stadium, Delhi",Delhi Capitals,Rising Pune Supergiants,Delhi Capitals,bat,Delhi Capitals,won by 7 runs,168,161,"SV Samson, KK Nair, SS Iyer, RR Pant, MN Samuels, CJ Anderson, PJ Cummins, A Mishra, Mohammed Shami, S Nadeem, Z Khan","AM Rahane, RA Tripathi, SPD Smith, MK Tiwary, BA Stokes, MS Dhoni, DT Christian, Washington Sundar, SN Thakur, JD Unadkat, A Zampa",1,2,1,2,3,4,146.6,173.6,162.4,146.4,0.5,0.36,0.778,0.0,153.28,0.559,0.407,1.0
1082643,2017-05-13,Green Park,Gujarat Lions,Sunrisers Hyderabad,Sunrisers Hyderabad,field,Sunrisers Hyderabad,won by 8 wickets,154,158,"DR Smith, Ishan Kishan, SK Raina, KD Karthik, AJ Finch, RA Jadeja, JP Faulkner, PJ Sangwan, Ankit Soni, P Kumar, MM Patel","DA Warner, S Dhawan, MC Henriques, V Shankar, DJ Hooda, Mohammad Nabi, NV Ojha, B Kumar, Rashid Khan, S Kaul, Mohammed Siraj",0,4,0,3,1,3,181.8,184.0,175.4,163.4,0.714,0.0,0.562,0.389,164.33,1.0,0.667,0.0
1082644,2017-05-13,"Eden Gardens, Kolkata",Mumbai Indians,Kolkata Knight Riders,Kolkata Knight Riders,field,Mumbai Indians,won by 9 runs,173,164,"SP Narine, CA Lynn, G Gambhir, RV Uthappa, MK Pandey, YK Pathan, C de Grandhomme, Kuldeep Yadav, UT Yadav, TA Boult, AS Rajpoot","SS Tiwary, LMP Simmons, RG Sharma, AT Rayudu, KA Pollard, HH Pandya, KH Pandya, KV Sharma, MG Johnson, R Vinay Kumar, TG Southee",14,5,3,0,2,2,178.2,150.2,157.8,170.4,0.581,0.538,0.609,0.5,148.21,0.688,0.8,0.649
1082645,2017-05-14,"Maharashtra Cricket Association Stadium, Pune",Punjab Kings,Rising Pune Supergiants,Rising Pune Supergiants,field,Rising Pune Supergiants,won by 9 wickets,73,78,"AM Rahane, RA Tripathi, SPD Smith, BA Stokes, MK Tiwary, MS Dhoni, DT Christian, Washington Sundar, SN Thakur, JD Unadkat, A Zampa","MJ Guptill, WP Saha, SE Marsh, EJG Morgan, R Tewatia, GJ Maxwell, AR Patel, Swapnil Singh, MM Sharma, I Sharma, Sandeep Sharma",2,1,2,1,4,4,158.4,150.8,158.2,143.2,0.512,0.2,0.778,0.0,161.27,0.615,0.0,0.4
1082646,2017-05-14,"Arun Jaitley Stadium, Delhi",Royal Challengers Bengaluru,Delhi Capitals,Royal Challengers Bengaluru,bat,Royal Challengers Bengaluru,won by 10 runs,161,151,"SV Samson, KK Nair, SS Iyer, RR Pant, MN Samuels, CJ Anderson, PJ Cummins, A Mishra, Mohammed Shami, S Nadeem, Z Khan","CH Gayle, Vishnu Vinod, V Kohli, TM Head, KM Jadhav, Sachin Baby, SR Watson, P Negi, HV Patel, Avesh Khan, YS Chahal",10,6,2,1,0,4,133.8,150.8,166.8,192.2,0.5,0.421,0.5,0.385,153.47,0.559,0.667,0.418
1082647,2017-05-16,"Wankhede Stadium, Mumbai",Rising Pune Supergiants,Mumbai Indians,Mumbai Indians,field,Rising Pune Supergiants,won by 20 runs,162,142,"LMP Simmons, PA Patel, RG Sharma, AT Rayudu, KA Pollard, HH Pandya, KH Pandya, MJ McClenaghan, KV Sharma, JJ Bumrah, SL Malinga","AM Rahane, RA Tripathi, SPD Smith, MK Tiwary, MS Dhoni, DT Christian, Washington Sundar, LH Ferguson, A Zampa, SN Thakur, JD Unadkat",3,1,2,1,4,3,142.4,138.6,182.2,152.4,0.8,0.0,0.581,0.538,157.92,0.486,1.0,0.654
1082648,2017-05-17,"M Chinnaswamy Stadium, Bengaluru",Sunrisers Hyderabad,Kolkata Knight Riders,Kolkata Knight Riders,field,Kolkata Knight Riders,won by 7 wickets,128,48,"DA Warner, S Dhawan, KS Williamson, Yuvraj Singh, V Shankar, NV Ojha, CJ Jordan, Bipul Sharma, B Kumar, Rashid Khan, S Kaul","RV Uthappa, CA Lynn, YK Pathan, G Gambhir, IR Jaggi, SA Yadav, SP Narine, PP Chawla, UT Yadav, NM Coulter-Nile, TA Boult",4,7,2,1,3,1,165.6,158.0,158.4,173.0,0.588,0.389,0.596,0.5,157.48,0.527,0.4,0.556
1082649,2017-05-19,"M Chinnaswamy Stadium, Bengaluru",Kolkata Knight Riders,Mumbai Indians,Mumbai Indians,field,Mumbai Indians,won by 6 wickets,107,111,"LMP Simmons, PA Patel, AT Rayudu, RG Sharma, KH Pandya, KA Pollard, HH Pandya, MG Johnson, KV Sharma, JJ Bumrah, SL Malinga","CA Lynn, SP Narine, G Gambhir, RV Uthappa, IR Jaggi, C de Grandhomme, SA Yadav, PP Chawla, NM Coulter-Nile, UT Yadav, AS Rajpoot",5,15,0,3,2,2,135.8,156.8,177.6,152.4,0.604,0.5,0.568,0.538,156.4,0.536,0.6,0.778
1082650,2017-05-21,"Rajiv Gandhi International Stadium, Uppal, Hyderabad",Mumbai Indians,Rising Pune Supergiants,Mumbai Indians,bat,Mumbai Indians,won by 1 runs,129,128,"LMP Simmons, PA Patel, AT Rayudu, RG Sharma, KH Pandya, KA Pollard, HH Pandya, KV Sharma, MG Johnson, JJ Bumrah, SL Malinga","AM Rahane, RA Tripathi, SPD Smith, MS Dhoni, MK Tiwary, DT Christian, Washington Sundar, LH Ferguson, A Zampa, SN Thakur, JD Unadkat",1,4,0,3,2,4,157.4,160.6,141.4,134.8,0.578,0.538,0.8,0.0,152.04,0.462,0.571,1.0
1136561,2018-04-07,"Wankhede Stadium, Mumbai",Mumbai Indians,Chennai Super Kings,Chennai Super Kings,field,Chennai Super Kings,won by 1 wickets,165,169,"RG Sharma, E Lewis, Ishan Kishan, SA Yadav, HH Pandya, KH Pandya, KA Pollard, JJ Bumrah, MJ McClenaghan, Mustafizur Rahman, M Markande","SR Watson, AT Rayudu, SK Raina, KM Jadhav, MS Dhoni, RA Jadeja, DJ Bravo, DL Chahar, Harbhajan Singh, MA Wood, Imran Tahir",12,10,3,0,3,2,155.6,158.2,143.2,155.6,0.578,0.55,0.591,0.659,157.82,0.472,0.642,0.4
1136563,2018-04-08,"Eden Gardens, Kolkata",Royal Challengers Bengaluru,Kolkata Knight Riders,Kolkata Knight Riders,field,Kolkata Knight Riders,won by 4 wickets,176,177,"BB McCullum, Q de Kock, V Kohli, AB de Villiers, SN Khan, Mandeep Singh, CR Woakes, Washington Sundar, UT Yadav, K Khejroliya, YS Chahal","SP Narine, CA Lynn, RV Uthappa, N Rana, KD Karthik, RK Singh, AD Russell, R Vinay Kumar, PP Chawla, MG Johnson, Kuldeep Yadav",9,11,1,2,1,2,139.2,154.0,126.2,147.4,0.5,0.45,0.604,0.5,148.54,0.667,0.375,0.638
1136562,2018-04-08,"Punjab Cricket Association IS Bindra Stadium, Mohali, Chandigarh",Delhi Capitals,Punjab Kings,Punjab Kings,field,Punjab Kings,won by 6 wickets,166,167,"C Munro, G Gambhir, SS Iyer, V Shankar, RR Pant, R Tewatia, CH Morris, DT Christian, A Mishra, TA Boult, Mohammed Shami","KL Rahul, MA Agarwal, Yuvraj Singh, KK Nair, DA Miller, MP Stoinis, AR Patel, R Ashwin, AJ Tye, MM Sharma, Mujeeb Ur Rahman",9,11,1,2,3,3,159.2,187.4,159.4,153.0,0.5,0.385,0.512,0.2,157.96,0.5,0.2,0.478
1136564,2018-04-09,"Rajiv Gandhi International Stadium, Uppal, Hyderabad",Rajasthan Royals,Sunrisers Hyderabad,Sunrisers Hyderabad,field,Sunrisers Hyderabad,won by 9 wickets,125,127,"AM Rahane, DJM Short, SV Samson, BA Stokes, RA Tripathi, JC Buttler, K Gowtham, S Gopal, DS Kulkarni, JD Unadkat, B Laughlin","WP Saha, S Dhawan, KS Williamson, MK Pandey, DJ Hooda, YK Pathan, Shakib Al Hasan, Rashid Khan, B Kumar, B Stanlake, S Kaul",4,3,1,2,2,2,167.2,180.6,149.4,135.4,0.618,0.429,0.588,0.389,151.56,0.462,0.5,0.633
1136565,2018-04-10,"MA Chidambaram Stadium, Chepauk, Chennai",Kolkata Knight Riders,Chennai Super Kings,Chennai Super Kings,field,Chennai Super Kings,won by 5 wickets,202,205,"CA Lynn, SP Narine, RV Uthappa, N Rana, KD Karthik, RK Singh, AD Russell, TK Curran, R Vinay Kumar, Kuldeep Yadav, PP Chawla","SR Watson, AT Rayudu, SK Raina, MS Dhoni, SW Billings, RA Jadeja, DJ Bravo, DL Chahar, Harbhajan Singh, SN Thakur, Imran Tahir",6,10,2,1,2,3,129.8,151.0,153.2,164.6,0.612,0.5,0.609,0.659,158.94,0.286,0.286,0.702
1136566,2018-04-11,"Sawai Mansingh Stadium, Jaipur",Rajasthan Royals,Delhi Capitals,Delhi Capitals,field,Rajasthan Royals,won by 10 runs,153,60,"AM Rahane, DJM Short, BA Stokes, SV Samson, JC Buttler, RA Tripathi, K Gowtham, S Gopal, DS Kulkarni, JD Unadkat, B Laughlin","GJ Maxwell, C Munro, RR Pant, CH Morris, V Shankar, SS Iyer, G Gambhir, R Tewatia, S Nadeem, TA Boult, Mohammed Shami",10,6,3,0,1,2,154.4,171.0,149.6,179.2,0.618,0.429,0.5,0.385,149.41,0.632,0.727,0.25
1136567,2018-04-12,"Rajiv Gandhi International Stadium, Uppal, Hyderabad",Mumbai Indians,Sunrisers Hyderabad,Sunrisers Hyderabad,field,Sunrisers Hyderabad,won by 1 wickets,147,151,"RG Sharma, E Lewis, Ishan Kishan, SA Yadav, KH Pandya, KA Pollard, BCJ Cutting, PJ Sangwan, M Markande, JJ Bumrah, Mustafizur Rahman","WP Saha, S Dhawan, KS Williamson, MK Pandey, Shakib Al Hasan, DJ Hooda, YK Pathan, Rashid Khan, S Kaul, Sandeep Sharma, B Stanlake",5,5,1,2,3,3,144.0,146.0,137.8,122.6,0.578,0.55,0.611,0.389,151.05,0.481,0.625,0.645
1136568,2018-04-13,M.Chinnaswamy Stadium,Punjab Kings,Royal Challengers Bengaluru,Royal Challengers Bengaluru,field,Royal Challengers Bengaluru,won by 4 wickets,155,159,"KL Rahul, MA Agarwal, AJ Finch, Yuvraj Singh, KK Nair, MP Stoinis, AR Patel, R Ashwin, AJ Tye, MM Sharma, Mujeeb Ur Rahman","Q de Kock, BB McCullum, V Kohli, AB de Villiers, SN Khan, Mandeep Singh, CR Woakes, Washington Sundar, UT Yadav, K Khejroliya, YS Chahal",12,8,2,1,3,1,165.2,162.4,155.2,158.0,0.523,0.2,0.5,0.45,149.5,0.0,0.0,1.0
1136569,2018-04-14,"Wankhede Stadium, Mumbai",Mumbai Indians,Delhi Capitals,Delhi Capitals,field,Delhi Capitals,won by 7 wickets,194,195,"SA Yadav, E Lewis, Ishan Kishan, RG Sharma, KA Pollard, KH Pandya, HH Pandya, A Dananjaya, M Markande, JJ Bumrah, Mustafizur Rahman","JJ Roy, G Gambhir, RR Pant, GJ Maxwell, SS Iyer, V Shankar, DT Christian, R Tewatia, S Nadeem, Mohammed Shami, TA Boult",11,9,3,0,2,2,138.8,143.4,148.4,167.4,0.578,0.55,0.489,0.385,157.97,0.486,0.63,0.143
1136570,2018-04-14,"Eden Gardens, Kolkata",Kolkata Knight Riders,Sunrisers Hyderabad,Sunrisers Hyderabad,field,Sunrisers Hyderabad,won by 5 wickets,138,139,"RV Uthappa, CA Lynn, N Rana, SP Narine, KD Karthik, AD Russell, Shubman Gill, Shivam Mavi, MG Johnson, PP Chawla, Kuldeep Yadav","WP Saha, S Dhawan, KS Williamson, MK Pandey, Shakib Al Hasan, DJ Hooda, YK Pathan, B Kumar, Rashid Khan, S Kaul, B Stanlake",8,4,2,1,2,4,139.6,158.6,140.8,122.4,0.612,0.5,0.632,0.389,148.99,0.676,0.644,0.0
1136571,2018-04-15,M.Chinnaswamy Stadium,Rajasthan Royals,Royal Challengers Bengaluru,Royal Challengers Bengaluru,field,Rajasthan Royals,won by 19 runs,217,198,"AM Rahane, DJM Short, SV Samson, BA Stokes, JC Buttler, RA Tripathi, K Gowtham, S Gopal, DS Kulkarni, JD Unadkat, B Laughlin","BB McCullum, Q de Kock, V Kohli, AB de Villiers, Mandeep Singh, P Negi, Washington Sundar, CR Woakes, UT Yadav, K Khejroliya, YS Chahal",7,8,1,2,2,2,146.2,142.8,154.6,156.0,0.618,0.429,0.51,0.45,153.25,1.0,0.0,1.0
1136572,2018-04-15,"Punjab Cricket Association IS Bindra Stadium, Mohali, Chandigarh",Punjab Kings,Chennai Super Kings,Chennai Super Kings,field,Punjab Kings,won by 4 runs,197,193,"KL Rahul, CH Gayle, MA Agarwal, Yuvraj Singh, AJ Finch, KK Nair, R Ashwin, AJ Tye, BB Sran, MM Sharma, Mujeeb Ur Rahman","SR Watson, M Vijay, AT Rayudu, SW Billings, MS Dhoni, RA Jadeja, DJ Bravo, DL Chahar, Harbhajan Singh, SN Thakur, Imran Tahir",6,10,1,2,3,3,158.4,155.8,167.4,179.0,0.523,0.2,0.625,0.659,158.14,0.516,0.489,0.75
1136573,2018-04-16,"Eden Gardens, Kolkata",Kolkata Knight Riders,Delhi Capitals,Delhi Capitals,field,Kolkata Knight Riders,won by 71 runs,200,129,"CA Lynn, SP Narine, RV Uthappa, N Rana, KD Karthik, AD Russell, Shubman Gill, TK Curran, PP Chawla, Shivam Mavi, Kuldeep Yadav","G Gambhir, JJ Roy, SS Iyer, RR Pant, GJ Maxwell, R Tewatia, V Shankar, CH Morris, Mohammed Shami, S Nadeem, TA Boult",12,7,2,1,2,2,134.4,151.8,148.0,167.2,0.612,0.5,0.5,0.385,148.83,0.686,0.633,0.143
1136574,2018-04-17,"Wankhede Stadium, Mumbai",Mumbai Indians,Royal Challengers Bengaluru,Royal Challengers Bengaluru,field,Mumbai Indians,won by 46 runs,213,167,"SA Yadav, E Lewis, Ishan Kishan, RG Sharma, KH Pandya, KA Pollard, HH Pandya, MJ McClenaghan, M Markande, JJ Bumrah, Mustafizur Rahman","V Kohli, Q de Kock, AB de Villiers, Mandeep Singh, CJ Anderson, Washington Sundar, SN Khan, CR Woakes, UT Yadav, Mohammed Siraj, YS Chahal",13,8,3,0,2,2,149.2,150.0,170.4,171.8,0.578,0.55,0.5,0.45,158.59,0.5,0.618,0.375
1136575,2018-04-18,"Sawai Mansingh Stadium, Jaipur",Rajasthan Royals,Kolkata Knight Riders,Kolkata Knight Riders,field,Kolkata Knight Riders,won by 7 wickets,160,163,"AM Rahane, DJM Short, SV Samson, RA Tripathi, BA Stokes, JC Buttler, K Gowtham, S Gopal, DS Kulkarni, JD Unadkat, B Laughlin","SP Narine, CA Lynn, RV Uthappa, N Rana, KD Karthik, AD Russell, Shubman Gill, TK Curran, PP Chawla, Shivam Mavi, Kuldeep Yadav",7,6,2,0,3,2,160.6,151.0,164.8,152.0,0.618,0.429,0.612,0.5,148.15,0.6,0.735,0.25
1136576,2018-04-19,"Punjab Cricket Association IS Bindra Stadium, Mohali, Chandigarh",Punjab Kings,Sunrisers Hyderabad,Punjab Kings,bat,Punjab Kings,won by 15 runs,193,178,"KL Rahul, CH Gayle, MA Agarwal, KK Nair, AJ Finch, Yuvraj Singh, R Ashwin, AJ Tye, BB Sran, MM Sharma, Mujeeb Ur Rahman","WP Saha, S Dhawan, KS Williamson, YK Pathan, MK Pandey, DJ Hooda, Shakib Al Hasan, CJ Jordan, B Kumar, Rashid Khan, S Kaul",2,8,0,3,3,4,164.4,163.8,140.6,122.4,0.523,0.2,0.65,0.389,158.91,0.5,0.5,1.0
1136577,2018-04-20,"Maharashtra Cricket Association Stadium, Pune",Chennai Super Kings,Rajasthan Royals,Rajasthan Royals,field,Chennai Super Kings,won by 64 runs,204,140,"SR Watson, AT Rayudu, SK Raina, MS Dhoni, SW Billings, DJ Bravo, RA Jadeja, DL Chahar, KV Sharma, SN Thakur, Imran Tahir","AM Rahane, H Klaasen, SV Samson, BA Stokes, JC Buttler, RA Tripathi, STR Binny, K Gowtham, S Gopal, JD Unadkat, B Laughlin",11,6,2,1,3,2,173.6,181.0,152.8,145.6,0.6,0.659,0.618,0.429,155.91,0.643,0.0,0.5
1136578,2018-04-21,"Eden Gardens, Kolkata",Kolkata Knight Riders,Punjab Kings,Punjab Kings,field,Punjab Kings,won by 9 wickets,191,126,"CA Lynn, SP Narine, RV Uthappa, N Rana, KD Karthik, AD Russell, Shubman Gill, TK Curran, PP Chawla, Shivam Mavi, Kuldeep Yadav","KL Rahul, CH Gayle, MA Agarwal, KK Nair, AJ Finch, Yuvraj Singh, R Ashwin, AJ Tye, BB Sran, Mujeeb Ur Rahman, AS Rajpoot",14,7,2,1,3,3,176.0,161.8,157.0,154.8,0.62,0.5,0.523,0.231,149.07,0.667,0.639,0.222
1136579,2018-04-21,M.Chinnaswamy Stadium,Delhi Capitals,Royal Challengers Bengaluru,Royal Challengers Bengaluru,field,Royal Challengers Bengaluru,won by 6 wickets,174,176,"JJ Roy, G Gambhir, SS Iyer, RR Pant, GJ Maxwell, R Tewatia, CH Morris, V Shankar, S Nadeem, HV Patel, TA Boult","Q de Kock, M Vohra, V Kohli, AB de Villiers, CJ Anderson, Mandeep Singh, Washington Sundar, CR Woakes, UT Yadav, Mohammed Siraj, YS Chahal",6,11,0,3,1,2,140.2,175.0,172.2,182.6,0.49,0.385,0.491,0.45,171.33,0.5,0.0,0.667
1136581,2018-04-22,"Sawai Mansingh Stadium, Jaipur",Mumbai Indians,Rajasthan Royals,Mumbai Indians,bat,Rajasthan Royals,won by 3 wickets,167,168,"SA Yadav, E Lewis, Ishan Kishan, KA Pollard, RG Sharma, KH Pandya, HH Pandya, MJ McClenaghan, M Markande, JJ Bumrah, Mustafizur Rahman","AM Rahane, RA Tripathi, SV Samson, BA Stokes, JC Buttler, H Klaasen, JC Archer, K Gowtham, JD Unadkat, DS Kulkarni, S Gopal",10,6,2,1,2,2,169.6,162.0,159.0,150.4,0.578,0.55,0.6,0.429,148.53,0.619,0.4,0.714
1136580,2018-04-22,"Rajiv Gandhi International Stadium, Uppal, Hyderabad",Chennai Super Kings,Sunrisers Hyderabad,Sunrisers Hyderabad,field,Chennai Super Kings,won by 4 runs,182,178,"SR Watson, F du Plessis, SK Raina, AT Rayudu, MS Dhoni, SW Billings, DJ Bravo, RA Jadeja, DL Chahar, KV Sharma, SN Thakur","RK Bhui, KS Williamson, MK Pandey, DJ Hooda, Shakib Al Hasan, YK Pathan, WP Saha, Rashid Khan, B Kumar, B Stanlake, S Kaul",4,2,1,2,3,3,186.4,181.2,144.6,130.2,0.6,0.659,0.65,0.389,151.01,0.5,0.667,0.656
1136582,2018-04-23,"Arun Jaitley Stadium, Delhi",Punjab Kings,Delhi Capitals,Delhi Capitals,field,Punjab Kings,won by 4 runs,143,139,"KL Rahul, AJ Finch, MA Agarwal, KK Nair, Yuvraj Singh, DA Miller, R Ashwin, AJ Tye, BB Sran, AS Rajpoot, Mujeeb Ur Rahman","PP Shaw, G Gambhir, GJ Maxwell, SS Iyer, RR Pant, DT Christian, R Tewatia, LE Plunkett, A Mishra, Avesh Khan, TA Boult",12,9,2,1,4,1,167.6,177.4,144.8,178.0,0.533,0.231,0.49,0.385,153.51,0.559,0.444,0.411
1136583,2018-04-24,"Wankhede Stadium, Mumbai",Sunrisers Hyderabad,Mumbai Indians,Mumbai Indians,field,Sunrisers Hyderabad,won by 31 runs,118,87,"S Dhawan, KS Williamson, WP Saha, MK Pandey, Shakib Al Hasan, YK Pathan, Mohammad Nabi, Rashid Khan, Basil Thampi, S Kaul, Sandeep Sharma","SA Yadav, E Lewis, Ishan Kishan, RG Sharma, KH Pandya, KA Pollard, HH Pandya, MJ McClenaghan, M Markande, JJ Bumrah, Mustafizur Rahman",6,5,2,1,3,1,154.6,157.0,177.2,170.0,0.619,0.389,0.578,0.537,159.12,0.487,0.0,0.625
1136584,2018-04-25,M.Chinnaswamy Stadium,Royal Challengers Bengaluru,Chennai Super Kings,Chennai Super Kings,field,Chennai Super Kings,won by 5 wickets,205,207,"Q de Kock, V Kohli, AB de Villiers, CJ Anderson, Mandeep Singh, C de Grandhomme, P Negi, Washington Sundar, UT Yadav, Mohammed Siraj, YS Chahal","SR Watson, AT Rayudu, SK Raina, SW Billings, RA Jadeja, MS Dhoni, DJ Bravo, Harbhajan Singh, DL Chahar, SN Thakur, Imran Tahir",7,12,0,3,2,4,175.2,187.2,190.6,176.4,0.5,0.45,0.6,0.659,172.25,0.667,0.75,0.0
1136585,2018-04-26,"Rajiv Gandhi International Stadium, Uppal, Hyderabad",Sunrisers Hyderabad,Punjab Kings,Punjab Kings,field,Sunrisers Hyderabad,won by 13 runs,132,119,"S Dhawan, KS Williamson, WP Saha, MK Pandey, Shakib Al Hasan, YK Pathan, Mohammad Nabi, Rashid Khan, Basil Thampi, S Kaul, Sandeep Sharma","KL Rahul, CH Gayle, MA Agarwal, KK Nair, AJ Finch, MK Tiwary, R Ashwin, AJ Tye, BB Sran, AS Rajpoot, Mujeeb Ur Rahman",8,3,2,1,3,4,152.8,149.4,162.8,172.0,0.619,0.389,0.533,0.231,151.57,0.483,0.636,0.5
1136586,2018-04-27,"Arun Jaitley Stadium, Delhi",Delhi Capitals,Kolkata Knight Riders,Kolkata Knight Riders,field,Delhi Capitals,won by 55 runs,219,164,"PP Shaw, C Munro, SS Iyer, RR Pant, GJ Maxwell, V Shankar, R Tewatia, LE Plunkett, A Mishra, Avesh Khan, TA Boult","CA Lynn, SP Narine, RV Uthappa, N Rana, KD Karthik, Shubman Gill, AD Russell, Shivam Mavi, PP Chawla, MG Johnson, Kuldeep Yadav",7,13,0,3,1,2,139.4,173.2,178.8,151.8,0.48,0.385,0.62,0.5,153.3,0.543,0.404,0.625
1136587,2018-04-28,"Maharashtra Cricket Association Stadium, Pune",Chennai Super Kings,Mumbai Indians,Mumbai Indians,field,Mumbai Indians,won by 8 wickets,169,170,"SR Watson, AT Rayudu, SK Raina, MS Dhoni, DJ Bravo, SW Billings, RA Jadeja, Harbhajan Singh, DL Chahar, SN Thakur, Imran Tahir","SA Yadav, E Lewis, RG Sharma, HH Pandya, Ishan Kishan, JP Duminy, KH Pandya, BCJ Cutting, MJ McClenaghan, M Markande, JJ Bumrah",11,12,1,2,4,1,198.2,184.4,161.6,159.8,0.615,0.659,0.565,0.537,156.85,0.6,1.0,0.5
1136588,2018-04-29,"Sawai Mansingh Stadium, Jaipur",Sunrisers Hyderabad,Rajasthan Royals,Sunrisers Hyderabad,bat,Sunrisers Hyderabad,won by 11 runs,151,140,"AD Hales, S Dhawan, KS Williamson, MK Pandey, Shakib Al Hasan, YK Pathan, WP Saha, Rashid Khan, Basil Thampi, Sandeep Sharma, S Kaul","AM Rahane, RA Tripathi, SV Samson, BA Stokes, JC Buttler, MK Lomror, K Gowtham, JC Archer, DS Kulkarni, IS Sodhi, JD Unadkat",4,4,2,1,3,3,149.0,143.8,167.6,158.4,0.619,0.389,0.6,0.429,149.06,0.619,0.0,0.722
1136589,2018-04-29,M.Chinnaswamy Stadium,Royal Challengers Bengaluru,Kolkata Knight Riders,Kolkata Knight Riders,field,Kolkata Knight Riders,won by 6 wickets,175,176,"Q de Kock, BB McCullum, V Kohli, M Vohra, Mandeep Singh, C de Grandhomme, M Ashwin, TG Southee, UT Yadav, YS Chahal, Mohammed Siraj","CA Lynn, SP Narine, RV Uthappa, N Rana, AD Russell, KD Karthik, Shubman Gill, Shivam Mavi, PP Chawla, MG Johnson, Kuldeep Yadav",9,12,0,3,2,2,181.0,193.2,171.2,154.6,0.5,0.45,0.608,0.5,179.0,0.75,0.6,0.0
1136590,2018-04-30,"Maharashtra Cricket Association Stadium, Pune",Chennai Super Kings,Delhi Capitals,Delhi Capitals,field,Chennai Super Kings,won by 13 runs,211,198,"SR Watson, F du Plessis, SK Raina, AT Rayudu, MS Dhoni, RA Jadeja, DJ Bravo, KV Sharma, Harbhajan Singh, KM Asif, L Ngidi","PP Shaw, C Munro, SS Iyer, RR Pant, GJ Maxwell, V Shankar, R Tewatia, LE Plunkett, A Mishra, Avesh Khan, TA Boult",11,5,2,1,3,2,191.0,178.0,171.2,175.4,0.615,0.659,0.48,0.385,157.56,0.625,0.5,1.0
1136591,2018-05-01,M.Chinnaswamy Stadium,Royal Challengers Bengaluru,Mumbai Indians,Mumbai Indians,field,Royal Challengers Bengaluru,won by 14 runs,167,153,"M Vohra, Q de Kock, BB McCullum, V Kohli, Mandeep Singh, C de Grandhomme, Washington Sundar, TG Southee, UT Yadav, YS Chahal, Mohammed Siraj","SA Yadav, Ishan Kishan, JP Duminy, RG Sharma, KA Pollard, HH Pandya, KH Pandya, BCJ Cutting, MJ McClenaghan, M Markande, JJ Bumrah",8,14,0,3,1,2,184.2,197.4,166.2,163.4,0.5,0.45,0.574,0.537,178.42,0.8,0.5,0.0
1136592,2018-05-02,"Arun Jaitley Stadium, Delhi",Delhi Capitals,Rajasthan Royals,Rajasthan Royals,field,Delhi Capitals,won by 4 runs,196,146,"PP Shaw, C Munro, SS Iyer, RR Pant, GJ Maxwell, V Shankar, LE Plunkett, A Mishra, S Nadeem, Avesh Khan, TA Boult","DJM Short, JC Buttler, SV Samson, BA Stokes, RA Tripathi, K Gowtham, JC Archer, AM Rahane, JD Unadkat, DS Kulkarni, S Gopal",6,11,0,3,1,2,171.8,178.8,165.0,176.6,0.471,0.385,0.6,0.429,153.92,0.528,0.414,0.571
1136593,2018-05-03,"Eden Gardens, Kolkata",Chennai Super Kings,Kolkata Knight Riders,Kolkata Knight Riders,field,Kolkata Knight Riders,won by 6 wickets,177,180,"SR Watson, F du Plessis, SK Raina, AT Rayudu, MS Dhoni, RA Jadeja, KV Sharma, DJ Bravo, Harbhajan Singh, KM Asif, L Ngidi","CA Lynn, SP Narine, RV Uthappa, Shubman Gill, RK Singh, KD Karthik, AD Russell, Shivam Mavi, PP Chawla, MG Johnson, Kuldeep Yadav",11,6,2,1,4,3,194.6,178.2,178.8,161.8,0.615,0.659,0.615,0.5,149.22,0.676,0.444,0.629
1136594,2018-05-04,Holkar Cricket Stadium,Punjab Kings,Mumbai Indians,Mumbai Indians,field,Mumbai Indians,won by 6 wickets,174,176,"KL Rahul, CH Gayle, Yuvraj Singh, KK Nair, AR Patel, MP Stoinis, MA Agarwal, R Ashwin, AJ Tye, Mujeeb Ur Rahman, AS Rajpoot","SA Yadav, E Lewis, Ishan Kishan, HH Pandya, RG Sharma, KH Pandya, JP Duminy, BCJ Cutting, MJ McClenaghan, M Markande, JJ Bumrah",10,10,2,1,4,2,155.6,166.6,158.0,157.8,0.522,0.231,0.562,0.537,157.6,1.0,0.75,1.0
1136595,2018-05-05,"Maharashtra Cricket Association Stadium, Pune",Royal Challengers Bengaluru,Chennai Super Kings,Chennai Super Kings,field,Chennai Super Kings,won by 6 wickets,127,128,"PA Patel, BB McCullum, V Kohli, AB de Villiers, Mandeep Singh, C de Grandhomme, M Ashwin, TG Southee, UT Yadav, Mohammed Siraj, YS Chahal","SR Watson, AT Rayudu, SK Raina, DR Shorey, MS Dhoni, DJ Bravo, RA Jadeja, DJ Willey, Harbhajan Singh, L Ngidi, SN Thakur",7,13,0,3,2,3,178.0,184.6,189.2,186.2,0.5,0.45,0.615,0.659,160.03,0.588,0.667,0.667
1136596,2018-05-05,"Rajiv Gandhi International Stadium, Uppal, Hyderabad",Delhi Capitals,Sunrisers Hyderabad,Delhi Capitals,bat,Sunrisers Hyderabad,won by 7 wickets,163,164,"PP Shaw, GJ Maxwell, SS Iyer, RR Pant, NV Ojha, V Shankar, DT Christian, LE Plunkett, A Mishra, Avesh Khan, TA Boult","AD Hales, S Dhawan, KS Williamson, MK Pandey, YK Pathan, Shakib Al Hasan, WP Saha, B Kumar, Rashid Khan, S Kaul, Sandeep Sharma",4,6,2,1,2,3,185.2,168.0,151.4,144.2,0.471,0.385,0.619,0.421,151.08,0.467,0.667,0.647
1136597,2018-05-06,"Wankhede Stadium, Mumbai",Mumbai Indians,Kolkata Knight Riders,Kolkata Knight Riders,field,Mumbai Indians,won by 13 runs,181,168,"SA Yadav, E Lewis, RG Sharma, HH Pandya, KH Pandya, JP Duminy, Ishan Kishan, BCJ Cutting, MJ McClenaghan, M Markande, JJ Bumrah","CA Lynn, Shubman Gill, RV Uthappa, N Rana, KD Karthik, AD Russell, SP Narine, PP Chawla, MG Johnson, M Prasidh Krishna, Kuldeep Yadav",16,5,3,0,2,3,150.6,159.2,174.8,171.4,0.571,0.537,0.623,0.5,158.19,0.475,0.614,0.143
1136598,2018-05-06,Holkar Cricket Stadium,Rajasthan Royals,Punjab Kings,Punjab Kings,field,Punjab Kings,won by 6 wickets,152,155,"JC Buttler, DJM Short, AM Rahane, SV Samson, BA Stokes, RA Tripathi, JC Archer, K Gowtham, S Gopal, JD Unadkat, Anureet Singh","KL Rahul, CH Gayle, MA Agarwal, KK Nair, AR Patel, MP Stoinis, MK Tiwary, R Ashwin, Mujeeb Ur Rahman, AS Rajpoot, AJ Tye",9,5,1,1,1,3,150.8,176.2,151.0,163.2,0.583,0.429,0.522,0.231,160.5,1.0,0.0,0.6
1136599,2018-05-07,"Rajiv Gandhi International Stadium, Uppal, Hyderabad",Sunrisers Hyderabad,Royal Challengers Bengaluru,Royal Challengers Bengaluru,field,Sunrisers Hyderabad,won by 5 runs,146,141,"AD Hales, S Dhawan, KS Williamson, MK Pandey, Shakib Al Hasan, YK Pathan, WP Saha, Rashid Khan, B Kumar, S Kaul, Sandeep Sharma","M Vohra, PA Patel, V Kohli, AB de Villiers, MM Ali, Mandeep Singh, C de Grandhomme, TG Southee, UT Yadav, Mohammed Siraj, YS Chahal",5,4,3,0,4,2,148.6,138.2,170.0,167.6,0.619,0.421,0.5,0.45,151.31,0.467,0.657,0.25
1136600,2018-05-08,"Sawai Mansingh Stadium, Jaipur",Rajasthan Royals,Punjab Kings,Rajasthan Royals,bat,Rajasthan Royals,won by 15 runs,158,143,"AM Rahane, JC Buttler, K Gowtham, SV Samson, BA Stokes, STR Binny, MK Lomror, JC Archer, JD Unadkat, IS Sodhi, Anureet Singh","KL Rahul, CH Gayle, R Ashwin, KK Nair, AD Nath, MK Tiwary, AR Patel, MP Stoinis, AJ Tye, MM Sharma, Mujeeb Ur Rahman",9,6,1,1,1,3,149.2,174.6,143.4,158.0,0.583,0.429,0.532,0.231,148.96,0.619,0.703,0.0
1136601,2018-05-09,"Eden Gardens, Kolkata",Mumbai Indians,Kolkata Knight Riders,Kolkata Knight Riders,field,Mumbai Indians,won by 102 runs,210,108,"SA Yadav, E Lewis, RG Sharma, Ishan Kishan, HH Pandya, BCJ Cutting, KH Pandya, JP Duminy, MJ McClenaghan, M Markande, JJ Bumrah","SP Narine, CA Lynn, RV Uthappa, N Rana, AD Russell, KD Karthik, RK Singh, TK Curran, PP Chawla, Kuldeep Yadav, M Prasidh Krishna",17,5,3,0,3,2,153.4,159.2,175.8,175.6,0.571,0.537,0.611,0.5,149.66,0.684,0.818,0.635
1136602,2018-05-10,"Arun Jaitley Stadium, Delhi",Delhi Capitals,Sunrisers Hyderabad,Delhi Capitals,bat,Sunrisers Hyderabad,won by 9 wickets,187,191,"PP Shaw, JJ Roy, SS Iyer, RR Pant, HV Patel, GJ Maxwell, V Shankar, LE Plunkett, S Nadeem, A Mishra, TA Boult","AD Hales, S Dhawan, KS Williamson, MK Pandey, Shakib Al Hasan, YK Pathan, SP Goswami, Rashid Khan, B Kumar, S Kaul, Sandeep Sharma",4,7,1,2,2,5,183.0,165.6,142.2,130.0,0.471,0.37,0.619,0.421,154.19,0.514,0.424,0.667
1136603,2018-05-11,"Sawai Mansingh Stadium, Jaipur",Chennai Super Kings,Rajasthan Royals,Chennai Super Kings,bat,Rajasthan Royals,won by 4 wickets,176,177,"SR Watson, AT Rayudu, SK Raina, MS Dhoni, SW Billings, DJ Bravo, RA Jadeja, DJ Willey, Harbhajan Singh, SN Thakur, KV Sharma","JC Buttler, BA Stokes, AM Rahane, SV Samson, P Chopra, STR Binny, K Gowtham, JC Archer, Ankit Sharma, JD Unadkat, IS Sodhi",12,6,2,1,3,2,178.4,176.0,152.8,162.4,0.63,0.659,0.583,0.448,149.0,0.619,0.5,0.711
1136604,2018-05-12,Holkar Cricket Stadium,Kolkata Knight Riders,Punjab Kings,Punjab Kings,field,Kolkata Knight Riders,won by 31 runs,245,214,"CA Lynn, SP Narine, RV Uthappa, AD Russell, KD Karthik, N Rana, Shubman Gill, JPR Scantlebury-Searles, PP Chawla, Kuldeep Yadav, M Prasidh Krishna","KL Rahul, CH Gayle, MA Agarwal, KK Nair, AJ Finch, AR Patel, R Ashwin, AJ Tye, BB Sran, MM Sharma, Mujeeb Ur Rahman",14,8,1,2,2,2,159.2,192.4,146.8,151.4,0.6,0.5,0.532,0.231,159.5,1.0,0.0,0.667
1136605,2018-05-12,"Arun Jaitley Stadium, Delhi",Delhi Capitals,Royal Challengers Bengaluru,Royal Challengers Bengaluru,field,Royal Challengers Bengaluru,won by 5 wickets,181,187,"PP Shaw, JJ Roy, SS Iyer, RR Pant, V Shankar, Abhishek Sharma, HV Patel, A Mishra, S Lamichhane, CJ Dala, TA Boult","PA Patel, MM Ali, V Kohli, AB de Villiers, Mandeep Singh, SN Khan, C de Grandhomme, TG Southee, UT Yadav, Mohammed Siraj, YS Chahal",6,12,0,3,2,1,192.6,175.2,163.0,162.0,0.471,0.357,0.491,0.45,154.73,0.514,0.417,0.714
1136606,2018-05-13,"Maharashtra Cricket Association Stadium, Pune",Sunrisers Hyderabad,Chennai Super Kings,Chennai Super Kings,field,Chennai Super Kings,won by 8 wickets,179,180,"S Dhawan, AD Hales, KS Williamson, MK Pandey, DJ Hooda, Shakib Al Hasan, SP Goswami, Rashid Khan, B Kumar, S Kaul, Sandeep Sharma","SR Watson, AT Rayudu, SK Raina, MS Dhoni, SW Billings, DJ Bravo, RA Jadeja, DJ Willey, Harbhajan Singh, DL Chahar, SN Thakur",2,5,1,2,5,2,156.8,150.0,172.2,170.4,0.619,0.421,0.63,0.644,158.4,0.611,0.5,0.75
1136607,2018-05-13,"Wankhede Stadium, Mumbai",Mumbai Indians,Rajasthan Royals,Rajasthan Royals,field,Rajasthan Royals,won by 7 wickets,168,171,"SA Yadav, E Lewis, RG Sharma, Ishan Kishan, HH Pandya, KH Pandya, BCJ Cutting, JP Duminy, MJ McClenaghan, M Markande, JJ Bumrah","DJM Short, JC Buttler, AM Rahane, SV Samson, BA Stokes, STR Binny, JC Archer, K Gowtham, S Gopal, JD Unadkat, DS Kulkarni",10,7,1,2,4,2,178.0,157.2,154.6,164.2,0.571,0.537,0.583,0.448,158.45,0.463,0.621,0.333
1136608,2018-05-14,Holkar Cricket Stadium,Punjab Kings,Royal Challengers Bengaluru,Royal Challengers Bengaluru,field,Royal Challengers Bengaluru,won by 10 wickets,88,92,"KL Rahul, CH Gayle, KK Nair, AJ Finch, MP Stoinis, MA Agarwal, AR Patel, R Ashwin, AJ Tye, MM Sharma, AS Rajpoot","V Kohli, PA Patel, MM Ali, AB de Villiers, Mandeep Singh, SN Khan, C de Grandhomme, TG Southee, UT Yadav, Mohammed Siraj, YS Chahal",12,9,2,1,1,2,161.0,172.6,159.4,156.8,0.521,0.231,0.5,0.45,168.25,0.857,0.571,0.0
1136609,2018-05-15,"Eden Gardens, Kolkata",Rajasthan Royals,Kolkata Knight Riders,Kolkata Knight Riders,field,Kolkata Knight Riders,won by 6 wickets,142,145,"RA Tripathi, JC Buttler, AM Rahane, SV Samson, BA Stokes, STR Binny, K Gowtham, JD Unadkat, IS Sodhi, JC Archer, Anureet Singh","SP Narine, CA Lynn, RV Uthappa, N Rana, KD Karthik, AD Russell, Shubman Gill, Shivam Mavi, JPR Scantlebury-Searles, Kuldeep Yadav, M Prasidh Krishna",7,7,2,1,3,3,160.8,167.6,175.4,191.4,0.595,0.448,0.6,0.5,149.8,0.667,0.167,0.625
1136610,2018-05-16,"Wankhede Stadium, Mumbai",Mumbai Indians,Punjab Kings,Punjab Kings,field,Mumbai Indians,won by 3 runs,186,183,"SA Yadav, E Lewis, Ishan Kishan, RG Sharma, KH Pandya, KA Pollard, HH Pandya, BCJ Cutting, MJ McClenaghan, M Markande, JJ Bumrah","KL Rahul, CH Gayle, AJ Finch, MP Stoinis, AR Patel, Yuvraj Singh, MK Tiwary, R Ashwin, AJ Tye, MM Sharma, AS Rajpoot",11,10,2,1,3,1,177.6,157.6,154.8,164.6,0.571,0.537,0.521,0.231,158.63,0.476,0.61,0.556
1136611,2018-05-17,M.Chinnaswamy Stadium,Royal Challengers Bengaluru,Sunrisers Hyderabad,Sunrisers Hyderabad,field,Royal Challengers Bengaluru,won by 14 runs,218,204,"PA Patel, V Kohli, AB de Villiers, MM Ali, C de Grandhomme, Mandeep Singh, SN Khan, TG Southee, UT Yadav, Mohammed Siraj, YS Chahal","S Dhawan, AD Hales, KS Williamson, MK Pandey, DJ Hooda, Shakib Al Hasan, SP Goswami, Rashid Khan, S Kaul, Sandeep Sharma, Basil Thampi",4,6,0,3,3,4,142.8,139.2,166.2,162.2,0.509,0.45,0.619,0.421,175.79,0.667,0.571,0.0
1136612,2018-05-18,"Arun Jaitley Stadium, Delhi",Delhi Capitals,Chennai Super Kings,Chennai Super Kings,field,Delhi Capitals,won by 34 runs,162,128,"PP Shaw, SS Iyer, RR Pant, GJ Maxwell, V Shankar, Abhishek Sharma, HV Patel, A Mishra, S Lamichhane, TA Boult, Avesh Khan","SR Watson, AT Rayudu, SK Raina, MS Dhoni, SW Billings, RA Jadeja, DJ Bravo, DL Chahar, Harbhajan Singh, SN Thakur, L Ngidi",5,12,1,2,1,3,185.0,179.8,174.4,172.2,0.471,0.357,0.643,0.644,155.18,0.526,0.41,0.833
1136613,2018-05-19,"Sawai Mansingh Stadium, Jaipur",Rajasthan Royals,Royal Challengers Bengaluru,Rajasthan Royals,bat,Rajasthan Royals,won by 30 runs,164,134,"RA Tripathi, JC Archer, AM Rahane, SV Samson, H Klaasen, K Gowtham, STR Binny, S Gopal, IS Sodhi, JD Unadkat, B Laughlin","V Kohli, PA Patel, AB de Villiers, MM Ali, Mandeep Singh, C de Grandhomme, SN Khan, TG Southee, UT Yadav, Mohammed Siraj, YS Chahal",8,8,1,2,3,3,160.0,157.4,153.0,149.4,0.595,0.448,0.509,0.45,149.71,0.619,0.718,0.6
1136614,2018-05-19,"Rajiv Gandhi International Stadium, Uppal, Hyderabad",Sunrisers Hyderabad,Kolkata Knight Riders,Sunrisers Hyderabad,bat,Kolkata Knight Riders,won by 5 wickets,172,173,"S Dhawan, SP Goswami, KS Williamson, MK Pandey, YK Pathan, CR Brathwaite, Shakib Al Hasan, Rashid Khan, B Kumar, S Kaul, Sandeep Sharma","CA Lynn, SP Narine, RV Uthappa, KD Karthik, AD Russell, N Rana, Shubman Gill, PP Chawla, JPR Scantlebury-Searles, Kuldeep Yadav, M Prasidh Krishna",5,8,2,1,3,3,176.8,177.8,169.2,184.8,0.591,0.421,0.607,0.5,151.16,0.452,0.667,0.667
1136615,2018-05-20,"Arun Jaitley Stadium, Delhi",Delhi Capitals,Mumbai Indians,Delhi Capitals,bat,Delhi Capitals,won by 11 runs,174,163,"PP Shaw, GJ Maxwell, SS Iyer, RR Pant, V Shankar, Abhishek Sharma, HV Patel, A Mishra, S Lamichhane, TA Boult, LE Plunkett","SA Yadav, E Lewis, Ishan Kishan, KA Pollard, RG Sharma, KH Pandya, HH Pandya, BCJ Cutting, M Markande, JJ Bumrah, Mustafizur Rahman",10,11,1,2,2,4,177.8,163.2,184.2,160.8,0.471,0.357,0.571,0.537,155.03,0.513,0.419,0.333
1136616,2018-05-20,"Maharashtra Cricket Association Stadium, Pune",Punjab Kings,Chennai Super Kings,Chennai Super Kings,field,Chennai Super Kings,won by 5 wickets,153,159,"KL Rahul, CH Gayle, AJ Finch, MK Tiwary, DA Miller, KK Nair, AR Patel, R Ashwin, AJ Tye, MM Sharma, AS Rajpoot","AT Rayudu, F du Plessis, SK Raina, SW Billings, Harbhajan Singh, DL Chahar, MS Dhoni, DJ Bravo, RA Jadeja, SN Thakur, L Ngidi",7,10,1,2,1,2,156.6,166.6,157.8,165.0,0.51,0.231,0.621,0.644,159.4,0.632,0.0,0.8
1136617,2018-05-22,"Wankhede Stadium, Mumbai",Sunrisers Hyderabad,Chennai Super Kings,Chennai Super Kings,field,Chennai Super Kings,won by 2 wickets,139,140,"S Dhawan, SP Goswami, KS Williamson, MK Pandey, Shakib Al Hasan, YK Pathan, CR Brathwaite, B Kumar, Rashid Khan, S Kaul, Sandeep Sharma","SR Watson, F du Plessis, SK Raina, AT Rayudu, MS Dhoni, DJ Bravo, RA Jadeja, DL Chahar, Harbhajan Singh, SN Thakur, L Ngidi",2,6,1,2,2,3,178.4,179.8,154.2,159.6,0.591,0.4,0.633,0.644,159.03,0.465,0.25,0.455
1136618,2018-05-23,"Eden Gardens, Kolkata",Kolkata Knight Riders,Rajasthan Royals,Rajasthan Royals,field,Kolkata Knight Riders,won by 25 runs,169,144,"SP Narine, CA Lynn, RV Uthappa, N Rana, KD Karthik, Shubman Gill, AD Russell, JPR Scantlebury-Searles, PP Chawla, Kuldeep Yadav, M Prasidh Krishna","AM Rahane, RA Tripathi, SV Samson, H Klaasen, STR Binny, K Gowtham, JC Archer, S Gopal, IS Sodhi, JD Unadkat, B Laughlin",8,7,2,1,3,4,167.8,183.8,162.4,153.2,0.607,0.5,0.595,0.467,149.71,0.675,0.631,0.143
1136619,2018-05-25,"Eden Gardens, Kolkata",Sunrisers Hyderabad,Kolkata Knight Riders,Kolkata Knight Riders,field,Sunrisers Hyderabad,won by 14 runs,174,160,"WP Saha, S Dhawan, KS Williamson, Shakib Al Hasan, DJ Hooda, YK Pathan, CR Brathwaite, Rashid Khan, B Kumar, S Kaul, KK Ahmed","CA Lynn, SP Narine, N Rana, RV Uthappa, KD Karthik, Shubman Gill, AD Russell, PP Chawla, Shivam Mavi, Kuldeep Yadav, M Prasidh Krishna",5,9,1,2,1,4,177.0,179.6,168.0,176.4,0.591,0.4,0.607,0.5,149.8,0.659,0.167,0.636
1136620,2018-05-27,"Wankhede Stadium, Mumbai",Sunrisers Hyderabad,Chennai Super Kings,Chennai Super Kings,field,Chennai Super Kings,won by 8 wickets,178,181,"SP Goswami, S Dhawan, KS Williamson, Shakib Al Hasan, YK Pathan, DJ Hooda, CR Brathwaite, Rashid Khan, B Kumar, S Kaul, Sandeep Sharma","SR Watson, F du Plessis, SK Raina, AT Rayudu, MS Dhoni, DJ Bravo, RA Jadeja, DL Chahar, KV Sharma, SN Thakur, L Ngidi",2,7,0,3,1,3,173.6,174.2,156.6,162.0,0.591,0.4,0.645,0.644,158.73,0.477,0.2,0.5
1175356,2019-03-23,"MA Chidambaram Stadium, Chepauk, Chennai",Royal Challengers Bengaluru,Chennai Super Kings,Chennai Super Kings,field,Chennai Super Kings,won by 7 wickets,70,71,"V Kohli, PA Patel, MM Ali, AB de Villiers, SO Hetmyer, S Dube, C de Grandhomme, NA Saini, YS Chahal, UT Yadav, Mohammed Siraj","SR Watson, AT Rayudu, SK Raina, KM Jadhav, RA Jadeja, MS Dhoni, DJ Bravo, DL Chahar, SN Thakur, Harbhajan Singh, Imran Tahir",7,14,0,3,3,4,154.4,156.6,157.6,162.2,0.509,0.45,0.656,0.644,159.85,0.333,0.25,0.708
1175357,2019-03-24,"Eden Gardens, Kolkata",Sunrisers Hyderabad,Kolkata Knight Riders,Kolkata Knight Riders,field,Kolkata Knight Riders,won by 6 wickets,181,183,"DA Warner, JM Bairstow, V Shankar, YK Pathan, MK Pandey, DJ Hooda, Shakib Al Hasan, Rashid Khan, B Kumar, Sandeep Sharma, S Kaul","CA Lynn, N Rana, RV Uthappa, KD Karthik, AD Russell, Shubman Gill, SP Narine, PP Chawla, Kuldeep Yadav, LH Ferguson, M Prasidh Krishna",6,9,2,1,1,4,173.4,174.4,178.4,169.2,0.591,0.4,0.596,0.5,150.05,0.643,0.286,0.627
1175358,2019-03-24,"Wankhede Stadium, Mumbai",Delhi Capitals,Mumbai Indians,Mumbai Indians,field,Delhi Capitals,won by 37 runs,213,176,"PP Shaw, S Dhawan, SS Iyer, CA Ingram, RR Pant, KMA Paul, AR Patel, R Tewatia, K Rabada, TA Boult, I Sharma","RG Sharma, Q de Kock, SA Yadav, Yuvraj Singh, KA Pollard, HH Pandya, KH Pandya, BCJ Cutting, MJ McClenaghan, Rasikh Salam, JJ Bumrah",11,11,2,1,2,3,173.4,166.6,181.6,160.8,0.471,0.379,0.571,0.537,159.05,0.489,0.25,0.617
1175359,2019-03-25,"Sawai Mansingh Stadium, Jaipur",Punjab Kings,Rajasthan Royals,Rajasthan Royals,field,Punjab Kings,won by 14 runs,184,170,"KL Rahul, CH Gayle, MA Agarwal, SN Khan, N Pooran, Mandeep Singh, SM Curran, R Ashwin, Mohammed Shami, Mujeeb Ur Rahman, AS Rajpoot","AM Rahane, JC Buttler, SV Samson, SPD Smith, BA Stokes, RA Tripathi, K Gowtham, JC Archer, JD Unadkat, S Gopal, DS Kulkarni",6,10,1,1,0,3,156.2,168.0,159.6,158.4,0.51,0.231,0.579,0.467,149.69,0.619,0.0,0.725
1175360,2019-03-26,"Arun Jaitley Stadium, Delhi",Delhi Capitals,Chennai Super Kings,Delhi Capitals,bat,Chennai Super Kings,won by 6 wickets,147,150,"PP Shaw, S Dhawan, SS Iyer, RR Pant, CA Ingram, KMA Paul, AR Patel, R Tewatia, K Rabada, I Sharma, A Mishra","SR Watson, AT Rayudu, SK Raina, KM Jadhav, MS Dhoni, DJ Bravo, RA Jadeja, DL Chahar, SN Thakur, Harbhajan Singh, Imran Tahir",6,12,2,1,3,4,183.4,169.0,135.8,140.4,0.471,0.379,0.667,0.644,155.23,0.513,0.429,0.714
1175361,2019-03-27,"Eden Gardens, Kolkata",Kolkata Knight Riders,Punjab Kings,Punjab Kings,field,Kolkata Knight Riders,won by 28 runs,218,190,"CA Lynn, SP Narine, RV Uthappa, N Rana, AD Russell, KD Karthik, Shubman Gill, PP Chawla, Kuldeep Yadav, M Prasidh Krishna, LH Ferguson","KL Rahul, CH Gayle, MA Agarwal, SN Khan, DA Miller, Mandeep Singh, R Ashwin, GC Viljoen, CV Varun, Mohammed Shami, AJ Tye",15,8,1,2,4,1,166.0,162.6,164.4,170.4,0.603,0.5,0.51,0.231,150.5,0.651,0.632,0.3
1175362,2019-03-28,M.Chinnaswamy Stadium,Mumbai Indians,Royal Challengers Bengaluru,Royal Challengers Bengaluru,field,Mumbai Indians,won by 6 runs,187,181,"Q de Kock, RG Sharma, SA Yadav, Yuvraj Singh, KA Pollard, KH Pandya, HH Pandya, MJ McClenaghan, M Markande, JJ Bumrah, SL Malinga","PA Patel, MM Ali, V Kohli, AB de Villiers, SO Hetmyer, C de Grandhomme, S Dube, NA Saini, YS Chahal, UT Yadav, Mohammed Siraj",14,9,2,1,2,3,180.6,169.8,140.2,141.6,0.56,0.537,0.509,0.45,180.19,0.571,0.0,0.625
1175363,2019-03-29,"Rajiv Gandhi International Stadium, Uppal, Hyderabad",Rajasthan Royals,Sunrisers Hyderabad,Rajasthan Royals,bat,Sunrisers Hyderabad,won by 5 wickets,198,201,"AM Rahane, JC Buttler, SV Samson, BA Stokes, SPD Smith, RA Tripathi, K Gowtham, JC Archer, JD Unadkat, S Gopal, DS Kulkarni","DA Warner, JM Bairstow, KS Williamson, V Shankar, MK Pandey, YK Pathan, Rashid Khan, B Kumar, Sandeep Sharma, S Kaul, S Nadeem",4,5,0,3,2,1,158.2,160.0,168.8,167.4,0.564,0.467,0.591,0.4,151.54,0.452,0.4,0.649
1175365,2019-03-30,"Arun Jaitley Stadium, Delhi",Kolkata Knight Riders,Delhi Capitals,Delhi Capitals,field,,,185,185,"NS Naik, CA Lynn, RV Uthappa, N Rana, KD Karthik, Shubman Gill, AD Russell, PP Chawla, Kuldeep Yadav, M Prasidh Krishna, LH Ferguson","PP Shaw, S Dhawan, SS Iyer, RR Pant, CA Ingram, GH Vihari, HV Patel, CH Morris, A Mishra, S Lamichhane, K Rabada",13,8,2,1,4,3,180.6,172.2,175.4,160.8,0.603,0.5,0.471,0.367,155.13,0.513,0.556,0.422
1175364,2019-03-30,"Punjab Cricket Association IS Bindra Stadium, Mohali, Chandigarh",Mumbai Indians,Punjab Kings,Punjab Kings,field,Punjab Kings,won by 8 wickets,176,177,"RG Sharma, Q de Kock, SA Yadav, Yuvraj Singh, KA Pollard, HH Pandya, KH Pandya, MJ McClenaghan, M Markande, SL Malinga, JJ Bumrah","KL Rahul, CH Gayle, MA Agarwal, DA Miller, SN Khan, Mandeep Singh, R Ashwin, GC Viljoen, M Ashwin, Mohammed Shami, AJ Tye",12,10,2,1,2,1,176.0,184.4,159.6,165.0,0.56,0.537,0.5,0.231,159.45,0.5,0.571,0.51
1175366,2019-03-31,"Rajiv Gandhi International Stadium, Uppal, Hyderabad",Sunrisers Hyderabad,Royal Challengers Bengaluru,Royal Challengers Bengaluru,field,Sunrisers Hyderabad,won by 118 runs,231,113,"JM Bairstow, DA Warner, V Shankar, YK Pathan, MK Pandey, DJ Hooda, Mohammad Nabi, Rashid Khan, B Kumar, Sandeep Sharma, S Kaul","PA Patel, SO Hetmyer, V Kohli, AB de Villiers, MM Ali, S Dube, C de Grandhomme, P Ray Barman, UT Yadav, Mohammed Siraj, YS Chahal",6,5,2,1,2,2,174.6,172.4,139.0,142.8,0.591,0.4,0.5,0.45,152.39,0.452,0.658,0.222
1175367,2019-03-31,"MA Chidambaram Stadium, Chepauk, Chennai",Chennai Super Kings,Rajasthan Royals,Rajasthan Royals,field,Chennai Super Kings,won by 8 runs,175,167,"AT Rayudu, SR Watson, SK Raina, KM Jadhav, MS Dhoni, DJ Bravo, RA Jadeja, DL Chahar, SN Thakur, MJ Santner, Imran Tahir","AM Rahane, JC Buttler, SV Samson, RA Tripathi, SPD Smith, BA Stokes, K Gowtham, JC Archer, S Gopal, JD Unadkat, DS Kulkarni",12,7,2,1,5,1,140.2,137.4,163.6,166.6,0.667,0.644,0.564,0.452,158.06,0.375,0.714,0.167
1175368,2019-04-01,"Punjab Cricket Association IS Bindra Stadium, Mohali, Chandigarh",Punjab Kings,Delhi Capitals,Delhi Capitals,field,Punjab Kings,won by 14 runs,166,152,"KL Rahul, SM Curran, MA Agarwal, SN Khan, DA Miller, Mandeep Singh, GC Viljoen, R Ashwin, M Ashwin, Mohammed Shami, Mujeeb Ur Rahman","PP Shaw, S Dhawan, SS Iyer, RR Pant, CA Ingram, CH Morris, GH Vihari, HV Patel, K Rabada, Avesh Khan, S Lamichhane",13,9,3,0,2,3,177.4,181.8,176.2,160.4,0.51,0.231,0.462,0.367,159.79,0.515,0.52,0.167
1175369,2019-04-02,"Sawai Mansingh Stadium, Jaipur",Royal Challengers Bengaluru,Rajasthan Royals,Rajasthan Royals,field,Rajasthan Royals,won by 7 wickets,158,164,"V Kohli, PA Patel, AB de Villiers, SO Hetmyer, MP Stoinis, MM Ali, AD Nath, UT Yadav, NA Saini, YS Chahal, Mohammed Siraj","AM Rahane, JC Buttler, SPD Smith, RA Tripathi, BA Stokes, STR Binny, K Gowtham, JC Archer, S Gopal, VR Aaron, DS Kulkarni",8,9,1,2,1,1,143.2,171.4,168.6,172.6,0.492,0.45,0.55,0.452,150.35,0.591,0.5,0.707
1175370,2019-04-03,"Wankhede Stadium, Mumbai",Mumbai Indians,Chennai Super Kings,Chennai Super Kings,field,Mumbai Indians,won by 37 runs,170,133,"Q de Kock, RG Sharma, SA Yadav, Yuvraj Singh, KH Pandya, HH Pandya, KA Pollard, JP Behrendorff, RD Chahar, SL Malinga, JJ Bumrah","SR Watson, AT Rayudu, SK Raina, KM Jadhav, MS Dhoni, RA Jadeja, DJ Bravo, DL Chahar, SN Thakur, MM Sharma, Imran Tahir",13,11,2,1,2,5,177.6,185.6,143.4,140.2,0.56,0.537,0.667,0.644,159.57,0.478,0.607,0.538
1175371,2019-04-04,"Arun Jaitley Stadium, Delhi",Delhi Capitals,Sunrisers Hyderabad,Sunrisers Hyderabad,field,Sunrisers Hyderabad,won by 5 wickets,129,131,"PP Shaw, S Dhawan, SS Iyer, RR Pant, R Tewatia, CA Ingram, CH Morris, AR Patel, K Rabada, I Sharma, S Lamichhane","DA Warner, JM Bairstow, V Shankar, MK Pandey, DJ Hooda, YK Pathan, Mohammad Nabi, Rashid Khan, B Kumar, Sandeep Sharma, S Kaul",4,8,1,2,2,3,174.2,168.0,193.0,167.0,0.453,0.367,0.591,0.4,155.57,0.5,0.415,0.714
1175372,2019-04-05,M.Chinnaswamy Stadium,Royal Challengers Bengaluru,Kolkata Knight Riders,Kolkata Knight Riders,field,Kolkata Knight Riders,won by 5 wickets,205,206,"PA Patel, V Kohli, AB de Villiers, MP Stoinis, MM Ali, AD Nath, P Negi, NA Saini, TG Southee, YS Chahal, Mohammed Siraj","CA Lynn, SP Narine, RV Uthappa, N Rana, KD Karthik, AD Russell, Shubman Gill, PP Chawla, Kuldeep Yadav, M Prasidh Krishna, LH Ferguson",9,13,0,3,0,3,131.2,163.4,183.0,174.8,0.492,0.45,0.603,0.5,180.61,0.5,0.556,1.0
1178393,2019-04-06,"MA Chidambaram Stadium, Chepauk, Chennai",Chennai Super Kings,Punjab Kings,Chennai Super Kings,bat,Chennai Super Kings,won by 22 runs,160,138,"SR Watson, F du Plessis, SK Raina, MS Dhoni, AT Rayudu, KM Jadhav, SC Kuggeleijn, RA Jadeja, Harbhajan Singh, DL Chahar, Imran Tahir","KL Rahul, CH Gayle, MA Agarwal, SN Khan, DA Miller, Mandeep Singh, SM Curran, R Ashwin, Mohammed Shami, AJ Tye, M Ashwin",11,7,2,1,4,3,142.0,146.4,174.0,175.0,0.647,0.644,0.51,0.231,158.31,0.353,0.72,0.2
1178394,2019-04-06,"Rajiv Gandhi International Stadium, Uppal, Hyderabad",Mumbai Indians,Sunrisers Hyderabad,Sunrisers Hyderabad,field,Mumbai Indians,won by 40 runs,136,96,"RG Sharma, Q de Kock, SA Yadav, Ishan Kishan, KH Pandya, KA Pollard, HH Pandya, RD Chahar, AS Joseph, JP Behrendorff, JJ Bumrah","DA Warner, JM Bairstow, V Shankar, MK Pandey, DJ Hooda, YK Pathan, Mohammad Nabi, Rashid Khan, B Kumar, S Kaul, Sandeep Sharma",5,7,0,3,2,3,174.4,175.6,184.4,160.8,0.56,0.537,0.609,0.4,152.72,0.438,0.556,0.667
1178395,2019-04-07,M.Chinnaswamy Stadium,Royal Challengers Bengaluru,Delhi Capitals,Delhi Capitals,field,Delhi Capitals,won by 4 wickets,149,152,"PA Patel, V Kohli, AB de Villiers, MP Stoinis, MM Ali, AD Nath, P Negi, TG Southee, Mohammed Siraj, YS Chahal, NA Saini","PP Shaw, S Dhawan, SS Iyer, CA Ingram, RR Pant, CH Morris, AR Patel, R Tewatia, K Rabada, I Sharma, S Lamichhane",13,6,3,0,0,1,145.4,171.8,165.2,161.6,0.492,0.45,0.453,0.367,183.1,0.556,0.5,0.0
1178396,2019-04-07,"Sawai Mansingh Stadium, Jaipur",Rajasthan Royals,Kolkata Knight Riders,Kolkata Knight Riders,field,Kolkata Knight Riders,won by 8 wickets,139,140,"AM Rahane, JC Buttler, SPD Smith, RA Tripathi, BA Stokes, P Chopra, K Gowtham, JC Archer, S Gopal, S Midhun, DS Kulkarni","CA Lynn, SP Narine, RV Uthappa, Shubman Gill, N Rana, KD Karthik, AD Russell, PP Chawla, Kuldeep Yadav, HF Gurney, M Prasidh Krishna",7,9,0,3,1,3,168.6,177.4,190.4,187.0,0.561,0.452,0.61,0.5,150.61,0.609,0.714,0.4
1178397,2019-04-08,"Punjab Cricket Association IS Bindra Stadium, Mohali, Chandigarh",Sunrisers Hyderabad,Punjab Kings,Punjab Kings,field,Punjab Kings,won by 6 wickets,150,151,"DA Warner, JM Bairstow, V Shankar, Mohammad Nabi, MK Pandey, DJ Hooda, YK Pathan, Rashid Khan, B Kumar, S Kaul, Sandeep Sharma","KL Rahul, CH Gayle, MA Agarwal, DA Miller, Mandeep Singh, SM Curran, SN Khan, R Ashwin, Mohammed Shami, Mujeeb Ur Rahman, AS Rajpoot",9,3,2,1,3,3,168.0,151.8,171.0,175.2,0.583,0.4,0.51,0.231,159.77,0.5,0.8,0.529
1178398,2019-04-09,"MA Chidambaram Stadium, Chepauk, Chennai",Kolkata Knight Riders,Chennai Super Kings,Chennai Super Kings,field,Chennai Super Kings,won by 7 wickets,108,111,"CA Lynn, SP Narine, RV Uthappa, N Rana, KD Karthik, Shubman Gill, AD Russell, PP Chawla, Kuldeep Yadav, M Prasidh Krishna, HF Gurney","SR Watson, F du Plessis, SK Raina, AT Rayudu, KM Jadhav, MS Dhoni, SC Kuggeleijn, RA Jadeja, Harbhajan Singh, DL Chahar, Imran Tahir",7,11,2,1,4,4,186.4,180.0,137.8,138.4,0.617,0.5,0.647,0.652,158.13,0.353,0.25,0.725
1178399,2019-04-10,"Wankhede Stadium, Mumbai",Punjab Kings,Mumbai Indians,Mumbai Indians,field,Mumbai Indians,won by 3 wickets,197,198,"KL Rahul, CH Gayle, DA Miller, KK Nair, SM Curran, Mandeep Singh, SN Khan, GC Viljoen, R Ashwin, Mohammed Shami, AS Rajpoot","Q de Kock, SD Lad, SA Yadav, KA Pollard, Ishan Kishan, HH Pandya, KH Pandya, AS Joseph, RD Chahar, JP Behrendorff, JJ Bumrah",11,12,1,2,3,3,164.4,171.2,169.0,160.0,0.519,0.231,0.56,0.537,159.46,0.468,0.5,0.613
1178400,2019-04-11,"Sawai Mansingh Stadium, Jaipur",Rajasthan Royals,Chennai Super Kings,Chennai Super Kings,field,Chennai Super Kings,won by 4 wickets,151,155,"AM Rahane, JC Buttler, SV Samson, SPD Smith, RA Tripathi, BA Stokes, R Parag, JC Archer, S Gopal, JD Unadkat, DS Kulkarni","SR Watson, F du Plessis, SK Raina, AT Rayudu, KM Jadhav, MS Dhoni, RA Jadeja, MJ Santner, DL Chahar, SN Thakur, Imran Tahir",7,13,1,2,1,4,167.6,171.6,145.8,146.0,0.561,0.452,0.657,0.652,150.35,0.625,0.698,0.4
1178401,2019-04-12,"Eden Gardens, Kolkata",Kolkata Knight Riders,Delhi Capitals,Delhi Capitals,field,Delhi Capitals,won by 7 wickets,178,180,"JL Denly, Shubman Gill, RV Uthappa, N Rana, AD Russell, KD Karthik, CR Brathwaite, PP Chawla, Kuldeep Yadav, LH Ferguson, M Prasidh Krishna","PP Shaw, S Dhawan, SS Iyer, RR Pant, CA Ingram, CH Morris, AR Patel, KMA Paul, R Tewatia, K Rabada, I Sharma",13,8,1,1,3,1,171.4,166.0,153.0,156.2,0.617,0.5,0.463,0.367,151.24,0.636,0.638,0.125
1178403,2019-04-13,"Punjab Cricket Association IS Bindra Stadium, Mohali, Chandigarh",Punjab Kings,Royal Challengers Bengaluru,Royal Challengers Bengaluru,field,Royal Challengers Bengaluru,won by 8 wickets,173,174,"KL Rahul, CH Gayle, MA Agarwal, SN Khan, SM Curran, Mandeep Singh, N Pooran, AJ Tye, R Ashwin, Mohammed Shami, M Ashwin","PA Patel, V Kohli, AB de Villiers, MP Stoinis, MM Ali, AD Nath, P Negi, UT Yadav, Mohammed Siraj, YS Chahal, NA Saini",12,10,1,2,3,0,165.8,167.2,161.2,188.0,0.519,0.231,0.492,0.45,159.6,0.514,0.538,0.5
1178402,2019-04-13,"Wankhede Stadium, Mumbai",Mumbai Indians,Rajasthan Royals,Rajasthan Royals,field,Rajasthan Royals,won by 4 wickets,187,188,"RG Sharma, Q de Kock, SA Yadav, KA Pollard, HH Pandya, Ishan Kishan, KH Pandya, AS Joseph, RD Chahar, JP Behrendorff, JJ Bumrah","AM Rahane, JC Buttler, SV Samson, SPD Smith, RA Tripathi, LS Livingstone, S Gopal, K Gowtham, JC Archer, JD Unadkat, DS Kulkarni",10,8,1,2,4,1,173.4,156.8,163.8,165.8,0.569,0.537,0.561,0.452,160.01,0.479,0.619,0.429
1178405,2019-04-14,"Rajiv Gandhi International Stadium, Uppal, Hyderabad",Delhi Capitals,Sunrisers Hyderabad,Sunrisers Hyderabad,field,Delhi Capitals,won by 39 runs,155,116,"PP Shaw, S Dhawan, C Munro, SS Iyer, RR Pant, CH Morris, AR Patel, KMA Paul, K Rabada, A Mishra, I Sharma","DA Warner, JM Bairstow, KS Williamson, RK Bhui, V Shankar, DJ Hooda, Abhishek Sharma, Rashid Khan, B Kumar, Sandeep Sharma, KK Ahmed",4,9,0,3,2,3,159.6,161.8,161.8,145.4,0.473,0.367,0.583,0.4,152.1,0.424,0.571,0.65
1178404,2019-04-14,"Eden Gardens, Kolkata",Kolkata Knight Riders,Chennai Super Kings,Chennai Super Kings,field,Chennai Super Kings,won by 5 wickets,161,162,"CA Lynn, SP Narine, N Rana, RV Uthappa, KD Karthik, AD Russell, Shubman Gill, PP Chawla, Kuldeep Yadav, M Prasidh Krishna, HF Gurney","SR Watson, F du Plessis, SK Raina, AT Rayudu, KM Jadhav, MS Dhoni, RA Jadeja, MJ Santner, Imran Tahir, SN Thakur, DL Chahar",7,12,1,2,2,4,163.4,164.0,146.8,146.8,0.617,0.5,0.667,0.652,151.62,0.644,0.629,0.4
1178406,2019-04-15,"Wankhede Stadium, Mumbai",Royal Challengers Bengaluru,Mumbai Indians,Mumbai Indians,field,Mumbai Indians,won by 5 wickets,171,172,"PA Patel, V Kohli, AB de Villiers, MM Ali, MP Stoinis, AD Nath, P Negi, UT Yadav, Mohammed Siraj, YS Chahal, NA Saini","Q de Kock, RG Sharma, SA Yadav, Ishan Kishan, KH Pandya, HH Pandya, KA Pollard, JP Behrendorff, RD Chahar, JJ Bumrah, SL Malinga",9,15,1,2,1,3,159.8,185.2,173.4,158.2,0.5,0.45,0.569,0.537,160.4,0.49,0.333,0.609
1178407,2019-04-16,"Punjab Cricket Association IS Bindra Stadium, Mohali, Chandigarh",Punjab Kings,Rajasthan Royals,Rajasthan Royals,field,Punjab Kings,won by 12 runs,182,170,"KL Rahul, CH Gayle, MA Agarwal, DA Miller, N Pooran, Mandeep Singh, R Ashwin, Mujeeb Ur Rahman, Mohammed Shami, M Ashwin, Arshdeep Singh","RA Tripathi, JC Buttler, SV Samson, AM Rahane, AJ Turner, JC Archer, STR Binny, S Gopal, JD Unadkat, DS Kulkarni, IS Sodhi",7,10,2,1,2,2,165.0,166.8,161.8,163.0,0.519,0.231,0.571,0.452,159.86,0.528,0.528,0.5
1178408,2019-04-17,"Rajiv Gandhi International Stadium, Uppal, Hyderabad",Chennai Super Kings,Sunrisers Hyderabad,Chennai Super Kings,bat,Sunrisers Hyderabad,won by 6 wickets,132,137,"SR Watson, F du Plessis, SK Raina, AT Rayudu, KM Jadhav, SW Billings, RA Jadeja, KV Sharma, Imran Tahir, SN Thakur, DL Chahar","DA Warner, JM Bairstow, KS Williamson, V Shankar, DJ Hooda, YK Pathan, Rashid Khan, B Kumar, Sandeep Sharma, S Nadeem, KK Ahmed",8,2,3,0,4,2,144.2,145.6,144.8,136.8,0.676,0.652,0.56,0.4,151.82,0.412,0.75,0.634
1178409,2019-04-18,"Arun Jaitley Stadium, Delhi",Mumbai Indians,Delhi Capitals,Mumbai Indians,bat,Mumbai Indians,won by 40 runs,168,128,"RG Sharma, Q de Kock, BCJ Cutting, SA Yadav, KH Pandya, HH Pandya, KA Pollard, RD Chahar, J Yadav, JJ Bumrah, SL Malinga","PP Shaw, S Dhawan, C Munro, SS Iyer, RR Pant, AR Patel, CH Morris, KMA Paul, K Rabada, A Mishra, I Sharma",11,12,0,3,4,3,172.6,157.0,153.6,148.0,0.577,0.537,0.473,0.367,155.2,0.512,0.3,0.409
1178410,2019-04-19,"Eden Gardens, Kolkata",Royal Challengers Bengaluru,Kolkata Knight Riders,Kolkata Knight Riders,field,Royal Challengers Bengaluru,won by 10 runs,213,203,"PA Patel, V Kohli, AD Nath, MM Ali, MP Stoinis, H Klaasen, P Negi, DW Steyn, Mohammed Siraj, YS Chahal, NA Saini","CA Lynn, SP Narine, Shubman Gill, RV Uthappa, N Rana, AD Russell, KD Karthik, PP Chawla, Kuldeep Yadav, HF Gurney, M Prasidh Krishna",9,14,0,3,1,2,171.4,173.4,158.6,159.4,0.5,0.45,0.617,0.5,151.76,0.652,0.333,0.62
1178411,2019-04-20,"Sawai Mansingh Stadium, Jaipur",Mumbai Indians,Rajasthan Royals,Rajasthan Royals,field,Rajasthan Royals,won by 5 wickets,161,162,"Q de Kock, RG Sharma, SA Yadav, HH Pandya, KA Pollard, BCJ Cutting, KH Pandya, RD Chahar, JJ Bumrah, SL Malinga, M Markande","AM Rahane, SV Samson, SPD Smith, BA Stokes, R Parag, AJ Turner, STR Binny, JC Archer, S Gopal, JD Unadkat, DS Kulkarni",10,9,0,3,4,2,172.2,156.0,162.4,164.4,0.577,0.548,0.558,0.452,150.41,0.64,0.333,0.682
1178412,2019-04-20,"Arun Jaitley Stadium, Delhi",Punjab Kings,Delhi Capitals,Delhi Capitals,field,Delhi Capitals,won by 5 wickets,163,166,"KL Rahul, CH Gayle, MA Agarwal, DA Miller, Mandeep Singh, SM Curran, R Ashwin, Harpreet Brar, GC Viljoen, M Ashwin, Mohammed Shami","PP Shaw, S Dhawan, SS Iyer, RR Pant, CA Ingram, AR Patel, SE Rutherford, A Mishra, K Rabada, I Sharma, S Lamichhane",14,9,3,0,2,3,168.2,170.4,148.8,148.4,0.519,0.231,0.473,0.367,155.1,0.512,0.5,0.403
1178413,2019-04-21,"Rajiv Gandhi International Stadium, Uppal, Hyderabad",Kolkata Knight Riders,Sunrisers Hyderabad,Sunrisers Hyderabad,field,Sunrisers Hyderabad,won by 9 wickets,159,161,"CA Lynn, SP Narine, Shubman Gill, N Rana, KD Karthik, RK Singh, AD Russell, PP Chawla, Y Prithvi Raj, KC Cariappa, HF Gurney","DA Warner, JM Bairstow, KS Williamson, V Shankar, YK Pathan, DJ Hooda, Rashid Khan, B Kumar, S Nadeem, KK Ahmed, Sandeep Sharma",10,6,2,1,1,2,158.0,161.0,126.0,140.6,0.607,0.5,0.56,0.4,151.54,0.412,0.714,0.643
1178414,2019-04-21,M.Chinnaswamy Stadium,Royal Challengers Bengaluru,Chennai Super Kings,Chennai Super Kings,field,Royal Challengers Bengaluru,won by 1 runs,161,160,"PA Patel, V Kohli, AB de Villiers, AD Nath, MP Stoinis, MM Ali, P Negi, UT Yadav, DW Steyn, NA Saini, YS Chahal","SR Watson, F du Plessis, SK Raina, AT Rayudu, KM Jadhav, MS Dhoni, RA Jadeja, DJ Bravo, SN Thakur, DL Chahar, Imran Tahir",7,15,0,3,2,4,182.4,181.2,144.0,139.0,0.5,0.45,0.676,0.638,180.14,0.6,0.455,1.0
1178415,2019-04-22,"Sawai Mansingh Stadium, Jaipur",Rajasthan Royals,Delhi Capitals,Delhi Capitals,field,Delhi Capitals,won by 6 wickets,191,193,"AM Rahane, SV Samson, SPD Smith, BA Stokes, AJ Turner, STR Binny, R Parag, JC Archer, S Gopal, JD Unadkat, DS Kulkarni","PP Shaw, S Dhawan, SS Iyer, RR Pant, SE Rutherford, CA Ingram, AR Patel, CH Morris, A Mishra, K Rabada, I Sharma",11,7,2,1,2,4,162.0,165.0,156.2,154.8,0.568,0.452,0.482,0.367,150.66,0.654,0.689,0.2
1178416,2019-04-23,"MA Chidambaram Stadium, Chepauk, Chennai",Sunrisers Hyderabad,Chennai Super Kings,Chennai Super Kings,field,Chennai Super Kings,won by 6 wickets,175,176,"DA Warner, JM Bairstow, MK Pandey, V Shankar, YK Pathan, Shakib Al Hasan, DJ Hooda, Rashid Khan, B Kumar, KK Ahmed, Sandeep Sharma","SR Watson, F du Plessis, SK Raina, AT Rayudu, KM Jadhav, DJ Bravo, MS Dhoni, RA Jadeja, Harbhajan Singh, DL Chahar, Imran Tahir",3,8,1,2,2,3,132.0,146.6,144.0,143.6,0.577,0.4,0.658,0.638,157.22,0.389,0.0,0.731
1178417,2019-04-24,M.Chinnaswamy Stadium,Royal Challengers Bengaluru,Punjab Kings,Punjab Kings,field,Royal Challengers Bengaluru,won by 17 runs,202,185,"PA Patel, V Kohli, AB de Villiers, MM Ali, AD Nath, MP Stoinis, Washington Sundar, UT Yadav, TG Southee, YS Chahal, NA Saini","KL Rahul, CH Gayle, MA Agarwal, DA Miller, N Pooran, Mandeep Singh, R Ashwin, GC Viljoen, M Ashwin, AS Rajpoot, Mohammed Shami",11,12,3,0,3,2,173.6,172.0,173.2,171.6,0.5,0.45,0.519,0.231,178.5,0.545,0.5,0.0
1178418,2019-04-25,"Eden Gardens, Kolkata",Kolkata Knight Riders,Rajasthan Royals,Rajasthan Royals,field,Rajasthan Royals,won by 3 wickets,175,177,"CA Lynn, Shubman Gill, N Rana, KD Karthik, SP Narine, AD Russell, CR Brathwaite, RK Singh, PP Chawla, Y Prithvi Raj, M Prasidh Krishna","AM Rahane, SV Samson, SPD Smith, BA Stokes, R Parag, STR Binny, S Gopal, JC Archer, JD Unadkat, VR Aaron, O Thomas",10,7,3,0,0,2,161.8,165.4,172.4,175.6,0.607,0.5,0.568,0.452,152.51,0.638,0.611,0.125
1178419,2019-04-26,"MA Chidambaram Stadium, Chepauk, Chennai",Mumbai Indians,Chennai Super Kings,Chennai Super Kings,field,Mumbai Indians,won by 46 runs,155,109,"RG Sharma, Q de Kock, E Lewis, KH Pandya, HH Pandya, KA Pollard, SA Yadav, AS Roy, RD Chahar, JJ Bumrah, SL Malinga","M Vijay, SR Watson, SK Raina, AT Rayudu, KM Jadhav, DR Shorey, DJ Bravo, MJ Santner, DL Chahar, Harbhajan Singh, Imran Tahir",14,11,2,1,3,3,177.2,169.2,157.0,157.0,0.577,0.548,0.667,0.638,157.56,0.421,0.5,0.736
1178420,2019-04-27,"Sawai Mansingh Stadium, Jaipur",Sunrisers Hyderabad,Rajasthan Royals,Rajasthan Royals,field,Rajasthan Royals,won by 7 wickets,160,161,"DA Warner, KS Williamson, MK Pandey, V Shankar, Shakib Al Hasan, DJ Hooda, WP Saha, Rashid Khan, B Kumar, S Kaul, KK Ahmed","AM Rahane, LS Livingstone, SV Samson, SPD Smith, AJ Turner, R Parag, STR Binny, S Gopal, JD Unadkat, VR Aaron, O Thomas",6,4,3,0,2,3,147.8,154.6,177.6,179.6,0.577,0.4,0.578,0.452,151.55,0.667,0.5,0.674
1178422,2019-04-28,"Eden Gardens, Kolkata",Kolkata Knight Riders,Mumbai Indians,Mumbai Indians,field,Kolkata Knight Riders,won by 34 runs,232,198,"Shubman Gill, CA Lynn, AD Russell, KD Karthik, SP Narine, RV Uthappa, N Rana, RK Singh, PP Chawla, HF Gurney, S Sandeep Warrier","Q de Kock, RG Sharma, E Lewis, SA Yadav, KA Pollard, HH Pandya, KH Pandya, BB Sran, RD Chahar, SL Malinga, JJ Bumrah",5,18,0,3,0,3,175.2,178.6,168.6,151.6,0.607,0.5,0.577,0.548,152.82,0.646,0.603,0.833
1178421,2019-04-28,"Arun Jaitley Stadium, Delhi",Delhi Capitals,Royal Challengers Bengaluru,Delhi Capitals,bat,Delhi Capitals,won by 16 runs,187,171,"PP Shaw, S Dhawan, SS Iyer, RR Pant, CA Ingram, SE Rutherford, AR Patel, S Lamichhane, A Mishra, K Rabada, I Sharma","PA Patel, V Kohli, AB de Villiers, S Dube, H Klaasen, Gurkeerat Singh, MP Stoinis, Washington Sundar, UT Yadav, YS Chahal, NA Saini",7,13,1,2,4,4,164.4,163.2,184.2,178.6,0.491,0.367,0.5,0.45,155.23,0.524,0.412,0.75
1178423,2019-04-29,"Rajiv Gandhi International Stadium, Uppal, Hyderabad",Sunrisers Hyderabad,Punjab Kings,Punjab Kings,field,Sunrisers Hyderabad,won by 45 runs,212,167,"DA Warner, WP Saha, MK Pandey, Mohammad Nabi, KS Williamson, Rashid Khan, V Shankar, Abhishek Sharma, B Kumar, KK Ahmed, Sandeep Sharma","KL Rahul, CH Gayle, MA Agarwal, N Pooran, DA Miller, R Ashwin, P Simran Singh, M Ashwin, Mujeeb Ur Rahman, Mohammed Shami, Arshdeep Singh",9,4,1,2,2,1,149.8,156.6,180.0,182.0,0.577,0.4,0.509,0.231,151.68,0.429,0.651,0.444
1178424,2019-04-30,M.Chinnaswamy Stadium,Royal Challengers Bengaluru,Rajasthan Royals,Rajasthan Royals,field,,,62,41,"V Kohli, AB de Villiers, MP Stoinis, H Klaasen, Gurkeerat Singh, PA Patel, P Negi, UT Yadav, NA Saini, K Khejroliya, YS Chahal","SV Samson, LS Livingstone, AM Rahane, SPD Smith, R Parag, STR Binny, MK Lomror, S Gopal, JD Unadkat, VR Aaron, O Thomas",8,10,0,3,3,3,183.6,181.4,172.2,174.2,0.5,0.45,0.587,0.452,179.65,0.5,0.538,1.0
1178425,2019-05-01,"MA Chidambaram Stadium, Chepauk, Chennai",Chennai Super Kings,Delhi Capitals,Delhi Capitals,field,Chennai Super Kings,won by 80 runs,179,99,"F du Plessis, SR Watson, SK Raina, MS Dhoni, RA Jadeja, AT Rayudu, KM Jadhav, DJ Bravo, DL Chahar, Harbhajan Singh, Imran Tahir","PP Shaw, S Dhawan, SS Iyer, RR Pant, CA Ingram, AR Patel, SE Rutherford, CH Morris, J Suchith, A Mishra, TA Boult",13,6,2,1,2,4,147.8,157.8,165.8,161.8,0.65,0.638,0.491,0.387,157.09,0.4,0.722,0.286
1178426,2019-05-02,"Wankhede Stadium, Mumbai",Mumbai Indians,Sunrisers Hyderabad,Mumbai Indians,bat,,,162,162,"RG Sharma, Q de Kock, SA Yadav, E Lewis, HH Pandya, KA Pollard, KH Pandya, BB Sran, RD Chahar, SL Malinga, JJ Bumrah","WP Saha, MJ Guptill, MK Pandey, KS Williamson, V Shankar, Abhishek Sharma, Mohammad Nabi, Rashid Khan, B Kumar, KK Ahmed, Basil Thampi",6,7,1,2,3,3,170.8,160.4,169.0,159.0,0.566,0.548,0.577,0.4,160.56,0.5,0.615,0.167
1178427,2019-05-03,"Punjab Cricket Association IS Bindra Stadium, Mohali, Chandigarh",Punjab Kings,Kolkata Knight Riders,Kolkata Knight Riders,field,Kolkata Knight Riders,won by 7 wickets,183,185,"CH Gayle, KL Rahul, MA Agarwal, N Pooran, Mandeep Singh, SM Curran, R Ashwin, AJ Tye, Mohammed Shami, M Ashwin, Arshdeep Singh","Shubman Gill, CA Lynn, RV Uthappa, AD Russell, KD Karthik, SP Narine, N Rana, RK Singh, PP Chawla, HF Gurney, S Sandeep Warrier",8,16,1,2,1,1,174.0,184.8,186.0,182.2,0.5,0.231,0.607,0.5,160.16,0.514,0.537,0.5
1178428,2019-05-04,"Arun Jaitley Stadium, Delhi",Rajasthan Royals,Delhi Capitals,Rajasthan Royals,bat,Delhi Capitals,won by 5 wickets,115,121,"AM Rahane, LS Livingstone, SV Samson, MK Lomror, S Gopal, R Parag, STR Binny, K Gowtham, IS Sodhi, VR Aaron, O Thomas","PP Shaw, S Dhawan, SS Iyer, RR Pant, CA Ingram, SE Rutherford, AR Patel, KMA Paul, A Mishra, TA Boult, I Sharma",11,8,1,2,3,3,146.4,150.2,154.6,174.4,0.574,0.452,0.483,0.387,155.55,0.524,0.5,0.42
1178429,2019-05-04,M.Chinnaswamy Stadium,Sunrisers Hyderabad,Royal Challengers Bengaluru,Royal Challengers Bengaluru,field,Royal Challengers Bengaluru,won by 4 wickets,175,178,"WP Saha, MJ Guptill, MK Pandey, KS Williamson, V Shankar, YK Pathan, Mohammad Nabi, Rashid Khan, B Kumar, KK Ahmed, Basil Thampi","PA Patel, V Kohli, AB de Villiers, SO Hetmyer, Gurkeerat Singh, C de Grandhomme, Washington Sundar, UT Yadav, K Khejroliya, YS Chahal, NA Saini",7,5,2,1,2,3,174.0,165.0,161.8,155.2,0.577,0.4,0.5,0.45,170.5,0.462,0.0,0.5
1178430,2019-05-05,"Punjab Cricket Association IS Bindra Stadium, Mohali, Chandigarh",Chennai Super Kings,Punjab Kings,Punjab Kings,field,Punjab Kings,won by 6 wickets,170,173,"F du Plessis, SR Watson, SK Raina, MS Dhoni, AT Rayudu, KM Jadhav, DJ Bravo, RA Jadeja, DL Chahar, Harbhajan Singh, Imran Tahir","KL Rahul, CH Gayle, N Pooran, MA Agarwal, Mandeep Singh, SM Curran, R Ashwin, AJ Tye, Mohammed Shami, M Ashwin, Harpreet Brar",12,7,2,1,2,1,151.2,145.4,176.0,187.0,0.65,0.638,0.5,0.231,160.59,0.526,0.6,0.527
1178431,2019-05-05,"Wankhede Stadium, Mumbai",Kolkata Knight Riders,Mumbai Indians,Mumbai Indians,field,Mumbai Indians,won by 9 wickets,133,134,"Shubman Gill, CA Lynn, RV Uthappa, KD Karthik, AD Russell, N Rana, RK Singh, SP Narine, HF Gurney, M Prasidh Krishna, S Sandeep Warrier","Q de Kock, RG Sharma, SA Yadav, Ishan Kishan, HH Pandya, KA Pollard, KH Pandya, RD Chahar, MJ McClenaghan, SL Malinga, JJ Bumrah",6,18,1,2,2,2,190.8,186.4,168.8,158.6,0.613,0.5,0.566,0.535,160.58,0.5,0.125,0.606
1181764,2019-05-07,"MA Chidambaram Stadium, Chepauk, Chennai",Chennai Super Kings,Mumbai Indians,Chennai Super Kings,bat,Mumbai Indians,won by 6 wickets,131,132,"F du Plessis, SR Watson, SK Raina, M Vijay, AT Rayudu, MS Dhoni, RA Jadeja, DJ Bravo, DL Chahar, Harbhajan Singh, Imran Tahir","RG Sharma, Q de Kock, SA Yadav, Ishan Kishan, KH Pandya, HH Pandya, KA Pollard, J Yadav, RD Chahar, SL Malinga, JJ Bumrah",11,15,0,3,2,2,158.8,152.6,162.0,159.6,0.65,0.638,0.574,0.535,156.77,0.381,0.727,0.571
1181766,2019-05-08,"Dr. Y.S. Rajasekhara Reddy ACA-VDCA Cricket Stadium, Visakhapatnam",Sunrisers Hyderabad,Delhi Capitals,Delhi Capitals,field,Delhi Capitals,won by 2 wickets,162,165,"WP Saha, MJ Guptill, MK Pandey, KS Williamson, V Shankar, Mohammad Nabi, DJ Hooda, Rashid Khan, B Kumar, Basil Thampi, KK Ahmed","PP Shaw, S Dhawan, SS Iyer, RR Pant, C Munro, AR Patel, SE Rutherford, KMA Paul, A Mishra, TA Boult, I Sharma",9,5,2,1,1,4,176.8,168.8,153.2,163.8,0.577,0.4,0.483,0.387,141.86,0.333,0.6,0.333
1181767,2019-05-10,"Dr. Y.S. Rajasekhara Reddy ACA-VDCA Cricket Stadium, Visakhapatnam",Delhi Capitals,Chennai Super Kings,Chennai Super Kings,field,Chennai Super Kings,won by 6 wickets,147,151,"PP Shaw, S Dhawan, C Munro, SS Iyer, RR Pant, AR Patel, SE Rutherford, KMA Paul, A Mishra, TA Boult, I Sharma","F du Plessis, SR Watson, SK Raina, AT Rayudu, MS Dhoni, DJ Bravo, RA Jadeja, DL Chahar, Harbhajan Singh, Imran Tahir, SN Thakur",6,14,1,2,4,2,153.0,163.6,153.0,146.8,0.492,0.387,0.65,0.625,143.67,0.429,0.5,1.0
1181768,2019-05-12,"Rajiv Gandhi International Stadium, Uppal, Hyderabad",Mumbai Indians,Chennai Super Kings,Mumbai Indians,bat,Mumbai Indians,won by 1 runs,149,148,"Q de Kock, RG Sharma, SA Yadav, Ishan Kishan, KH Pandya, KA Pollard, HH Pandya, RD Chahar, MJ McClenaghan, JJ Bumrah, SL Malinga","F du Plessis, SR Watson, SK Raina, AT Rayudu, MS Dhoni, DJ Bravo, RA Jadeja, SN Thakur, DL Chahar, Harbhajan Singh, Imran Tahir",16,11,3,0,3,2,156.2,153.4,148.0,141.2,0.574,0.535,0.659,0.625,152.28,0.417,0.6,0.6
1216492,2020-09-19,"Zayed Cricket Stadium, Abu Dhabi",Mumbai Indians,Chennai Super Kings,Chennai Super Kings,field,Chennai Super Kings,won by 5 wickets,162,166,"RG Sharma, Q de Kock, SA Yadav, SS Tiwary, HH Pandya, KA Pollard, KH Pandya, JL Pattinson, RD Chahar, TA Boult, JJ Bumrah","M Vijay, SR Watson, F du Plessis, AT Rayudu, RA Jadeja, SM Curran, MS Dhoni, KM Jadhav, PP Chawla, DL Chahar, L Ngidi",17,11,3,0,3,2,155.0,161.2,155.8,140.0,0.574,0.545,0.659,0.625,136.5,0.667,0.0,0.5
1216493,2020-09-20,Dubai International Cricket Stadium,Delhi Capitals,Punjab Kings,Punjab Kings,field,,,157,157,"PP Shaw, S Dhawan, SO Hetmyer, SS Iyer, RR Pant, MP Stoinis, AR Patel, R Ashwin, K Rabada, A Nortje, MM Sharma","KL Rahul, MA Agarwal, KK Nair, N Pooran, GJ Maxwell, SN Khan, K Gowtham, CJ Jordan, Mohammed Shami, SS Cottrell, Ravi Bishnoi",10,14,1,2,3,1,143.8,155.6,174.2,187.0,0.492,0.387,0.509,0.231,147.43,0.5,0.5,1.0
1216534,2020-09-21,Dubai International Cricket Stadium,Royal Challengers Bengaluru,Sunrisers Hyderabad,Sunrisers Hyderabad,field,Royal Challengers Bengaluru,won by 10 runs,163,153,"D Padikkal, AJ Finch, V Kohli, AB de Villiers, S Dube, JR Philippe, Washington Sundar, UT Yadav, NA Saini, DW Steyn, YS Chahal","DA Warner, JM Bairstow, MK Pandey, PK Garg, V Shankar, Abhishek Sharma, Rashid Khan, B Kumar, Sandeep Sharma, MR Marsh, T Natarajan",6,7,2,1,3,1,154.8,149.6,174.2,166.6,0.508,0.45,0.577,0.4,148.62,0.4,0.5,1.0
1216496,2020-09-22,Sharjah Cricket Stadium,Rajasthan Royals,Chennai Super Kings,Chennai Super Kings,field,Rajasthan Royals,won by 16 runs,216,200,"YBK Jaiswal, SPD Smith, SV Samson, DA Miller, RV Uthappa, R Tewatia, R Parag, TK Curran, JC Archer, S Gopal, JD Unadkat","M Vijay, SR Watson, F du Plessis, SM Curran, RD Gaikwad, KM Jadhav, MS Dhoni, RA Jadeja, PP Chawla, DL Chahar, L Ngidi",7,14,1,2,2,2,137.0,142.2,153.2,152.6,0.574,0.438,0.667,0.625,152.42,0.5,0.0,1.0
1216508,2020-09-23,"Zayed Cricket Stadium, Abu Dhabi",Mumbai Indians,Kolkata Knight Riders,Kolkata Knight Riders,field,Mumbai Indians,won by 49 runs,195,146,"Q de Kock, RG Sharma, SA Yadav, SS Tiwary, HH Pandya, KA Pollard, KH Pandya, JL Pattinson, RD Chahar, TA Boult, JJ Bumrah","Shubman Gill, SP Narine, KD Karthik, N Rana, EJG Morgan, AD Russell, NS Naik, PJ Cummins, Shivam Mavi, Kuldeep Yadav, S Sandeep Warrier",19,6,2,1,3,2,147.8,148.0,176.8,170.6,0.574,0.545,0.613,0.5,139.94,0.75,0.0,0.333
1216510,2020-09-24,Dubai International Cricket Stadium,Punjab Kings,Royal Challengers Bengaluru,Royal Challengers Bengaluru,field,Punjab Kings,won by 97 runs,206,109,"KL Rahul, MA Agarwal, N Pooran, GJ Maxwell, KK Nair, JDS Neesham, SN Khan, Mohammed Shami, SS Cottrell, Ravi Bishnoi, M Ashwin","D Padikkal, AJ Finch, JR Philippe, V Kohli, AB de Villiers, Washington Sundar, S Dube, UT Yadav, NA Saini, DW Steyn, YS Chahal",12,12,0,3,1,3,173.0,185.2,155.2,148.2,0.5,0.231,0.508,0.45,149.67,0.333,0.5,0.667
1216539,2020-09-25,Dubai International Cricket Stadium,Delhi Capitals,Chennai Super Kings,Chennai Super Kings,field,Delhi Capitals,won by 44 runs,175,131,"PP Shaw, S Dhawan, RR Pant, SS Iyer, MP Stoinis, SO Hetmyer, AR Patel, A Mishra, K Rabada, A Nortje, Avesh Khan","M Vijay, SR Watson, F du Plessis, RD Gaikwad, KM Jadhav, MS Dhoni, RA Jadeja, SM Curran, PP Chawla, DL Chahar, JR Hazlewood",6,15,0,3,2,2,137.8,152.8,159.2,161.2,0.492,0.387,0.651,0.625,150.45,0.286,0.333,1.0
1216545,2020-09-26,"Zayed Cricket Stadium, Abu Dhabi",Sunrisers Hyderabad,Kolkata Knight Riders,Sunrisers Hyderabad,bat,Kolkata Knight Riders,won by 7 wickets,142,145,"DA Warner, JM Bairstow, MK Pandey, WP Saha, Mohammad Nabi, Abhishek Sharma, PK Garg, Rashid Khan, B Kumar, T Natarajan, KK Ahmed","Shubman Gill, SP Narine, N Rana, KD Karthik, EJG Morgan, AD Russell, PJ Cummins, Shivam Mavi, Kuldeep Yadav, KL Nagarkoti, CV Varun",7,10,2,1,1,2,172.8,167.0,174.2,177.4,0.556,0.4,0.603,0.5,143.33,0.6,0.0,0.25
1216527,2020-09-27,Sharjah Cricket Stadium,Punjab Kings,Rajasthan Royals,Rajasthan Royals,field,Rajasthan Royals,won by 4 wickets,223,226,"KL Rahul, MA Agarwal, GJ Maxwell, N Pooran, KK Nair, JDS Neesham, SN Khan, Mohammed Shami, SS Cottrell, Ravi Bishnoi, M Ashwin","JC Buttler, SPD Smith, SV Samson, R Tewatia, RV Uthappa, JC Archer, R Parag, TK Curran, S Gopal, AS Rajpoot, JD Unadkat",8,10,2,1,2,3,177.2,166.6,142.0,143.6,0.5,0.231,0.574,0.438,160.36,0.4,1.0,0.5
1216547,2020-09-28,Dubai International Cricket Stadium,Royal Challengers Bengaluru,Mumbai Indians,Mumbai Indians,field,,,201,201,"D Padikkal, AJ Finch, V Kohli, AB de Villiers, S Dube, Gurkeerat Singh, Washington Sundar, I Udana, NA Saini, YS Chahal, A Zampa","RG Sharma, Q de Kock, SA Yadav, Ishan Kishan, HH Pandya, KA Pollard, KH Pandya, JL Pattinson, RD Chahar, TA Boult, JJ Bumrah",9,16,1,2,2,4,136.6,152.4,154.4,144.8,0.5,0.45,0.574,0.545,150.68,0.25,0.5,0.0
1216532,2020-09-29,"Zayed Cricket Stadium, Abu Dhabi",Sunrisers Hyderabad,Delhi Capitals,Delhi Capitals,field,Sunrisers Hyderabad,won by 15 runs,162,147,"DA Warner, JM Bairstow, MK Pandey, KS Williamson, Abdul Samad, Abhishek Sharma, PK Garg, Rashid Khan, B Kumar, T Natarajan, KK Ahmed","PP Shaw, S Dhawan, SS Iyer, RR Pant, SO Hetmyer, MP Stoinis, AR Patel, K Rabada, A Nortje, A Mishra, I Sharma",9,6,1,2,0,3,158.8,162.6,153.0,143.2,0.556,0.381,0.492,0.387,143.35,0.6,0.0,0.0
1216504,2020-09-30,Dubai International Cricket Stadium,Kolkata Knight Riders,Rajasthan Royals,Rajasthan Royals,field,Kolkata Knight Riders,won by 37 runs,174,137,"Shubman Gill, SP Narine, N Rana, AD Russell, KD Karthik, EJG Morgan, PJ Cummins, KL Nagarkoti, Shivam Mavi, Kuldeep Yadav, CV Varun","JC Buttler, SPD Smith, SV Samson, RV Uthappa, R Parag, R Tewatia, TK Curran, S Gopal, JC Archer, JD Unadkat, AS Rajpoot",10,8,2,1,3,3,168.2,170.4,151.8,153.2,0.603,0.5,0.583,0.438,154.88,0.222,0.0,0.0
1216503,2020-10-01,"Zayed Cricket Stadium, Abu Dhabi",Mumbai Indians,Punjab Kings,Punjab Kings,field,Mumbai Indians,won by 48 runs,191,143,"Q de Kock, RG Sharma, SA Yadav, Ishan Kishan, KA Pollard, HH Pandya, KH Pandya, JL Pattinson, RD Chahar, TA Boult, JJ Bumrah","KL Rahul, MA Agarwal, KK Nair, N Pooran, GJ Maxwell, JDS Neesham, SN Khan, K Gowtham, Ravi Bishnoi, Mohammed Shami, SS Cottrell",13,11,2,1,3,2,167.8,158.4,188.4,169.4,0.564,0.545,0.5,0.231,144.36,0.5,0.333,1.0
1216516,2020-10-02,Dubai International Cricket Stadium,Sunrisers Hyderabad,Chennai Super Kings,Sunrisers Hyderabad,bat,Sunrisers Hyderabad,won by 7 runs,164,157,"DA Warner, JM Bairstow, MK Pandey, KS Williamson, PK Garg, Abhishek Sharma, Abdul Samad, Rashid Khan, B Kumar, T Natarajan, KK Ahmed","F du Plessis, SR Watson, AT Rayudu, KM Jadhav, MS Dhoni, RA Jadeja, SM Curran, DJ Bravo, SN Thakur, PP Chawla, DL Chahar",3,9,1,2,1,2,158.8,159.6,159.2,169.8,0.556,0.381,0.636,0.625,154.92,0.2,0.667,0.667
1216515,2020-10-03,Sharjah Cricket Stadium,Delhi Capitals,Kolkata Knight Riders,Kolkata Knight Riders,field,Delhi Capitals,won by 18 runs,228,210,"PP Shaw, S Dhawan, SS Iyer, RR Pant, MP Stoinis, SO Hetmyer, R Ashwin, K Rabada, A Nortje, A Mishra, HV Patel","Shubman Gill, SP Narine, N Rana, AD Russell, KD Karthik, EJG Morgan, PJ Cummins, RA Tripathi, KL Nagarkoti, Shivam Mavi, CV Varun",9,13,2,0,2,3,158.2,152.6,156.6,158.2,0.483,0.387,0.603,0.5,168.38,0.5,0.5,1.0
1216514,2020-10-03,"Zayed Cricket Stadium, Abu Dhabi",Rajasthan Royals,Royal Challengers Bengaluru,Rajasthan Royals,bat,Royal Challengers Bengaluru,won by 8 wickets,154,158,"JC Buttler, SPD Smith, SV Samson, RV Uthappa, MK Lomror, R Parag, R Tewatia, JC Archer, TK Curran, S Gopal, JD Unadkat","D Padikkal, AJ Finch, V Kohli, AB de Villiers, S Dube, Gurkeerat Singh, Washington Sundar, I Udana, NA Saini, YS Chahal, A Zampa",10,8,2,0,2,2,147.0,156.0,142.6,155.2,0.571,0.438,0.5,0.45,146.25,0.429,0.667,0.0
1216513,2020-10-04,Dubai International Cricket Stadium,Punjab Kings,Chennai Super Kings,Punjab Kings,bat,Chennai Super Kings,won by 10 wickets,178,181,"KL Rahul, MA Agarwal, Mandeep Singh, N Pooran, GJ Maxwell, SN Khan, CJ Jordan, Harpreet Brar, Ravi Bishnoi, Mohammed Shami, SS Cottrell","SR Watson, F du Plessis, AT Rayudu, KM Jadhav, MS Dhoni, RA Jadeja, SM Curran, DJ Bravo, PP Chawla, SN Thakur, DL Chahar",8,12,1,2,2,1,180.4,170.6,160.4,173.2,0.491,0.231,0.636,0.625,155.32,0.2,0.667,0.5
1216538,2020-10-04,Sharjah Cricket Stadium,Mumbai Indians,Sunrisers Hyderabad,Mumbai Indians,bat,Mumbai Indians,won by 34 runs,208,174,"RG Sharma, Q de Kock, SA Yadav, Ishan Kishan, HH Pandya, KA Pollard, KH Pandya, JL Pattinson, RD Chahar, TA Boult, JJ Bumrah","DA Warner, JM Bairstow, MK Pandey, KS Williamson, PK Garg, Abhishek Sharma, Abdul Samad, Rashid Khan, Sandeep Sharma, S Kaul, T Natarajan",6,7,1,1,3,2,179.6,160.8,156.6,155.4,0.564,0.545,0.556,0.409,174.0,0.429,0.0,0.0
1216519,2020-10-05,Dubai International Cricket Stadium,Delhi Capitals,Royal Challengers Bengaluru,Royal Challengers Bengaluru,field,Delhi Capitals,won by 59 runs,196,137,"PP Shaw, S Dhawan, SS Iyer, RR Pant, MP Stoinis, SO Hetmyer, AR Patel, R Ashwin, K Rabada, A Nortje, HV Patel","D Padikkal, AJ Finch, V Kohli, AB de Villiers, MM Ali, Washington Sundar, S Dube, I Udana, NA Saini, Mohammed Siraj, YS Chahal",8,13,2,1,2,3,170.8,162.2,161.8,177.8,0.483,0.387,0.5,0.45,156.93,0.2,0.5,0.4
1216511,2020-10-06,"Zayed Cricket Stadium, Abu Dhabi",Mumbai Indians,Rajasthan Royals,Mumbai Indians,bat,Mumbai Indians,won by 57 runs,193,136,"Q de Kock, RG Sharma, SA Yadav, Ishan Kishan, KH Pandya, HH Pandya, KA Pollard, JL Pattinson, RD Chahar, TA Boult, JJ Bumrah","YBK Jaiswal, JC Buttler, SPD Smith, SV Samson, MK Lomror, TK Curran, R Tewatia, JC Archer, S Gopal, AS Rajpoot, Kartik Tyagi",10,10,0,3,3,2,191.4,166.0,169.6,175.2,0.564,0.556,0.571,0.424,147.0,0.429,0.5,0.5
1216501,2020-10-07,"Zayed Cricket Stadium, Abu Dhabi",Kolkata Knight Riders,Chennai Super Kings,Kolkata Knight Riders,bat,Kolkata Knight Riders,won by 10 runs,167,157,"RA Tripathi, Shubman Gill, N Rana, SP Narine, EJG Morgan, AD Russell, KD Karthik, PJ Cummins, KL Nagarkoti, Shivam Mavi, CV Varun","SR Watson, F du Plessis, AT Rayudu, MS Dhoni, SM Curran, KM Jadhav, RA Jadeja, DJ Bravo, SN Thakur, DL Chahar, KV Sharma",7,13,1,2,2,2,161.6,167.2,167.0,179.0,0.594,0.5,0.636,0.625,148.25,0.429,0.4,0.667
1216542,2020-10-08,Dubai International Cricket Stadium,Sunrisers Hyderabad,Punjab Kings,Sunrisers Hyderabad,bat,Sunrisers Hyderabad,won by 69 runs,201,132,"DA Warner, JM Bairstow, Abdul Samad, MK Pandey, KS Williamson, PK Garg, Abhishek Sharma, Rashid Khan, Sandeep Sharma, KK Ahmed, T Natarajan","KL Rahul, MA Agarwal, P Simran Singh, N Pooran, GJ Maxwell, Mandeep Singh, Mujeeb Ur Rahman, Ravi Bishnoi, Mohammed Shami, SS Cottrell, Arshdeep Singh",10,4,2,1,2,1,159.0,164.0,181.4,172.8,0.556,0.409,0.491,0.222,157.53,0.182,0.75,0.5
1216500,2020-10-09,Sharjah Cricket Stadium,Delhi Capitals,Rajasthan Royals,Rajasthan Royals,field,Delhi Capitals,won by 46 runs,184,138,"PP Shaw, S Dhawan, SS Iyer, RR Pant, MP Stoinis, SO Hetmyer, HV Patel, AR Patel, K Rabada, R Ashwin, A Nortje","YBK Jaiswal, JC Buttler, SPD Smith, SV Samson, MK Lomror, R Tewatia, AJ Tye, JC Archer, S Gopal, Kartik Tyagi, VR Aaron",9,11,3,0,3,2,180.6,159.4,173.8,189.6,0.483,0.387,0.571,0.424,175.7,0.429,0.667,0.667
1216523,2020-10-10,"Zayed Cricket Stadium, Abu Dhabi",Kolkata Knight Riders,Punjab Kings,Kolkata Knight Riders,bat,Kolkata Knight Riders,won by 2 runs,164,162,"RA Tripathi, Shubman Gill, N Rana, EJG Morgan, KD Karthik, AD Russell, PJ Cummins, SP Narine, KL Nagarkoti, M Prasidh Krishna, CV Varun","KL Rahul, MA Agarwal, N Pooran, P Simran Singh, GJ Maxwell, Mandeep Singh, CJ Jordan, Ravi Bishnoi, Mohammed Shami, Arshdeep Singh, Mujeeb Ur Rahman",17,8,3,0,3,1,168.4,171.8,176.4,181.6,0.594,0.516,0.491,0.222,149.17,0.429,0.5,0.667
1216525,2020-10-10,Dubai International Cricket Stadium,Royal Challengers Bengaluru,Chennai Super Kings,Royal Challengers Bengaluru,bat,Royal Challengers Bengaluru,won by 37 runs,169,132,"D Padikkal, AJ Finch, V Kohli, AB de Villiers, Washington Sundar, S Dube, Gurkeerat Singh, CH Morris, I Udana, NA Saini, YS Chahal","SR Watson, F du Plessis, AT Rayudu, N Jagadeesan, MS Dhoni, SM Curran, RA Jadeja, DJ Bravo, DL Chahar, SN Thakur, KV Sharma",8,15,1,2,2,1,153.6,182.0,165.2,180.0,0.492,0.45,0.636,0.625,158.06,0.182,0.333,0.6
1216529,2020-10-11,"Zayed Cricket Stadium, Abu Dhabi",Delhi Capitals,Mumbai Indians,Delhi Capitals,bat,Mumbai Indians,won by 5 wickets,162,166,"PP Shaw, S Dhawan, AM Rahane, SS Iyer, MP Stoinis, AT Carey, AR Patel, R Ashwin, HV Patel, K Rabada, A Nortje","RG Sharma, Q de Kock, SA Yadav, Ishan Kishan, HH Pandya, KA Pollard, KH Pandya, JL Pattinson, RD Chahar, TA Boult, JJ Bumrah",12,12,2,1,4,4,186.0,155.6,197.6,160.0,0.483,0.387,0.564,0.565,150.03,0.429,0.0,0.6
1216507,2020-10-11,Dubai International Cricket Stadium,Sunrisers Hyderabad,Rajasthan Royals,Sunrisers Hyderabad,bat,Rajasthan Royals,won by 5 wickets,158,163,"DA Warner, JM Bairstow, MK Pandey, KS Williamson, PK Garg, V Shankar, Abhishek Sharma, Rashid Khan, Sandeep Sharma, KK Ahmed, T Natarajan","BA Stokes, JC Buttler, SPD Smith, SV Samson, RV Uthappa, R Parag, R Tewatia, JC Archer, S Gopal, JD Unadkat, Kartik Tyagi",6,5,2,1,3,1,168.6,157.8,158.2,186.4,0.556,0.435,0.56,0.424,157.64,0.182,0.8,0.0
1216540,2020-10-12,Sharjah Cricket Stadium,Royal Challengers Bengaluru,Kolkata Knight Riders,Royal Challengers Bengaluru,bat,Royal Challengers Bengaluru,won by 82 runs,194,112,"AJ Finch, D Padikkal, V Kohli, AB de Villiers, CH Morris, Washington Sundar, S Dube, I Udana, NA Saini, YS Chahal, Mohammed Siraj","T Banton, Shubman Gill, N Rana, EJG Morgan, KD Karthik, AD Russell, RA Tripathi, PJ Cummins, KL Nagarkoti, CV Varun, M Prasidh Krishna",10,14,1,2,2,4,154.8,177.8,172.0,165.2,0.492,0.476,0.594,0.531,174.36,0.375,0.5,0.5
1216528,2020-10-13,Dubai International Cricket Stadium,Chennai Super Kings,Sunrisers Hyderabad,Chennai Super Kings,bat,Chennai Super Kings,won by 20 runs,167,147,"SM Curran, F du Plessis, SR Watson, AT Rayudu, MS Dhoni, RA Jadeja, DJ Bravo, DL Chahar, PP Chawla, SN Thakur, KV Sharma","DA Warner, JM Bairstow, MK Pandey, KS Williamson, PK Garg, V Shankar, Rashid Khan, S Nadeem, Sandeep Sharma, T Natarajan, KK Ahmed",9,4,1,2,1,3,151.6,170.6,171.8,161.4,0.636,0.625,0.556,0.417,157.79,0.182,0.5,0.667
1216543,2020-10-14,Dubai International Cricket Stadium,Delhi Capitals,Rajasthan Royals,Delhi Capitals,bat,Delhi Capitals,won by 13 runs,161,148,"PP Shaw, S Dhawan, AM Rahane, SS Iyer, MP Stoinis, AT Carey, AR Patel, R Ashwin, TU Deshpande, K Rabada, A Nortje","BA Stokes, JC Buttler, SPD Smith, SV Samson, RV Uthappa, R Parag, R Tewatia, JC Archer, S Gopal, JD Unadkat, Kartik Tyagi",10,11,3,0,3,1,183.4,162.6,145.6,173.4,0.483,0.375,0.56,0.424,157.75,0.182,0.6,0.333
1216531,2020-10-15,Sharjah Cricket Stadium,Royal Challengers Bengaluru,Punjab Kings,Royal Challengers Bengaluru,bat,Punjab Kings,won by 8 wickets,171,177,"AJ Finch, D Padikkal, V Kohli, Washington Sundar, S Dube, AB de Villiers, CH Morris, I Udana, NA Saini, YS Chahal, Mohammed Siraj","KL Rahul, MA Agarwal, CH Gayle, N Pooran, GJ Maxwell, DJ Hooda, CJ Jordan, M Ashwin, Ravi Bishnoi, Mohammed Shami, Arshdeep Singh",12,13,2,1,3,0,171.8,159.0,167.6,192.6,0.492,0.5,0.491,0.222,172.58,0.375,0.667,0.667
1216526,2020-10-16,"Zayed Cricket Stadium, Abu Dhabi",Kolkata Knight Riders,Mumbai Indians,Kolkata Knight Riders,bat,Mumbai Indians,won by 8 wickets,148,149,"RA Tripathi, Shubman Gill, N Rana, KD Karthik, EJG Morgan, AD Russell, PJ Cummins, CJ Green, M Prasidh Krishna, Shivam Mavi, CV Varun","RG Sharma, Q de Kock, SA Yadav, HH Pandya, Ishan Kishan, KA Pollard, KH Pandya, RD Chahar, TA Boult, JJ Bumrah, NM Coulter-Nile",6,20,1,2,3,4,165.4,175.6,191.8,163.2,0.594,0.531,0.564,0.565,150.85,0.429,0.571,0.667
1216522,2020-10-17,Dubai International Cricket Stadium,Rajasthan Royals,Royal Challengers Bengaluru,Rajasthan Royals,bat,Royal Challengers Bengaluru,won by 7 wickets,177,179,"RV Uthappa, BA Stokes, SV Samson, SPD Smith, JC Buttler, R Tewatia, JC Archer, R Parag, S Gopal, JD Unadkat, Kartik Tyagi","D Padikkal, AJ Finch, V Kohli, AB de Villiers, Gurkeerat Singh, CH Morris, Washington Sundar, Shahbaz Ahmed, I Udana, NA Saini, YS Chahal",10,9,1,1,1,3,147.8,170.8,165.8,154.2,0.56,0.424,0.492,0.478,157.6,0.182,0.25,0.429
1216509,2020-10-17,Sharjah Cricket Stadium,Chennai Super Kings,Delhi Capitals,Chennai Super Kings,bat,Delhi Capitals,won by 5 wickets,179,185,"SM Curran, F du Plessis, SR Watson, AT Rayudu, MS Dhoni, RA Jadeja, KM Jadhav, DJ Bravo, DL Chahar, SN Thakur, KV Sharma","PP Shaw, S Dhawan, AM Rahane, SS Iyer, MP Stoinis, AT Carey, AR Patel, R Ashwin, TU Deshpande, K Rabada, A Nortje",15,7,2,1,2,4,158.8,165.0,186.2,159.8,0.636,0.633,0.483,0.394,172.69,0.375,0.5,0.75
1216517,2020-10-18,Dubai International Cricket Stadium,Mumbai Indians,Punjab Kings,Mumbai Indians,bat,,,176,176,"RG Sharma, Q de Kock, SA Yadav, Ishan Kishan, KH Pandya, HH Pandya, KA Pollard, NM Coulter-Nile, RD Chahar, TA Boult, JJ Bumrah","KL Rahul, MA Agarwal, CH Gayle, N Pooran, GJ Maxwell, DJ Hooda, CJ Jordan, M Ashwin, Ravi Bishnoi, Mohammed Shami, Arshdeep Singh",14,11,2,1,5,1,181.4,152.6,158.4,181.6,0.564,0.565,0.491,0.222,158.52,0.182,0.0,0.4
1216512,2020-10-18,"Zayed Cricket Stadium, Abu Dhabi",Kolkata Knight Riders,Sunrisers Hyderabad,Sunrisers Hyderabad,field,,,163,163,"Shubman Gill, RA Tripathi, N Rana, AD Russell, EJG Morgan, KD Karthik, PJ Cummins, LH Ferguson, Kuldeep Yadav, Shivam Mavi, CV Varun","JM Bairstow, KS Williamson, PK Garg, DA Warner, MK Pandey, V Shankar, Abdul Samad, Rashid Khan, Sandeep Sharma, Basil Thampi, T Natarajan",11,7,2,1,2,2,160.2,178.0,168.8,165.4,0.594,0.515,0.556,0.417,150.72,0.429,0.5,0.333
1216533,2020-10-19,"Zayed Cricket Stadium, Abu Dhabi",Chennai Super Kings,Rajasthan Royals,Chennai Super Kings,bat,Rajasthan Royals,won by 7 wickets,125,126,"SM Curran, F du Plessis, SR Watson, AT Rayudu, MS Dhoni, RA Jadeja, KM Jadhav, PP Chawla, DL Chahar, SN Thakur, JR Hazlewood","BA Stokes, RV Uthappa, SV Samson, SPD Smith, JC Buttler, R Tewatia, R Parag, JC Archer, S Gopal, AS Rajpoot, Kartik Tyagi",14,8,2,1,2,1,163.2,169.2,152.4,175.0,0.636,0.62,0.56,0.412,151.37,0.375,0.5,0.4
1216546,2020-10-20,Dubai International Cricket Stadium,Delhi Capitals,Punjab Kings,Delhi Capitals,bat,Punjab Kings,won by 5 wickets,164,167,"PP Shaw, S Dhawan, SS Iyer, RR Pant, MP Stoinis, SO Hetmyer, AR Patel, R Ashwin, K Rabada, DR Sams, TU Deshpande","KL Rahul, MA Agarwal, CH Gayle, N Pooran, GJ Maxwell, DJ Hooda, JDS Neesham, M Ashwin, Ravi Bishnoi, Mohammed Shami, Arshdeep Singh",10,14,1,1,4,1,177.6,153.6,165.0,178.6,0.483,0.394,0.491,0.222,159.28,0.182,0.667,0.333
1216494,2020-10-21,"Zayed Cricket Stadium, Abu Dhabi",Kolkata Knight Riders,Royal Challengers Bengaluru,Kolkata Knight Riders,bat,Royal Challengers Bengaluru,won by 8 wickets,84,85,"Shubman Gill, RA Tripathi, N Rana, T Banton, KD Karthik, EJG Morgan, PJ Cummins, Kuldeep Yadav, LH Ferguson, M Prasidh Krishna, CV Varun","D Padikkal, AJ Finch, Gurkeerat Singh, V Kohli, AB de Villiers, CH Morris, Washington Sundar, I Udana, NA Saini, YS Chahal, Mohammed Siraj",14,11,1,2,2,3,150.8,165.0,170.0,158.8,0.594,0.515,0.492,0.478,150.07,0.375,0.444,0.5
1216518,2020-10-22,Dubai International Cricket Stadium,Rajasthan Royals,Sunrisers Hyderabad,Sunrisers Hyderabad,field,Sunrisers Hyderabad,won by 8 wickets,154,156,"RV Uthappa, BA Stokes, SV Samson, JC Buttler, SPD Smith, R Parag, R Tewatia, JC Archer, S Gopal, AS Rajpoot, Kartik Tyagi","DA Warner, JM Bairstow, MK Pandey, V Shankar, PK Garg, Abdul Samad, JO Holder, Rashid Khan, Sandeep Sharma, T Natarajan, S Nadeem",6,6,2,1,2,1,150.4,161.4,168.6,166.6,0.56,0.412,0.536,0.417,159.54,0.182,0.2,0.571
1216521,2020-10-23,Sharjah Cricket Stadium,Chennai Super Kings,Mumbai Indians,Mumbai Indians,field,Mumbai Indians,won by 10 wickets,114,116,"RD Gaikwad, F du Plessis, AT Rayudu, N Jagadeesan, MS Dhoni, RA Jadeja, SM Curran, DL Chahar, SN Thakur, Imran Tahir, JR Hazlewood","Q de Kock, Ishan Kishan, SA Yadav, SS Tiwary, KH Pandya, HH Pandya, KA Pollard, NM Coulter-Nile, RD Chahar, TA Boult, JJ Bumrah",12,17,1,2,1,4,152.0,158.8,178.4,159.2,0.636,0.608,0.564,0.553,173.36,0.375,0.333,0.5
1216498,2020-10-24,Dubai International Cricket Stadium,Punjab Kings,Sunrisers Hyderabad,Sunrisers Hyderabad,field,Punjab Kings,won by 12 runs,126,114,"KL Rahul, Mandeep Singh, CH Gayle, N Pooran, GJ Maxwell, DJ Hooda, CJ Jordan, M Ashwin, Ravi Bishnoi, Mohammed Shami, Arshdeep Singh","DA Warner, JM Bairstow, MK Pandey, Abdul Samad, V Shankar, JO Holder, PK Garg, Rashid Khan, Sandeep Sharma, T Natarajan, KK Ahmed",4,11,1,2,2,2,162.8,175.2,165.0,155.8,0.491,0.222,0.552,0.417,159.36,0.25,0.429,0.625
1216497,2020-10-24,"Zayed Cricket Stadium, Abu Dhabi",Kolkata Knight Riders,Delhi Capitals,Delhi Capitals,field,Kolkata Knight Riders,won by 59 runs,194,135,"Shubman Gill, N Rana, RA Tripathi, KD Karthik, SP Narine, EJG Morgan, PJ Cummins, LH Ferguson, KL Nagarkoti, M Prasidh Krishna, CV Varun","AM Rahane, S Dhawan, SS Iyer, RR Pant, SO Hetmyer, MP Stoinis, AR Patel, K Rabada, R Ashwin, TU Deshpande, A Nortje",13,10,0,2,1,3,134.2,150.6,171.2,159.6,0.594,0.5,0.483,0.382,146.95,0.375,0.4,0.0
1216541,2020-10-25,"Zayed Cricket Stadium, Abu Dhabi",Mumbai Indians,Rajasthan Royals,Mumbai Indians,bat,Rajasthan Royals,won by 8 wickets,195,196,"Ishan Kishan, Q de Kock, SA Yadav, SS Tiwary, KA Pollard, HH Pandya, KH Pandya, JL Pattinson, RD Chahar, TA Boult, JJ Bumrah","RV Uthappa, BA Stokes, SPD Smith, SV Samson, JC Buttler, R Parag, R Tewatia, JC Archer, S Gopal, AS Rajpoot, Kartik Tyagi",11,10,1,2,4,2,160.0,147.2,153.6,155.8,0.571,0.553,0.56,0.412,147.75,0.333,0.714,0.5
1216544,2020-10-25,Dubai International Cricket Stadium,Royal Challengers Bengaluru,Chennai Super Kings,Royal Challengers Bengaluru,bat,Chennai Super Kings,won by 8 wickets,145,150,"D Padikkal, AJ Finch, V Kohli, AB de Villiers, MM Ali, CH Morris, Gurkeerat Singh, Washington Sundar, NA Saini, YS Chahal, Mohammed Siraj","RD Gaikwad, F du Plessis, AT Rayudu, MS Dhoni, N Jagadeesan, RA Jadeja, SM Curran, MJ Santner, DL Chahar, Imran Tahir, Monu Kumar",9,15,2,1,4,1,159.6,136.4,143.4,148.6,0.492,0.478,0.636,0.608,157.85,0.231,0.5,0.571
1216520,2020-10-26,Sharjah Cricket Stadium,Kolkata Knight Riders,Punjab Kings,Punjab Kings,field,Punjab Kings,won by 8 wickets,149,150,"Shubman Gill, N Rana, RA Tripathi, KD Karthik, EJG Morgan, SP Narine, KL Nagarkoti, PJ Cummins, LH Ferguson, CV Varun, M Prasidh Krishna","KL Rahul, Mandeep Singh, CH Gayle, N Pooran, GJ Maxwell, DJ Hooda, CJ Jordan, M Ashwin, Ravi Bishnoi, Mohammed Shami, Arshdeep Singh",18,8,3,0,1,3,140.2,145.2,161.6,157.8,0.594,0.5,0.491,0.222,169.47,0.444,0.333,0.75
1216524,2020-10-27,Dubai International Cricket Stadium,Sunrisers Hyderabad,Delhi Capitals,Delhi Capitals,field,Sunrisers Hyderabad,won by 88 runs,219,131,"DA Warner, WP Saha, MK Pandey, KS Williamson, V Shankar, Abdul Samad, JO Holder, Rashid Khan, Sandeep Sharma, T Natarajan, S Nadeem","AM Rahane, S Dhawan, MP Stoinis, SO Hetmyer, RR Pant, SS Iyer, AR Patel, K Rabada, R Ashwin, TU Deshpande, A Nortje",10,6,1,2,1,2,147.6,154.6,161.4,170.8,0.533,0.417,0.475,0.382,157.46,0.231,0.556,0.571
1216499,2020-10-28,"Zayed Cricket Stadium, Abu Dhabi",Royal Challengers Bengaluru,Mumbai Indians,Mumbai Indians,field,Mumbai Indians,won by 5 wickets,164,166,"JR Philippe, D Padikkal, V Kohli, AB de Villiers, S Dube, CH Morris, Gurkeerat Singh, Washington Sundar, YS Chahal, Mohammed Siraj, DW Steyn","Q de Kock, Ishan Kishan, SA Yadav, SS Tiwary, KH Pandya, HH Pandya, KA Pollard, JL Pattinson, RD Chahar, TA Boult, JJ Bumrah",9,16,0,2,3,3,154.8,140.0,160.4,159.2,0.492,0.458,0.571,0.542,149.83,0.333,0.667,0.625
1216536,2020-10-29,Dubai International Cricket Stadium,Kolkata Knight Riders,Chennai Super Kings,Chennai Super Kings,field,Chennai Super Kings,won by 6 wickets,172,178,"Shubman Gill, N Rana, SP Narine, RK Singh, EJG Morgan, KD Karthik, RA Tripathi, KL Nagarkoti, PJ Cummins, LH Ferguson, CV Varun","SR Watson, RD Gaikwad, AT Rayudu, MS Dhoni, SM Curran, RA Jadeja, N Jagadeesan, MJ Santner, DL Chahar, KV Sharma, L Ngidi",8,13,1,2,1,2,147.6,136.4,147.0,143.8,0.594,0.5,0.636,0.608,158.09,0.214,0.5,0.625
1216537,2020-10-30,"Zayed Cricket Stadium, Abu Dhabi",Punjab Kings,Rajasthan Royals,Rajasthan Royals,field,Rajasthan Royals,won by 7 wickets,185,186,"KL Rahul, Mandeep Singh, CH Gayle, N Pooran, GJ Maxwell, DJ Hooda, CJ Jordan, M Ashwin, Ravi Bishnoi, Mohammed Shami, Arshdeep Singh","RV Uthappa, BA Stokes, SV Samson, SPD Smith, JC Buttler, R Parag, R Tewatia, JC Archer, S Gopal, Kartik Tyagi, VR Aaron",8,11,2,1,4,2,159.2,154.8,160.2,163.2,0.5,0.222,0.56,0.412,150.46,0.4,0.5,0.571
1216502,2020-10-31,Sharjah Cricket Stadium,Royal Challengers Bengaluru,Sunrisers Hyderabad,Sunrisers Hyderabad,field,Sunrisers Hyderabad,won by 5 wickets,120,121,"JR Philippe, D Padikkal, V Kohli, AB de Villiers, Washington Sundar, Gurkeerat Singh, CH Morris, I Udana, Mohammed Siraj, NA Saini, YS Chahal","DA Warner, WP Saha, MK Pandey, KS Williamson, Abhishek Sharma, JO Holder, Abdul Samad, Rashid Khan, S Nadeem, Sandeep Sharma, T Natarajan",7,7,2,1,2,2,148.8,150.8,159.8,148.2,0.492,0.458,0.533,0.417,168.22,0.5,0.5,0.0
1216535,2020-10-31,Dubai International Cricket Stadium,Delhi Capitals,Mumbai Indians,Mumbai Indians,field,Mumbai Indians,won by 9 wickets,110,111,"PP Shaw, S Dhawan, SS Iyer, RR Pant, MP Stoinis, SO Hetmyer, HV Patel, R Ashwin, P Dubey, K Rabada, A Nortje","Ishan Kishan, Q de Kock, SA Yadav, SS Tiwary, KH Pandya, KA Pollard, NM Coulter-Nile, J Yadav, RD Chahar, TA Boult, JJ Bumrah",12,13,1,2,2,3,155.2,181.4,160.4,159.6,0.468,0.382,0.579,0.542,158.67,0.267,0.5,0.0
1216506,2020-11-01,"Zayed Cricket Stadium, Abu Dhabi",Punjab Kings,Chennai Super Kings,Chennai Super Kings,field,Chennai Super Kings,won by 9 wickets,153,154,"KL Rahul, MA Agarwal, CH Gayle, N Pooran, Mandeep Singh, DJ Hooda, JDS Neesham, CJ Jordan, M Ashwin, Ravi Bishnoi, Mohammed Shami","RD Gaikwad, F du Plessis, AT Rayudu, MS Dhoni, N Jagadeesan, SM Curran, RA Jadeja, DL Chahar, SN Thakur, L Ngidi, Imran Tahir",8,13,1,2,3,2,160.8,157.8,149.2,148.8,0.5,0.222,0.644,0.608,151.86,0.455,0.4,0.4
1216530,2020-11-01,Dubai International Cricket Stadium,Kolkata Knight Riders,Rajasthan Royals,Rajasthan Royals,field,Kolkata Knight Riders,won by 60 runs,191,131,"Shubman Gill, N Rana, RA Tripathi, SP Narine, EJG Morgan, KD Karthik, AD Russell, PJ Cummins, KL Nagarkoti, Shivam Mavi, CV Varun","RV Uthappa, BA Stokes, SPD Smith, SV Samson, JC Buttler, R Parag, R Tewatia, S Gopal, JC Archer, Kartik Tyagi, VR Aaron",11,8,2,1,1,3,152.4,142.2,167.8,168.0,0.594,0.5,0.569,0.412,157.07,0.312,0.333,0.167
1216505,2020-11-02,"Zayed Cricket Stadium, Abu Dhabi",Royal Challengers Bengaluru,Delhi Capitals,Delhi Capitals,field,Delhi Capitals,won by 6 wickets,152,154,"JR Philippe, D Padikkal, V Kohli, AB de Villiers, CH Morris, S Dube, Washington Sundar, I Udana, Shahbaz Ahmed, Mohammed Siraj, YS Chahal","PP Shaw, S Dhawan, AM Rahane, SS Iyer, RR Pant, MP Stoinis, AR Patel, DR Sams, R Ashwin, K Rabada, A Nortje",13,9,0,3,2,1,138.6,139.6,145.0,174.0,0.492,0.458,0.468,0.382,151.92,0.5,0.5,0.0
1216495,2020-11-03,Sharjah Cricket Stadium,Mumbai Indians,Sunrisers Hyderabad,Sunrisers Hyderabad,field,Sunrisers Hyderabad,won by 10 wickets,149,151,"RG Sharma, Q de Kock, SA Yadav, Ishan Kishan, KH Pandya, SS Tiwary, KA Pollard, NM Coulter-Nile, JL Pattinson, DS Kulkarni, RD Chahar","DA Warner, WP Saha, MK Pandey, KS Williamson, PK Garg, JO Holder, Abdul Samad, Rashid Khan, S Nadeem, Sandeep Sharma, T Natarajan",7,7,2,0,3,3,152.8,152.0,154.6,138.8,0.586,0.542,0.548,0.417,165.41,0.545,0.667,0.25
1237177,2020-11-05,Dubai International Cricket Stadium,Mumbai Indians,Delhi Capitals,Delhi Capitals,field,Mumbai Indians,won by 57 runs,200,143,"Q de Kock, RG Sharma, SA Yadav, Ishan Kishan, KA Pollard, KH Pandya, HH Pandya, NM Coulter-Nile, TA Boult, RD Chahar, JJ Bumrah","PP Shaw, S Dhawan, AM Rahane, SS Iyer, MP Stoinis, RR Pant, AR Patel, DR Sams, K Rabada, A Nortje, R Ashwin",14,12,3,0,3,1,147.4,147.0,138.8,168.6,0.586,0.542,0.476,0.382,157.19,0.294,0.167,0.444
1237178,2020-11-06,"Zayed Cricket Stadium, Abu Dhabi",Royal Challengers Bengaluru,Sunrisers Hyderabad,Sunrisers Hyderabad,field,Sunrisers Hyderabad,won by 6 wickets,131,132,"V Kohli, D Padikkal, AJ Finch, AB de Villiers, MM Ali, S Dube, Washington Sundar, NA Saini, Mohammed Siraj, YS Chahal, A Zampa","DA Warner, SP Goswami, MK Pandey, KS Williamson, PK Garg, JO Holder, Abdul Samad, Rashid Khan, S Nadeem, Sandeep Sharma, T Natarajan",7,8,2,1,1,4,133.2,135.0,152.2,136.0,0.492,0.458,0.562,0.417,151.96,0.538,0.4,0.25
1237180,2020-11-08,"Zayed Cricket Stadium, Abu Dhabi",Delhi Capitals,Sunrisers Hyderabad,Delhi Capitals,bat,Delhi Capitals,won by 17 runs,189,172,"MP Stoinis, S Dhawan, SS Iyer, SO Hetmyer, RR Pant, AM Rahane, P Dubey, AR Patel, R Ashwin, K Rabada, A Nortje","PK Garg, DA Warner, MK Pandey, KS Williamson, JO Holder, Abdul Samad, Rashid Khan, SP Goswami, S Nadeem, Sandeep Sharma, T Natarajan",6,11,1,2,1,4,134.6,175.2,147.4,131.4,0.469,0.382,0.576,0.417,151.23,0.571,0.2,0.4
1237181,2020-11-10,Dubai International Cricket Stadium,Delhi Capitals,Mumbai Indians,Delhi Capitals,bat,Mumbai Indians,won by 5 wickets,156,157,"MP Stoinis, S Dhawan, AM Rahane, SS Iyer, RR Pant, SO Hetmyer, AR Patel, K Rabada, P Dubey, R Ashwin, A Nortje","RG Sharma, Q de Kock, SA Yadav, Ishan Kishan, KA Pollard, HH Pandya, KH Pandya, J Yadav, NM Coulter-Nile, TA Boult, JJ Bumrah",12,15,0,3,2,3,145.4,170.8,164.2,152.8,0.469,0.4,0.586,0.542,157.64,0.278,0.4,0.286
1254058,2021-04-09,"MA Chidambaram Stadium, Chepauk, Chennai",Mumbai Indians,Royal Challengers Bengaluru,Royal Challengers Bengaluru,field,Royal Challengers Bengaluru,won by 2 wickets,159,160,"RG Sharma, CA Lynn, SA Yadav, Ishan Kishan, HH Pandya, KA Pollard, KH Pandya, M Jansen, RD Chahar, JJ Bumrah, TA Boult","Washington Sundar, V Kohli, RM Patidar, GJ Maxwell, AB de Villiers, Shahbaz Ahmed, DT Christian, KA Jamieson, HV Patel, Mohammed Siraj, YS Chahal",17,9,2,0,4,0,156.6,144.8,142.4,144.6,0.586,0.542,0.492,0.458,156.32,0.381,0.625,0.222
1254059,2021-04-10,"Wankhede Stadium, Mumbai",Chennai Super Kings,Delhi Capitals,Delhi Capitals,field,Delhi Capitals,won by 7 wickets,188,190,"RD Gaikwad, F du Plessis, MM Ali, SK Raina, AT Rayudu, RA Jadeja, MS Dhoni, SM Curran, DJ Bravo, SN Thakur, DL Chahar","PP Shaw, S Dhawan, RR Pant, MP Stoinis, SO Hetmyer, AM Rahane, CR Woakes, TK Curran, R Ashwin, A Mishra, Avesh Khan",15,8,1,2,3,2,144.2,142.4,150.4,158.4,0.652,0.608,0.469,0.389,160.21,0.51,0.5,0.333
1254060,2021-04-11,"MA Chidambaram Stadium, Chepauk, Chennai",Kolkata Knight Riders,Sunrisers Hyderabad,Sunrisers Hyderabad,field,Kolkata Knight Riders,won by 10 runs,187,177,"N Rana, Shubman Gill, RA Tripathi, AD Russell, EJG Morgan, KD Karthik, Shakib Al Hasan, PJ Cummins, Harbhajan Singh, CV Varun, M Prasidh Krishna","WP Saha, DA Warner, MK Pandey, JM Bairstow, Mohammad Nabi, V Shankar, Abdul Samad, Rashid Khan, B Kumar, Sandeep Sharma, T Natarajan",11,7,1,1,2,4,158.0,135.8,159.0,144.0,0.594,0.5,0.576,0.417,156.38,0.409,0.222,0.0
1254061,2021-04-12,"Wankhede Stadium, Mumbai",Punjab Kings,Rajasthan Royals,Rajasthan Royals,field,Punjab Kings,won by 4 runs,221,217,"KL Rahul, MA Agarwal, CH Gayle, DJ Hooda, N Pooran, M Shahrukh Khan, JA Richardson, M Ashwin, Mohammed Shami, RP Meredith, Arshdeep Singh","BA Stokes, M Vohra, SV Samson, JC Buttler, S Dube, R Parag, R Tewatia, CH Morris, S Gopal, C Sakariya, Mustafizur Rahman",8,12,1,2,3,3,156.2,153.4,158.6,170.4,0.5,0.222,0.558,0.412,160.59,0.519,0.455,0.5
1254062,2021-04-13,"MA Chidambaram Stadium, Chepauk, Chennai",Mumbai Indians,Kolkata Knight Riders,Kolkata Knight Riders,field,Mumbai Indians,won by 10 runs,152,142,"RG Sharma, Q de Kock, SA Yadav, Ishan Kishan, HH Pandya, KA Pollard, KH Pandya, M Jansen, RD Chahar, JJ Bumrah, TA Boult","N Rana, Shubman Gill, RA Tripathi, EJG Morgan, Shakib Al Hasan, KD Karthik, AD Russell, PJ Cummins, Harbhajan Singh, CV Varun, M Prasidh Krishna",21,6,3,0,3,3,155.2,144.0,178.6,154.2,0.586,0.542,0.594,0.5,156.81,0.391,0.556,0.3
1254063,2021-04-14,"MA Chidambaram Stadium, Chepauk, Chennai",Royal Challengers Bengaluru,Sunrisers Hyderabad,Sunrisers Hyderabad,field,Royal Challengers Bengaluru,won by 6 runs,149,143,"V Kohli, D Padikkal, Shahbaz Ahmed, GJ Maxwell, AB de Villiers, Washington Sundar, DT Christian, KA Jamieson, HV Patel, Mohammed Siraj, YS Chahal","WP Saha, DA Warner, MK Pandey, JM Bairstow, Abdul Samad, V Shankar, JO Holder, Rashid Khan, B Kumar, S Nadeem, T Natarajan",7,9,1,2,1,3,145.4,146.4,150.6,155.2,0.5,0.458,0.559,0.417,156.65,0.375,0.3,0.0
1254064,2021-04-15,"Wankhede Stadium, Mumbai",Delhi Capitals,Rajasthan Royals,Rajasthan Royals,field,Rajasthan Royals,won by 3 wickets,147,150,"PP Shaw, S Dhawan, AM Rahane, RR Pant, MP Stoinis, Lalit Yadav, TK Curran, CR Woakes, R Ashwin, K Rabada, Avesh Khan","JC Buttler, M Vohra, SV Samson, S Dube, DA Miller, R Parag, R Tewatia, CH Morris, JD Unadkat, C Sakariya, Mustafizur Rahman",11,11,3,0,3,2,166.4,173.8,176.8,189.6,0.477,0.389,0.547,0.412,161.37,0.509,0.4,0.444
1254065,2021-04-16,"Wankhede Stadium, Mumbai",Punjab Kings,Chennai Super Kings,Chennai Super Kings,field,Chennai Super Kings,won by 6 wickets,106,107,"KL Rahul, MA Agarwal, CH Gayle, DJ Hooda, N Pooran, M Shahrukh Khan, JA Richardson, M Ashwin, Mohammed Shami, RP Meredith, Arshdeep Singh","RD Gaikwad, F du Plessis, MM Ali, SK Raina, AT Rayudu, SM Curran, RA Jadeja, MS Dhoni, DJ Bravo, SN Thakur, DL Chahar",8,14,1,2,3,3,167.0,164.0,156.8,155.2,0.5,0.222,0.652,0.608,161.2,0.519,0.5,0.467
1254066,2021-04-17,"MA Chidambaram Stadium, Chepauk, Chennai",Mumbai Indians,Sunrisers Hyderabad,Mumbai Indians,bat,Mumbai Indians,won by 13 runs,150,137,"Q de Kock, RG Sharma, SA Yadav, Ishan Kishan, KA Pollard, HH Pandya, KH Pandya, AF Milne, RD Chahar, JJ Bumrah, TA Boult","DA Warner, JM Bairstow, MK Pandey, Virat Singh, V Shankar, Abhishek Sharma, Abdul Samad, Rashid Khan, B Kumar, Mujeeb Ur Rahman, KK Ahmed",7,8,1,1,3,2,163.4,150.4,155.0,161.0,0.586,0.542,0.543,0.417,156.48,0.36,0.6,0.0
1254068,2021-04-18,"Wankhede Stadium, Mumbai",Punjab Kings,Delhi Capitals,Delhi Capitals,field,Delhi Capitals,won by 6 wickets,195,198,"KL Rahul, MA Agarwal, CH Gayle, DJ Hooda, N Pooran, M Shahrukh Khan, Jalaj S Saxena, JA Richardson, Mohammed Shami, RP Meredith, Arshdeep Singh","PP Shaw, S Dhawan, SPD Smith, RR Pant, MP Stoinis, Lalit Yadav, LI Meriwala, CR Woakes, R Ashwin, K Rabada, Avesh Khan",15,10,1,1,2,2,163.0,162.6,165.0,173.4,0.5,0.222,0.477,0.389,160.49,0.527,0.462,0.364
1254067,2021-04-18,"MA Chidambaram Stadium, Chepauk, Chennai",Royal Challengers Bengaluru,Kolkata Knight Riders,Royal Challengers Bengaluru,bat,Royal Challengers Bengaluru,won by 38 runs,204,166,"V Kohli, D Padikkal, RM Patidar, GJ Maxwell, AB de Villiers, KA Jamieson, Washington Sundar, Shahbaz Ahmed, HV Patel, Mohammed Siraj, YS Chahal","N Rana, Shubman Gill, RA Tripathi, EJG Morgan, KD Karthik, Shakib Al Hasan, AD Russell, PJ Cummins, Harbhajan Singh, CV Varun, M Prasidh Krishna",12,14,3,0,2,2,142.4,141.8,168.2,157.6,0.5,0.458,0.585,0.5,156.27,0.36,0.364,0.273
1254069,2021-04-19,"Wankhede Stadium, Mumbai",Chennai Super Kings,Rajasthan Royals,Rajasthan Royals,field,Chennai Super Kings,won by 45 runs,188,143,"RD Gaikwad, F du Plessis, MM Ali, SK Raina, AT Rayudu, RA Jadeja, MS Dhoni, SM Curran, DJ Bravo, SN Thakur, DL Chahar","JC Buttler, M Vohra, SV Samson, S Dube, DA Miller, R Parag, R Tewatia, CH Morris, JD Unadkat, C Sakariya, Mustafizur Rahman",14,9,1,2,4,3,155.4,153.2,176.0,187.8,0.66,0.608,0.556,0.412,160.96,0.536,0.5,0.5
1254070,2021-04-20,"MA Chidambaram Stadium, Chepauk, Chennai",Mumbai Indians,Delhi Capitals,Mumbai Indians,bat,Delhi Capitals,won by 6 wickets,137,138,"RG Sharma, Q de Kock, SA Yadav, Ishan Kishan, HH Pandya, KH Pandya, KA Pollard, J Yadav, RD Chahar, JJ Bumrah, TA Boult","PP Shaw, S Dhawan, SPD Smith, Lalit Yadav, RR Pant, SO Hetmyer, MP Stoinis, R Ashwin, K Rabada, Avesh Khan, A Mishra",16,12,3,0,4,3,163.6,147.6,176.0,172.4,0.586,0.551,0.485,0.389,156.72,0.36,0.636,0.25
1254071,2021-04-21,"MA Chidambaram Stadium, Chepauk, Chennai",Punjab Kings,Sunrisers Hyderabad,Punjab Kings,bat,Sunrisers Hyderabad,won by 9 wickets,120,121,"KL Rahul, MA Agarwal, CH Gayle, N Pooran, DJ Hooda, MC Henriques, M Shahrukh Khan, FA Allen, M Ashwin, Mohammed Shami, Arshdeep Singh","DA Warner, JM Bairstow, KS Williamson, Virat Singh, KM Jadhav, V Shankar, Abhishek Sharma, Rashid Khan, B Kumar, S Kaul, KK Ahmed",5,11,1,2,1,1,172.0,172.4,152.2,161.2,0.5,0.222,0.543,0.417,156.42,0.36,0.167,0.0
1254072,2021-04-21,"Wankhede Stadium, Mumbai",Chennai Super Kings,Kolkata Knight Riders,Kolkata Knight Riders,field,Chennai Super Kings,won by 18 runs,220,202,"RD Gaikwad, F du Plessis, MM Ali, MS Dhoni, RA Jadeja, SK Raina, AT Rayudu, SM Curran, SN Thakur, DL Chahar, L Ngidi","N Rana, Shubman Gill, RA Tripathi, EJG Morgan, SP Narine, KD Karthik, AD Russell, PJ Cummins, KL Nagarkoti, CV Varun, M Prasidh Krishna",14,8,2,1,4,2,163.0,152.8,171.6,168.4,0.66,0.608,0.585,0.5,161.01,0.526,0.529,0.111
1254073,2021-04-22,"Wankhede Stadium, Mumbai",Rajasthan Royals,Royal Challengers Bengaluru,Royal Challengers Bengaluru,field,Royal Challengers Bengaluru,won by 10 wickets,177,181,"JC Buttler, M Vohra, SV Samson, DA Miller, S Dube, R Parag, R Tewatia, CH Morris, S Gopal, C Sakariya, Mustafizur Rahman","V Kohli, D Padikkal, GJ Maxwell, AB de Villiers, Washington Sundar, KA Jamieson, Shahbaz Ahmed, HV Patel, Mohammed Siraj, KW Richardson, YS Chahal",10,10,0,2,2,3,165.4,186.4,159.2,150.8,0.545,0.412,0.5,0.48,161.64,0.517,0.455,0.3
1254074,2021-04-23,"MA Chidambaram Stadium, Chepauk, Chennai",Mumbai Indians,Punjab Kings,Punjab Kings,field,Punjab Kings,won by 9 wickets,131,132,"Q de Kock, RG Sharma, Ishan Kishan, SA Yadav, KA Pollard, HH Pandya, KH Pandya, J Yadav, RD Chahar, JJ Bumrah, TA Boult","KL Rahul, MA Agarwal, CH Gayle, DJ Hooda, N Pooran, MC Henriques, M Shahrukh Khan, FA Allen, Mohammed Shami, Ravi Bishnoi, Arshdeep Singh",14,11,2,0,3,1,151.0,146.6,159.0,159.4,0.586,0.54,0.5,0.214,155.87,0.36,0.583,0.143
1254075,2021-04-24,"Wankhede Stadium, Mumbai",Kolkata Knight Riders,Rajasthan Royals,Rajasthan Royals,field,Rajasthan Royals,won by 6 wickets,133,134,"N Rana, Shubman Gill, RA Tripathi, SP Narine, EJG Morgan, KD Karthik, AD Russell, PJ Cummins, Shivam Mavi, M Prasidh Krishna, CV Varun","JC Buttler, YBK Jaiswal, SV Samson, S Dube, R Tewatia, DA Miller, R Parag, CH Morris, JD Unadkat, C Sakariya, Mustafizur Rahman",12,8,2,1,2,1,177.6,176.8,163.6,185.6,0.576,0.5,0.545,0.412,161.85,0.525,0.1,0.417
1254076,2021-04-25,"Wankhede Stadium, Mumbai",Chennai Super Kings,Royal Challengers Bengaluru,Chennai Super Kings,bat,Chennai Super Kings,won by 69 runs,191,122,"RD Gaikwad, F du Plessis, SK Raina, AT Rayudu, RA Jadeja, MS Dhoni, DJ Bravo, SM Curran, SN Thakur, DL Chahar, Imran Tahir","V Kohli, D Padikkal, Washington Sundar, GJ Maxwell, AB de Villiers, DT Christian, KA Jamieson, HV Patel, NA Saini, YS Chahal, Mohammed Siraj",16,9,1,2,4,4,171.4,158.8,165.0,155.4,0.66,0.608,0.508,0.48,161.51,0.533,0.556,0.364
1254077,2021-04-25,"MA Chidambaram Stadium, Chepauk, Chennai",Delhi Capitals,Sunrisers Hyderabad,Delhi Capitals,bat,,,159,159,"PP Shaw, S Dhawan, RR Pant, SPD Smith, SO Hetmyer, MP Stoinis, AR Patel, R Ashwin, K Rabada, Avesh Khan, A Mishra","DA Warner, JM Bairstow, KS Williamson, Virat Singh, KM Jadhav, Abhishek Sharma, Rashid Khan, V Shankar, J Suchith, S Kaul, KK Ahmed",7,11,1,2,3,1,165.8,165.4,150.0,159.0,0.485,0.389,0.543,0.417,155.5,0.385,0.333,0.143
1254078,2021-04-26,"Narendra Modi Stadium, Ahmedabad",Punjab Kings,Kolkata Knight Riders,Kolkata Knight Riders,field,Kolkata Knight Riders,won by 5 wickets,123,126,"KL Rahul, MA Agarwal, CH Gayle, DJ Hooda, N Pooran, MC Henriques, M Shahrukh Khan, CJ Jordan, Ravi Bishnoi, Mohammed Shami, Arshdeep Singh","Shubman Gill, N Rana, RA Tripathi, SP Narine, EJG Morgan, AD Russell, KD Karthik, PJ Cummins, Shivam Mavi, CV Varun, M Prasidh Krishna",9,18,1,2,2,1,154.8,154.8,166.0,177.4,0.508,0.214,0.576,0.5,0.0,0.0,0.0,0.0
1254079,2021-04-27,"Narendra Modi Stadium, Ahmedabad",Royal Challengers Bengaluru,Delhi Capitals,Delhi Capitals,field,Royal Challengers Bengaluru,won by 1 runs,171,170,"V Kohli, D Padikkal, RM Patidar, GJ Maxwell, AB de Villiers, Washington Sundar, DR Sams, KA Jamieson, HV Patel, Mohammed Siraj, YS Chahal","PP Shaw, S Dhawan, SPD Smith, RR Pant, MP Stoinis, SO Hetmyer, AR Patel, K Rabada, Avesh Khan, A Mishra, I Sharma",13,10,0,3,4,3,163.2,167.2,166.4,165.8,0.508,0.48,0.485,0.378,124.5,1.0,0.0,0.0
1254080,2021-04-28,"Arun Jaitley Stadium, Delhi",Sunrisers Hyderabad,Chennai Super Kings,Sunrisers Hyderabad,bat,Chennai Super Kings,won by 7 wickets,171,173,"DA Warner, JM Bairstow, MK Pandey, KS Williamson, KM Jadhav, Rashid Khan, V Shankar, J Suchith, S Kaul, KK Ahmed, Sandeep Sharma","RD Gaikwad, F du Plessis, MM Ali, RA Jadeja, SK Raina, AT Rayudu, MS Dhoni, SM Curran, SN Thakur, DL Chahar, L Ngidi",4,10,1,2,1,4,147.4,153.0,178.8,152.6,0.543,0.417,0.66,0.615,155.05,0.524,0.75,0.75
1254082,2021-04-29,"Narendra Modi Stadium, Ahmedabad",Kolkata Knight Riders,Delhi Capitals,Delhi Capitals,field,Delhi Capitals,won by 7 wickets,154,156,"N Rana, Shubman Gill, RA Tripathi, EJG Morgan, SP Narine, AD Russell, KD Karthik, PJ Cummins, Shivam Mavi, CV Varun, M Prasidh Krishna","PP Shaw, S Dhawan, RR Pant, MP Stoinis, SO Hetmyer, SPD Smith, Lalit Yadav, AR Patel, K Rabada, Avesh Khan, I Sharma",14,10,1,2,1,2,153.8,166.6,162.4,162.4,0.582,0.5,0.478,0.378,147.5,0.5,1.0,0.0
1254081,2021-04-29,"Arun Jaitley Stadium, Delhi",Rajasthan Royals,Mumbai Indians,Mumbai Indians,field,Mumbai Indians,won by 7 wickets,171,172,"JC Buttler, YBK Jaiswal, SV Samson, S Dube, DA Miller, R Parag, R Tewatia, CH Morris, JD Unadkat, C Sakariya, Mustafizur Rahman","RG Sharma, Q de Kock, SA Yadav, KH Pandya, KA Pollard, HH Pandya, NM Coulter-Nile, J Yadav, RD Chahar, JJ Bumrah, TA Boult",11,11,2,1,2,2,164.2,174.0,145.8,141.8,0.554,0.412,0.586,0.54,155.27,0.524,0.444,0.364
1254083,2021-04-30,"Narendra Modi Stadium, Ahmedabad",Punjab Kings,Royal Challengers Bengaluru,Royal Challengers Bengaluru,field,Punjab Kings,won by 34 runs,179,145,"KL Rahul, P Simran Singh, CH Gayle, N Pooran, DJ Hooda, M Shahrukh Khan, Harpreet Brar, RP Meredith, Ravi Bishnoi, Mohammed Shami, CJ Jordan","V Kohli, D Padikkal, RM Patidar, GJ Maxwell, AB de Villiers, Shahbaz Ahmed, DR Sams, KA Jamieson, HV Patel, Mohammed Siraj, YS Chahal",14,12,2,1,1,4,135.2,136.6,165.4,169.4,0.508,0.214,0.508,0.48,150.0,0.667,0.0,1.0
1254084,2021-05-01,"Arun Jaitley Stadium, Delhi",Chennai Super Kings,Mumbai Indians,Mumbai Indians,field,Mumbai Indians,won by 4 wickets,218,219,"RD Gaikwad, F du Plessis, MM Ali, SK Raina, AT Rayudu, RA Jadeja, MS Dhoni, SM Curran, SN Thakur, DL Chahar, L Ngidi","Q de Kock, RG Sharma, SA Yadav, KH Pandya, KA Pollard, HH Pandya, JDS Neesham, DS Kulkarni, RD Chahar, JJ Bumrah, TA Boult",12,18,1,2,5,3,175.8,148.8,148.4,144.0,0.66,0.615,0.593,0.54,155.49,0.535,0.778,0.417
1254085,2021-05-02,"Arun Jaitley Stadium, Delhi",Rajasthan Royals,Sunrisers Hyderabad,Sunrisers Hyderabad,field,Rajasthan Royals,won by 55 runs,220,165,"JC Buttler, YBK Jaiswal, SV Samson, R Parag, DA Miller, Anuj Rawat, R Tewatia, CH Morris, Kartik Tyagi, C Sakariya, Mustafizur Rahman","MK Pandey, JM Bairstow, KS Williamson, V Shankar, KM Jadhav, Mohammad Nabi, Abdul Samad, Rashid Khan, B Kumar, Sandeep Sharma, KK Ahmed",6,7,2,1,2,1,155.0,164.2,146.2,150.2,0.554,0.412,0.543,0.4,156.31,0.545,0.4,0.667
1254086,2021-05-02,"Narendra Modi Stadium, Ahmedabad",Punjab Kings,Delhi Capitals,Delhi Capitals,field,Delhi Capitals,won by 7 wickets,166,167,"P Simran Singh, MA Agarwal, CH Gayle, DJ Malan, DJ Hooda, M Shahrukh Khan, CJ Jordan, Harpreet Brar, RP Meredith, Ravi Bishnoi, Mohammed Shami","PP Shaw, S Dhawan, SPD Smith, RR Pant, SO Hetmyer, MP Stoinis, AR Patel, Lalit Yadav, K Rabada, I Sharma, Avesh Khan",15,11,1,1,2,3,149.8,144.2,164.2,163.2,0.508,0.214,0.485,0.378,153.0,0.5,0.5,0.5
1254104,2021-09-19,Dubai International Cricket Stadium,Chennai Super Kings,Mumbai Indians,Chennai Super Kings,bat,Chennai Super Kings,won by 20 runs,156,136,"RD Gaikwad, F du Plessis, MM Ali, AT Rayudu, SK Raina, MS Dhoni, RA Jadeja, DJ Bravo, SN Thakur, DL Chahar, JR Hazlewood","Q de Kock, Anmolpreet Singh, SA Yadav, Ishan Kishan, SS Tiwary, KA Pollard, KH Pandya, AF Milne, RD Chahar, JJ Bumrah, TA Boult",12,19,1,2,4,3,198.0,171.4,161.8,159.2,0.66,0.615,0.6,0.54,157.61,0.278,0.667,0.375
1254087,2021-09-20,"Zayed Cricket Stadium, Abu Dhabi",Royal Challengers Bengaluru,Kolkata Knight Riders,Royal Challengers Bengaluru,bat,Kolkata Knight Riders,won by 9 wickets,92,94,"V Kohli, D Padikkal, KS Bharat, GJ Maxwell, AB de Villiers, Sachin Baby, PWH de Silva, KA Jamieson, HV Patel, Mohammed Siraj, YS Chahal","Shubman Gill, VR Iyer, AD Russell, N Rana, RA Tripathi, EJG Morgan, KD Karthik, LH Ferguson, SP Narine, CV Varun, M Prasidh Krishna",13,14,3,0,3,1,164.6,176.6,156.2,167.4,0.5,0.48,0.582,0.5,152.24,0.571,0.333,0.455
1254111,2021-09-21,Dubai International Cricket Stadium,Rajasthan Royals,Punjab Kings,Punjab Kings,field,Rajasthan Royals,won by 2 runs,185,183,"E Lewis, YBK Jaiswal, SV Samson, LS Livingstone, MK Lomror, R Parag, R Tewatia, CH Morris, C Sakariya, Kartik Tyagi, Mustafizur Rahman","KL Rahul, MA Agarwal, AK Markram, N Pooran, DJ Hooda, FA Allen, IC Porel, AU Rashid, Harpreet Brar, Arshdeep Singh, Mohammed Shami",12,9,2,1,2,2,169.0,167.8,144.0,138.0,0.554,0.412,0.508,0.214,157.26,0.278,0.143,0.5
1254105,2021-09-22,Dubai International Cricket Stadium,Sunrisers Hyderabad,Delhi Capitals,Sunrisers Hyderabad,bat,Delhi Capitals,won by 8 wickets,134,139,"DA Warner, WP Saha, KS Williamson, MK Pandey, KM Jadhav, Abdul Samad, JO Holder, Rashid Khan, B Kumar, Sandeep Sharma, KK Ahmed","PP Shaw, S Dhawan, SS Iyer, RR Pant, MP Stoinis, SO Hetmyer, AR Patel, R Ashwin, K Rabada, A Nortje, Avesh Khan",11,7,1,1,1,3,150.6,164.4,158.0,157.4,0.528,0.4,0.493,0.378,158.03,0.263,0.6,0.364
1254096,2021-09-23,"Zayed Cricket Stadium, Abu Dhabi",Mumbai Indians,Kolkata Knight Riders,Kolkata Knight Riders,field,Kolkata Knight Riders,won by 7 wickets,155,159,"RG Sharma, Q de Kock, SA Yadav, Ishan Kishan, KA Pollard, KH Pandya, SS Tiwary, AF Milne, RD Chahar, JJ Bumrah, TA Boult","Shubman Gill, VR Iyer, RA Tripathi, EJG Morgan, N Rana, AD Russell, KD Karthik, SP Narine, LH Ferguson, M Prasidh Krishna, CV Varun",22,6,3,0,2,2,159.0,163.0,141.8,145.0,0.6,0.54,0.582,0.5,150.27,0.571,0.667,0.5
1254113,2021-09-24,Sharjah Cricket Stadium,Royal Challengers Bengaluru,Chennai Super Kings,Chennai Super Kings,field,Chennai Super Kings,won by 6 wickets,156,157,"V Kohli, D Padikkal, AB de Villiers, GJ Maxwell, TH David, HV Patel, PWH de Silva, KS Bharat, Navdeep Saini, Mohammed Siraj, YS Chahal","RD Gaikwad, F du Plessis, MM Ali, AT Rayudu, SK Raina, MS Dhoni, RA Jadeja, DJ Bravo, SN Thakur, DL Chahar, JR Hazlewood",9,17,1,2,2,4,142.2,162.2,191.6,170.0,0.5,0.462,0.66,0.623,164.56,0.583,0.4,0.25
1254107,2021-09-25,Sharjah Cricket Stadium,Punjab Kings,Sunrisers Hyderabad,Sunrisers Hyderabad,field,Punjab Kings,won by 5 runs,125,120,"KL Rahul, MA Agarwal, CH Gayle, AK Markram, N Pooran, DJ Hooda, Harpreet Brar, NT Ellis, Mohammed Shami, Ravi Bishnoi, Arshdeep Singh","DA Warner, WP Saha, KS Williamson, MK Pandey, KM Jadhav, Abdul Samad, JO Holder, Rashid Khan, B Kumar, Sandeep Sharma, KK Ahmed",5,12,1,2,2,1,156.6,150.8,150.0,162.2,0.5,0.214,0.528,0.385,164.13,0.615,0.8,0.4
1254097,2021-09-25,"Zayed Cricket Stadium, Abu Dhabi",Delhi Capitals,Rajasthan Royals,Rajasthan Royals,field,Delhi Capitals,won by 33 runs,154,121,"PP Shaw, S Dhawan, SS Iyer, RR Pant, SO Hetmyer, Lalit Yadav, AR Patel, R Ashwin, K Rabada, A Nortje, Avesh Khan","LS Livingstone, YBK Jaiswal, SV Samson, DA Miller, MK Lomror, R Parag, R Tewatia, T Shamsi, Kartik Tyagi, C Sakariya, Mustafizur Rahman",11,12,2,1,3,3,158.2,156.8,177.4,166.8,0.493,0.378,0.554,0.412,150.48,0.6,0.333,0.625
1254098,2021-09-26,"Zayed Cricket Stadium, Abu Dhabi",Kolkata Knight Riders,Chennai Super Kings,Kolkata Knight Riders,bat,Chennai Super Kings,won by 2 wickets,171,172,"Shubman Gill, VR Iyer, RA Tripathi, EJG Morgan, N Rana, AD Russell, KD Karthik, SP Narine, LH Ferguson, M Prasidh Krishna, CV Varun","RD Gaikwad, F du Plessis, MM Ali, AT Rayudu, SK Raina, MS Dhoni, RA Jadeja, SM Curran, SN Thakur, DL Chahar, JR Hazlewood",8,15,1,2,3,4,133.2,132.0,179.0,160.8,0.588,0.5,0.667,0.623,150.08,0.562,0.538,0.5
1254108,2021-09-26,Dubai International Cricket Stadium,Royal Challengers Bengaluru,Mumbai Indians,Mumbai Indians,field,Royal Challengers Bengaluru,won by 54 runs,165,111,"V Kohli, D Padikkal, KS Bharat, GJ Maxwell, AB de Villiers, DT Christian, Shahbaz Ahmed, KA Jamieson, HV Patel, Mohammed Siraj, YS Chahal","RG Sharma, Q de Kock, Ishan Kishan, SA Yadav, KH Pandya, KA Pollard, HH Pandya, AF Milne, RD Chahar, JJ Bumrah, TA Boult",10,17,1,1,1,2,137.2,158.2,162.6,167.2,0.5,0.462,0.6,0.54,157.43,0.263,0.444,0.333
1254100,2021-09-27,Dubai International Cricket Stadium,Rajasthan Royals,Sunrisers Hyderabad,Rajasthan Royals,bat,Sunrisers Hyderabad,won by 7 wickets,164,167,"E Lewis, YBK Jaiswal, SV Samson, LS Livingstone, MK Lomror, R Parag, R Tewatia, CH Morris, JD Unadkat, C Sakariya, Mustafizur Rahman","JJ Roy, WP Saha, KS Williamson, PK Garg, Abhishek Sharma, JO Holder, Abdul Samad, Rashid Khan, B Kumar, Sandeep Sharma, S Kaul",7,7,2,1,3,0,166.2,161.4,149.8,163.2,0.544,0.412,0.514,0.385,156.91,0.25,0.25,0.545
1254099,2021-09-28,"Zayed Cricket Stadium, Abu Dhabi",Punjab Kings,Mumbai Indians,Mumbai Indians,field,Mumbai Indians,won by 6 wickets,135,137,"KL Rahul, Mandeep Singh, CH Gayle, AK Markram, N Pooran, DJ Hooda, Harpreet Brar, NT Ellis, Ravi Bishnoi, Mohammed Shami, Arshdeep Singh","RG Sharma, Q de Kock, SA Yadav, SS Tiwary, HH Pandya, KA Pollard, KH Pandya, NM Coulter-Nile, RD Chahar, TA Boult, JJ Bumrah",12,14,1,1,2,2,155.2,148.6,158.6,173.8,0.5,0.214,0.59,0.54,150.73,0.562,0.333,0.6
1254092,2021-09-28,Sharjah Cricket Stadium,Delhi Capitals,Kolkata Knight Riders,Kolkata Knight Riders,field,Kolkata Knight Riders,won by 3 wickets,127,130,"SPD Smith, S Dhawan, SS Iyer, RR Pant, SO Hetmyer, Lalit Yadav, AR Patel, R Ashwin, K Rabada, Avesh Khan, A Nortje","Shubman Gill, VR Iyer, RA Tripathi, N Rana, EJG Morgan, KD Karthik, SP Narine, TG Southee, LH Ferguson, S Sandeep Warrier, CV Varun",11,14,2,1,4,3,157.2,149.2,140.8,139.6,0.493,0.378,0.588,0.486,162.05,0.571,0.8,0.25
1254103,2021-09-29,Dubai International Cricket Stadium,Rajasthan Royals,Royal Challengers Bengaluru,Royal Challengers Bengaluru,field,Royal Challengers Bengaluru,won by 7 wickets,149,153,"E Lewis, YBK Jaiswal, SV Samson, MK Lomror, LS Livingstone, R Tewatia, R Parag, CH Morris, C Sakariya, Kartik Tyagi, Mustafizur Rahman","V Kohli, D Padikkal, KS Bharat, GJ Maxwell, AB de Villiers, DT Christian, Shahbaz Ahmed, GHS Garton, HV Patel, Mohammed Siraj, YS Chahal",10,11,0,3,2,2,172.2,168.2,145.8,142.2,0.544,0.4,0.5,0.462,157.13,0.25,0.222,0.5
1254091,2021-09-30,Sharjah Cricket Stadium,Sunrisers Hyderabad,Chennai Super Kings,Chennai Super Kings,field,Chennai Super Kings,won by 6 wickets,134,139,"JJ Roy, WP Saha, KS Williamson, PK Garg, Abhishek Sharma, Abdul Samad, JO Holder, Rashid Khan, B Kumar, Sandeep Sharma, S Kaul","RD Gaikwad, F du Plessis, MM Ali, SK Raina, AT Rayudu, MS Dhoni, RA Jadeja, DJ Bravo, SN Thakur, DL Chahar, JR Hazlewood",4,11,1,2,1,4,151.4,164.2,175.2,170.6,0.514,0.385,0.667,0.623,160.45,0.6,0.333,0.4
1254102,2021-10-01,Dubai International Cricket Stadium,Kolkata Knight Riders,Punjab Kings,Punjab Kings,field,Punjab Kings,won by 5 wickets,165,168,"VR Iyer, Shubman Gill, RA Tripathi, N Rana, EJG Morgan, KD Karthik, TL Seifert, SP Narine, TG Southee, CV Varun, Shivam Mavi","KL Rahul, MA Agarwal, N Pooran, AK Markram, DJ Hooda, M Shahrukh Khan, FA Allen, NT Ellis, Ravi Bishnoi, Mohammed Shami, Arshdeep Singh",19,9,2,1,3,2,141.6,140.4,157.6,150.8,0.594,0.486,0.5,0.214,156.97,0.286,0.5,0.444
1254112,2021-10-02,Sharjah Cricket Stadium,Mumbai Indians,Delhi Capitals,Delhi Capitals,field,Delhi Capitals,won by 4 wickets,129,132,"RG Sharma, Q de Kock, SA Yadav, SS Tiwary, KA Pollard, HH Pandya, KH Pandya, NM Coulter-Nile, J Yadav, JJ Bumrah, TA Boult","PP Shaw, S Dhawan, SPD Smith, RR Pant, SS Iyer, AR Patel, SO Hetmyer, R Ashwin, K Rabada, Avesh Khan, A Nortje",16,13,2,1,2,4,151.6,166.6,148.6,141.0,0.597,0.54,0.493,0.378,159.36,0.625,0.5,0.667
1254089,2021-10-02,"Zayed Cricket Stadium, Abu Dhabi",Chennai Super Kings,Rajasthan Royals,Rajasthan Royals,field,Rajasthan Royals,won by 7 wickets,189,190,"RD Gaikwad, F du Plessis, SK Raina, MM Ali, AT Rayudu, RA Jadeja, MS Dhoni, SM Curran, SN Thakur, JR Hazlewood, KM Asif","E Lewis, YBK Jaiswal, SV Samson, S Dube, GD Phillips, DA Miller, R Tewatia, Akash Singh, M Markande, C Sakariya, Mustafizur Rahman",15,9,1,2,4,2,168.4,163.2,167.8,164.4,0.673,0.623,0.544,0.4,150.29,0.588,0.571,0.556
1254109,2021-10-03,Dubai International Cricket Stadium,Sunrisers Hyderabad,Kolkata Knight Riders,Sunrisers Hyderabad,bat,Kolkata Knight Riders,won by 6 wickets,115,119,"JJ Roy, WP Saha, KS Williamson, PK Garg, Abhishek Sharma, Abdul Samad, JO Holder, Rashid Khan, B Kumar, S Kaul, Umran Malik","Shubman Gill, VR Iyer, RA Tripathi, N Rana, KD Karthik, EJG Morgan, Shakib Al Hasan, SP Narine, TG Southee, CV Varun, Shivam Mavi",7,12,0,2,1,3,144.0,157.4,143.8,142.8,0.514,0.385,0.594,0.486,157.21,0.318,0.583,0.4
1254090,2021-10-03,Sharjah Cricket Stadium,Royal Challengers Bengaluru,Punjab Kings,Royal Challengers Bengaluru,bat,Royal Challengers Bengaluru,won by 6 runs,164,158,"V Kohli, D Padikkal, DT Christian, GJ Maxwell, AB de Villiers, Shahbaz Ahmed, KS Bharat, GHS Garton, HV Patel, Mohammed Siraj, YS Chahal","KL Rahul, MA Agarwal, N Pooran, AK Markram, SN Khan, M Shahrukh Khan, MC Henriques, Harpreet Brar, Ravi Bishnoi, Mohammed Shami, Arshdeep Singh",12,15,0,3,2,2,142.2,138.0,155.4,154.8,0.507,0.462,0.508,0.214,158.11,0.647,0.333,0.833
1254110,2021-10-04,Dubai International Cricket Stadium,Chennai Super Kings,Delhi Capitals,Delhi Capitals,field,Delhi Capitals,won by 3 wickets,136,139,"RD Gaikwad, F du Plessis, RV Uthappa, MM Ali, AT Rayudu, MS Dhoni, RA Jadeja, DJ Bravo, DL Chahar, SN Thakur, JR Hazlewood","PP Shaw, S Dhawan, SS Iyer, RR Pant, RV Patel, R Ashwin, SO Hetmyer, AR Patel, K Rabada, Avesh Khan, A Nortje",15,9,0,3,4,4,162.6,157.4,143.8,136.0,0.673,0.623,0.5,0.378,156.23,0.318,0.7,0.417
1254093,2021-10-05,Sharjah Cricket Stadium,Rajasthan Royals,Mumbai Indians,Mumbai Indians,field,Mumbai Indians,won by 8 wickets,90,94,"E Lewis, YBK Jaiswal, SV Samson, S Dube, GD Phillips, DA Miller, R Tewatia, S Gopal, C Sakariya, K Yadav, Mustafizur Rahman","RG Sharma, Ishan Kishan, SA Yadav, HH Pandya, SS Tiwary, KA Pollard, JDS Neesham, NM Coulter-Nile, J Yadav, JJ Bumrah, TA Boult",11,12,1,2,2,1,161.8,169.2,133.6,149.4,0.552,0.4,0.597,0.54,158.23,0.647,0.5,0.4
1254095,2021-10-06,"Zayed Cricket Stadium, Abu Dhabi",Sunrisers Hyderabad,Royal Challengers Bengaluru,Royal Challengers Bengaluru,field,Sunrisers Hyderabad,won by 4 runs,141,137,"JJ Roy, Abhishek Sharma, KS Williamson, PK Garg, Abdul Samad, WP Saha, JO Holder, Rashid Khan, B Kumar, S Kaul, Umran Malik","V Kohli, D Padikkal, DT Christian, KS Bharat, GJ Maxwell, AB de Villiers, Shahbaz Ahmed, GHS Garton, HV Patel, Mohammed Siraj, YS Chahal",9,8,2,1,1,3,134.0,137.2,146.0,133.8,0.514,0.37,0.507,0.481,151.41,0.611,0.333,0.286
1254094,2021-10-07,Dubai International Cricket Stadium,Chennai Super Kings,Punjab Kings,Punjab Kings,field,Punjab Kings,won by 6 wickets,134,139,"RD Gaikwad, F du Plessis, MM Ali, RV Uthappa, AT Rayudu, MS Dhoni, RA Jadeja, DJ Bravo, DL Chahar, SN Thakur, JR Hazlewood","KL Rahul, MA Agarwal, SN Khan, M Shahrukh Khan, AK Markram, MC Henriques, CJ Jordan, Harpreet Brar, Ravi Bishnoi, Mohammed Shami, Arshdeep Singh",15,8,3,0,3,2,158.6,158.0,153.8,154.2,0.673,0.623,0.508,0.214,155.79,0.348,0.636,0.5
1254106,2021-10-07,Sharjah Cricket Stadium,Kolkata Knight Riders,Rajasthan Royals,Rajasthan Royals,field,Kolkata Knight Riders,won by 86 runs,171,85,"Shubman Gill, VR Iyer, N Rana, RA Tripathi, KD Karthik, EJG Morgan, Shakib Al Hasan, SP Narine, LH Ferguson, CV Varun, Shivam Mavi","YBK Jaiswal, LS Livingstone, SV Samson, S Dube, Anuj Rawat, GD Phillips, R Tewatia, CH Morris, JD Unadkat, C Sakariya, Mustafizur Rahman",12,9,2,1,3,1,148.8,147.4,142.8,151.4,0.594,0.486,0.552,0.4,155.58,0.667,0.4,0.4
1254101,2021-10-08,Dubai International Cricket Stadium,Delhi Capitals,Royal Challengers Bengaluru,Royal Challengers Bengaluru,field,Royal Challengers Bengaluru,won by 7 wickets,164,166,"PP Shaw, S Dhawan, RR Pant, SS Iyer, SO Hetmyer, RV Patel, AR Patel, R Ashwin, K Rabada, Avesh Khan, A Nortje","V Kohli, D Padikkal, KS Bharat, AB de Villiers, GJ Maxwell, DT Christian, Shahbaz Ahmed, GHS Garton, HV Patel, Mohammed Siraj, YS Chahal",10,14,2,1,4,3,138.2,130.0,155.0,143.2,0.507,0.378,0.5,0.481,155.34,0.375,0.462,0.545
1254088,2021-10-08,"Zayed Cricket Stadium, Abu Dhabi",Mumbai Indians,Sunrisers Hyderabad,Mumbai Indians,bat,Mumbai Indians,won by 42 runs,235,193,"RG Sharma, Ishan Kishan, HH Pandya, KA Pollard, SA Yadav, JDS Neesham, KH Pandya, NM Coulter-Nile, PP Chawla, JJ Bumrah, TA Boult","JJ Roy, Abhishek Sharma, MK Pandey, Mohammad Nabi, Abdul Samad, PK Garg, JO Holder, Rashid Khan, WP Saha, S Kaul, Umran Malik",8,8,2,1,2,2,125.2,136.2,135.4,136.8,0.603,0.54,0.514,0.37,151.07,0.579,0.636,0.429
1254114,2021-10-10,Dubai International Cricket Stadium,Delhi Capitals,Chennai Super Kings,Chennai Super Kings,field,Chennai Super Kings,won by 4 wickets,172,173,"PP Shaw, S Dhawan, SS Iyer, AR Patel, RR Pant, SO Hetmyer, TK Curran, R Ashwin, K Rabada, Avesh Khan, A Nortje","RD Gaikwad, F du Plessis, RV Uthappa, SN Thakur, AT Rayudu, MM Ali, MS Dhoni, RA Jadeja, DJ Bravo, DL Chahar, JR Hazlewood",10,15,3,0,3,2,143.2,136.4,154.0,154.6,0.507,0.378,0.673,0.623,155.56,0.4,0.429,0.583
1254115,2021-10-11,Sharjah Cricket Stadium,Royal Challengers Bengaluru,Kolkata Knight Riders,Royal Challengers Bengaluru,bat,Kolkata Knight Riders,won by 4 wickets,138,139,"D Padikkal, V Kohli, KS Bharat, GJ Maxwell, AB de Villiers, Shahbaz Ahmed, DT Christian, HV Patel, GHS Garton, Mohammed Siraj, YS Chahal","Shubman Gill, VR Iyer, RA Tripathi, N Rana, SP Narine, KD Karthik, EJG Morgan, Shakib Al Hasan, LH Ferguson, Shivam Mavi, CV Varun",13,15,2,1,4,3,157.0,144.6,151.2,133.4,0.507,0.481,0.594,0.486,154.52,0.632,0.429,0.5
1254116,2021-10-13,Sharjah Cricket Stadium,Delhi Capitals,Kolkata Knight Riders,Kolkata Knight Riders,field,Kolkata Knight Riders,won by 3 wickets,135,136,"PP Shaw, S Dhawan, MP Stoinis, SS Iyer, RR Pant, SO Hetmyer, AR Patel, R Ashwin, K Rabada, Avesh Khan, A Nortje","Shubman Gill, VR Iyer, N Rana, RA Tripathi, KD Karthik, EJG Morgan, Shakib Al Hasan, SP Narine, LH Ferguson, Shivam Mavi, CV Varun",11,15,1,2,2,4,146.8,146.8,144.8,126.6,0.507,0.378,0.594,0.486,153.93,0.632,0.714,0.571
1254117,2021-10-15,Dubai International Cricket Stadium,Chennai Super Kings,Kolkata Knight Riders,Kolkata Knight Riders,field,Chennai Super Kings,won by 27 runs,192,165,"RD Gaikwad, F du Plessis, RV Uthappa, MM Ali, AT Rayudu, MS Dhoni, RA Jadeja, DJ Bravo, SN Thakur, DL Chahar, JR Hazlewood","Shubman Gill, VR Iyer, N Rana, SP Narine, EJG Morgan, KD Karthik, Shakib Al Hasan, RA Tripathi, LH Ferguson, Shivam Mavi, CV Varun",16,8,3,0,2,4,154.2,154.8,146.0,128.2,0.68,0.623,0.6,0.486,155.93,0.423,0.615,0.5
1304047,2022-03-26,"Wankhede Stadium, Mumbai",Chennai Super Kings,Kolkata Knight Riders,Kolkata Knight Riders,field,Kolkata Knight Riders,won by 6 wickets,131,133,"RD Gaikwad, DP Conway, RV Uthappa, AT Rayudu, RA Jadeja, S Dube, MS Dhoni, DJ Bravo, MJ Santner, AF Milne, TU Deshpande","AM Rahane, VR Iyer, N Rana, SS Iyer, SW Billings, SP Jackson, AD Russell, SP Narine, UT Yadav, Shivam Mavi, CV Varun",17,8,3,0,2,4,164.8,161.0,146.0,133.0,0.68,0.623,0.592,0.486,161.45,0.533,0.579,0.091
1304048,2022-03-27,"Brabourne Stadium, Mumbai",Mumbai Indians,Delhi Capitals,Delhi Capitals,field,Delhi Capitals,won by 4 wickets,177,179,"RG Sharma, Ishan Kishan, Anmolpreet Singh, Tilak Varma, KA Pollard, TH David, DR Sams, M Ashwin, TS Mills, JJ Bumrah, Basil Thampi","PP Shaw, TL Seifert, Mandeep Singh, RR Pant, Lalit Yadav, R Powell, SN Thakur, AR Patel, Kuldeep Yadav, KK Ahmed, KL Nagarkoti",16,14,1,2,3,2,141.2,143.0,148.4,148.0,0.603,0.549,0.507,0.378,174.64,0.6,0.75,0.0
1304049,2022-03-27,"Dr DY Patil Sports Academy, Mumbai",Royal Challengers Bengaluru,Punjab Kings,Punjab Kings,field,Punjab Kings,won by 5 wickets,205,208,"F du Plessis, Anuj Rawat, V Kohli, KD Karthik, SE Rutherford, DJ Willey, Shahbaz Ahmed, PWH de Silva, HV Patel, Mohammed Siraj, Akash Deep","MA Agarwal, S Dhawan, PBB Rajapaksa, LS Livingstone, RA Bawa, M Shahrukh Khan, OF Smith, Harpreet Brar, Arshdeep Singh, Sandeep Sharma, RD Chahar",13,15,1,2,3,3,151.6,150.2,145.0,144.0,0.507,0.464,0.516,0.214,141.47,0.6,0.5,0.0
1304050,2022-03-28,"Wankhede Stadium, Mumbai",Lucknow Super Giants,Gujarat Titans,Gujarat Titans,field,Gujarat Titans,won by 5 wickets,158,161,"KL Rahul, Q de Kock, E Lewis, MK Pandey, DJ Hooda, A Badoni, KH Pandya, PVD Chameera, Mohsin Khan, Ravi Bishnoi, Avesh Khan","Shubman Gill, MS Wade, V Shankar, HH Pandya, DA Miller, R Tewatia, A Manohar, Rashid Khan, LH Ferguson, Mohammed Shami, VR Aaron",0,0,0,0,0,0,0.0,0.0,0.0,0.0,0.0,0.0,0.0,0.0,161.1,0.541,0.0,0.0
1304051,2022-03-29,"Maharashtra Cricket Association Stadium, Pune",Rajasthan Royals,Sunrisers Hyderabad,Sunrisers Hyderabad,field,Rajasthan Royals,won by 61 runs,210,149,"JC Buttler, YBK Jaiswal, SV Samson, D Padikkal, SO Hetmyer, R Parag, NM Coulter-Nile, R Ashwin, YS Chahal, TA Boult, M Prasidh Krishna","KS Williamson, Abhishek Sharma, RA Tripathi, N Pooran, AK Markram, Abdul Samad, R Shepherd, Washington Sundar, B Kumar, Umran Malik, T Natarajan",7,8,1,2,1,2,135.6,154.8,150.0,158.8,0.542,0.4,0.514,0.37,159.25,0.65,0.333,0.333
1304052,2022-03-30,"Dr DY Patil Sports Academy, Mumbai",Kolkata Knight Riders,Royal Challengers Bengaluru,Royal Challengers Bengaluru,field,Royal Challengers Bengaluru,won by 3 wickets,128,132,"AM Rahane, VR Iyer, SS Iyer, N Rana, SP Narine, SW Billings, SP Jackson, AD Russell, TG Southee, UT Yadav, CV Varun","F du Plessis, Anuj Rawat, V Kohli, DJ Willey, SE Rutherford, Shahbaz Ahmed, KD Karthik, PWH de Silva, HV Patel, Mohammed Siraj, Akash Deep",16,13,2,1,4,2,148.8,136.2,162.0,162.0,0.597,0.486,0.507,0.464,145.08,0.636,1.0,0.333
1304053,2022-03-31,"Brabourne Stadium, Mumbai",Chennai Super Kings,Lucknow Super Giants,Lucknow Super Giants,field,Lucknow Super Giants,won by 6 wickets,210,211,"RV Uthappa, RD Gaikwad, MM Ali, S Dube, AT Rayudu, RA Jadeja, MS Dhoni, D Pretorius, DJ Bravo, TU Deshpande, Mukesh Choudhary","KL Rahul, Q de Kock, MK Pandey, E Lewis, DJ Hooda, A Badoni, KH Pandya, PVD Chameera, AJ Tye, Ravi Bishnoi, Avesh Khan",0,0,0,0,2,0,153.2,149.6,158.0,161.0,0.68,0.623,0.0,0.0,174.92,0.667,0.5,0.0
1304054,2022-04-01,"Wankhede Stadium, Mumbai",Punjab Kings,Kolkata Knight Riders,Kolkata Knight Riders,field,Kolkata Knight Riders,won by 6 wickets,137,141,"MA Agarwal, S Dhawan, PBB Rajapaksa, LS Livingstone, RA Bawa, M Shahrukh Khan, Harpreet Brar, OF Smith, RD Chahar, K Rabada, Arshdeep Singh","AM Rahane, VR Iyer, SS Iyer, SW Billings, N Rana, AD Russell, SP Narine, TG Southee, UT Yadav, CV Varun, Shivam Mavi",10,19,2,1,3,3,161.6,161.0,140.2,145.6,0.524,0.214,0.597,0.486,161.08,0.548,0.429,0.167
1304055,2022-04-02,"Dr DY Patil Sports Academy, Mumbai",Rajasthan Royals,Mumbai Indians,Mumbai Indians,field,Rajasthan Royals,won by 23 runs,193,170,"JC Buttler, YBK Jaiswal, D Padikkal, SV Samson, SO Hetmyer, R Parag, R Ashwin, Navdeep Saini, TA Boult, YS Chahal, M Prasidh Krishna","Ishan Kishan, RG Sharma, Anmolpreet Singh, Tilak Varma, KA Pollard, TH David, DR Sams, M Ashwin, JJ Bumrah, TS Mills, Basil Thampi",11,13,1,2,2,3,144.8,151.2,154.4,145.8,0.542,0.4,0.603,0.549,144.29,0.667,0.5,0.714
1304056,2022-04-02,"Maharashtra Cricket Association Stadium, Pune",Gujarat Titans,Delhi Capitals,Delhi Capitals,field,Gujarat Titans,won by 14 runs,171,157,"MS Wade, Shubman Gill, V Shankar, HH Pandya, DA Miller, R Tewatia, A Manohar, Rashid Khan, VR Aaron, LH Ferguson, Mohammed Shami","PP Shaw, TL Seifert, Mandeep Singh, RR Pant, Lalit Yadav, R Powell, AR Patel, SN Thakur, Kuldeep Yadav, KK Ahmed, Mustafizur Rahman",0,0,0,0,1,2,161.0,158.0,157.8,157.6,1.0,0.0,0.514,0.378,160.13,0.619,0.0,0.667
1304057,2022-04-03,"Brabourne Stadium, Mumbai",Punjab Kings,Chennai Super Kings,Chennai Super Kings,field,Punjab Kings,won by 54 runs,180,126,"MA Agarwal, S Dhawan, PBB Rajapaksa, LS Livingstone, JM Sharma, M Shahrukh Khan, OF Smith, K Rabada, RD Chahar, VG Arora, Arshdeep Singh","RV Uthappa, RD Gaikwad, MM Ali, AT Rayudu, RA Jadeja, S Dube, MS Dhoni, DJ Bravo, D Pretorius, CJ Jordan, Mukesh Choudhary",9,15,1,2,3,2,162.0,161.8,168.0,164.0,0.524,0.214,0.68,0.623,177.65,0.714,0.0,0.333
1304058,2022-04-04,"Dr DY Patil Sports Academy, Mumbai",Lucknow Super Giants,Sunrisers Hyderabad,Sunrisers Hyderabad,field,Lucknow Super Giants,won by 12 runs,169,157,"KL Rahul, Q de Kock, E Lewis, MK Pandey, DJ Hooda, A Badoni, KH Pandya, JO Holder, AJ Tye, Ravi Bishnoi, Avesh Khan","Abhishek Sharma, KS Williamson, RA Tripathi, AK Markram, N Pooran, Washington Sundar, Abdul Samad, R Shepherd, B Kumar, Umran Malik, T Natarajan",0,0,0,0,1,1,184.5,185.5,146.4,168.0,1.0,0.0,0.5,0.37,146.15,0.615,0.0,0.0
1304059,2022-04-05,"Wankhede Stadium, Mumbai",Rajasthan Royals,Royal Challengers Bengaluru,Royal Challengers Bengaluru,field,Royal Challengers Bengaluru,won by 4 wickets,169,173,"JC Buttler, YBK Jaiswal, D Padikkal, SV Samson, SO Hetmyer, R Parag, R Ashwin, Navdeep Saini, TA Boult, YS Chahal, M Prasidh Krishna","F du Plessis, Anuj Rawat, V Kohli, DJ Willey, SE Rutherford, Shahbaz Ahmed, KD Karthik, HV Patel, PWH de Silva, Mohammed Siraj, Akash Deep",10,12,0,3,3,2,153.6,154.6,155.6,156.0,0.542,0.4,0.514,0.464,160.82,0.556,0.462,0.333
1304060,2022-04-06,"Maharashtra Cricket Association Stadium, Pune",Mumbai Indians,Kolkata Knight Riders,Kolkata Knight Riders,field,Kolkata Knight Riders,won by 5 wickets,161,162,"RG Sharma, Ishan Kishan, D Brevis, SA Yadav, Tilak Varma, KA Pollard, DR Sams, M Ashwin, TS Mills, JJ Bumrah, Basil Thampi","AM Rahane, VR Iyer, SS Iyer, SW Billings, N Rana, AD Russell, PJ Cummins, SP Narine, Rasikh Salam, UT Yadav, CV Varun",22,7,2,1,2,3,161.0,157.4,140.6,145.4,0.594,0.549,0.603,0.486,160.29,0.591,0.667,1.0
1304061,2022-04-07,"Dr DY Patil Sports Academy, Mumbai",Delhi Capitals,Lucknow Super Giants,Lucknow Super Giants,field,Lucknow Super Giants,won by 6 wickets,149,155,"PP Shaw, DA Warner, R Powell, RR Pant, SN Khan, Lalit Yadav, AR Patel, SN Thakur, Kuldeep Yadav, Mustafizur Rahman, A Nortje","KL Rahul, Q de Kock, E Lewis, DJ Hooda, KH Pandya, A Badoni, K Gowtham, JO Holder, Avesh Khan, AJ Tye, Ravi Bishnoi",0,0,0,0,1,2,161.4,164.6,179.33,176.0,0.507,0.378,1.0,0.0,146.95,0.571,0.5,1.0
1304062,2022-04-08,"Brabourne Stadium, Mumbai",Punjab Kings,Gujarat Titans,Gujarat Titans,field,Gujarat Titans,won by 6 wickets,189,190,"MA Agarwal, S Dhawan, JM Bairstow, LS Livingstone, JM Sharma, OF Smith, M Shahrukh Khan, K Rabada, RD Chahar, VG Arora, Arshdeep Singh","MS Wade, Shubman Gill, B Sai Sudharsan, HH Pandya, DA Miller, R Tewatia, A Manohar, Rashid Khan, DG Nalkande, Mohammed Shami, LH Ferguson",0,0,0,0,3,2,164.4,154.0,166.0,157.5,0.524,0.214,1.0,0.0,175.89,0.625,0.5,0.0
1304064,2022-04-09,"Maharashtra Cricket Association Stadium, Pune",Mumbai Indians,Royal Challengers Bengaluru,Royal Challengers Bengaluru,field,Royal Challengers Bengaluru,won by 7 wickets,151,152,"Ishan Kishan, RG Sharma, D Brevis, SA Yadav, Tilak Varma, KA Pollard, Ramandeep Singh, JD Unadkat, M Ashwin, JJ Bumrah, Basil Thampi","F du Plessis, Anuj Rawat, V Kohli, KD Karthik, GJ Maxwell, DJ Willey, Shahbaz Ahmed, PWH de Silva, HV Patel, Mohammed Siraj, Akash Deep",17,11,1,2,2,3,167.4,163.4,162.8,161.6,0.594,0.549,0.521,0.464,160.34,0.609,0.5,0.5
1304063,2022-04-09,"Dr DY Patil Sports Academy, Mumbai",Chennai Super Kings,Sunrisers Hyderabad,Sunrisers Hyderabad,field,Sunrisers Hyderabad,won by 8 wickets,154,155,"RV Uthappa, RD Gaikwad, MM Ali, AT Rayudu, S Dube, RA Jadeja, MS Dhoni, DJ Bravo, CJ Jordan, M Theekshana, Mukesh Choudhary","Abhishek Sharma, KS Williamson, RA Tripathi, N Pooran, AK Markram, Shashank Singh, Washington Sundar, B Kumar, M Jansen, Umran Malik, T Natarajan",12,4,3,0,2,1,166.4,172.2,151.0,174.0,0.667,0.623,0.487,0.37,147.18,0.6,0.75,0.0
1304065,2022-04-10,"Brabourne Stadium, Mumbai",Delhi Capitals,Kolkata Knight Riders,Kolkata Knight Riders,field,Delhi Capitals,won by 44 runs,215,171,"PP Shaw, DA Warner, RR Pant, Lalit Yadav, R Powell, AR Patel, SN Thakur, SN Khan, Kuldeep Yadav, Mustafizur Rahman, KK Ahmed","AM Rahane, VR Iyer, SS Iyer, N Rana, AD Russell, SW Billings, PJ Cummins, SP Narine, UT Yadav, Rasikh Salam, CV Varun",11,16,1,2,1,3,158.4,162.4,145.8,150.6,0.507,0.378,0.608,0.486,176.8,0.667,0.333,0.0
1304066,2022-04-10,"Wankhede Stadium, Mumbai",Rajasthan Royals,Lucknow Super Giants,Lucknow Super Giants,field,Rajasthan Royals,won by 3 runs,165,162,"JC Buttler, D Padikkal, SV Samson, HE van der Dussen, SO Hetmyer, R Ashwin, R Parag, TA Boult, YS Chahal, KR Sen, M Prasidh Krishna","KL Rahul, Q de Kock, K Gowtham, JO Holder, DJ Hooda, A Badoni, KH Pandya, MP Stoinis, PVD Chameera, Avesh Khan, Ravi Bishnoi",0,0,0,0,2,3,149.4,151.4,173.25,169.25,0.542,0.4,1.0,0.0,160.94,0.562,0.429,0.0
1304067,2022-04-11,"Dr DY Patil Sports Academy, Mumbai",Gujarat Titans,Sunrisers Hyderabad,Sunrisers Hyderabad,field,Sunrisers Hyderabad,won by 8 wickets,162,168,"MS Wade, Shubman Gill, B Sai Sudharsan, HH Pandya, DA Miller, A Manohar, R Tewatia, Rashid Khan, DG Nalkande, Mohammed Shami, LH Ferguson","Abhishek Sharma, KS Williamson, RA Tripathi, N Pooran, AK Markram, Shashank Singh, Washington Sundar, M Jansen, B Kumar, T Natarajan, Umran Malik",0,0,0,0,3,2,174.0,168.0,159.0,181.0,1.0,0.0,0.5,0.37,147.5,0.625,0.0,0.5
1304068,2022-04-12,"Dr DY Patil Sports Academy, Mumbai",Chennai Super Kings,Royal Challengers Bengaluru,Royal Challengers Bengaluru,field,Chennai Super Kings,won by 23 runs,216,193,"RD Gaikwad, RV Uthappa, MM Ali, S Dube, RA Jadeja, MS Dhoni, AT Rayudu, DJ Bravo, CJ Jordan, M Theekshana, Mukesh Choudhary","F du Plessis, Anuj Rawat, V Kohli, GJ Maxwell, Shahbaz Ahmed, SS Prabhudessai, KD Karthik, PWH de Silva, Akash Deep, Mohammed Siraj, JR Hazlewood",18,9,3,0,1,3,162.6,168.8,160.0,159.0,0.667,0.623,0.528,0.464,148.23,0.647,0.6,0.5
1304069,2022-04-13,"Maharashtra Cricket Association Stadium, Pune",Punjab Kings,Mumbai Indians,Mumbai Indians,field,Punjab Kings,won by 12 runs,198,186,"MA Agarwal, S Dhawan, JM Bairstow, LS Livingstone, JM Sharma, M Shahrukh Khan, OF Smith, K Rabada, RD Chahar, VG Arora, Arshdeep Singh","RG Sharma, Ishan Kishan, D Brevis, Tilak Varma, SA Yadav, KA Pollard, JD Unadkat, M Ashwin, JJ Bumrah, TS Mills, Basil Thampi",12,15,1,1,3,1,170.6,159.2,178.8,175.8,0.524,0.214,0.594,0.549,160.0,0.625,0.0,0.4
1304070,2022-04-14,"Dr DY Patil Sports Academy, Mumbai",Gujarat Titans,Rajasthan Royals,Rajasthan Royals,field,Gujarat Titans,won by 37 runs,192,155,"MS Wade, Shubman Gill, V Shankar, HH Pandya, A Manohar, DA Miller, R Tewatia, Rashid Khan, Mohammed Shami, LH Ferguson, Yash Dayal","JC Buttler, D Padikkal, R Ashwin, SV Samson, HE van der Dussen, SO Hetmyer, R Parag, JDS Neesham, M Prasidh Krishna, YS Chahal, KR Sen",0,0,0,0,3,3,171.0,168.0,164.4,165.0,1.0,0.0,0.542,0.4,150.48,0.611,0.0,0.667
1304071,2022-04-15,"Brabourne Stadium, Mumbai",Kolkata Knight Riders,Sunrisers Hyderabad,Sunrisers Hyderabad,field,Sunrisers Hyderabad,won by 7 wickets,175,176,"VR Iyer, AJ Finch, SS Iyer, SP Narine, N Rana, SP Jackson, AD Russell, PJ Cummins, Aman Hakim Khan, UT Yadav, CV Varun","Abhishek Sharma, KS Williamson, RA Tripathi, AK Markram, N Pooran, Shashank Singh, J Suchith, M Jansen, B Kumar, T Natarajan, Umran Malik",13,7,2,0,3,2,147.0,155.2,164.4,186.0,0.6,0.486,0.512,0.37,177.81,0.6,0.0,1.0
1304072,2022-04-16,"Brabourne Stadium, Mumbai",Lucknow Super Giants,Mumbai Indians,Mumbai Indians,field,Lucknow Super Giants,won by 18 runs,199,181,"KL Rahul, Q de Kock, MK Pandey, MP Stoinis, DJ Hooda, KH Pandya, A Badoni, JO Holder, PVD Chameera, Avesh Khan, Ravi Bishnoi","Ishan Kishan, RG Sharma, D Brevis, SA Yadav, Tilak Varma, KA Pollard, FA Allen, JD Unadkat, M Ashwin, JJ Bumrah, TS Mills",0,0,0,0,3,0,171.0,168.4,169.0,176.8,0.667,0.0,0.585,0.549,177.68,0.636,1.0,0.667
1304073,2022-04-16,"Wankhede Stadium, Mumbai",Royal Challengers Bengaluru,Delhi Capitals,Delhi Capitals,field,Royal Challengers Bengaluru,won by 16 runs,189,173,"F du Plessis, Anuj Rawat, V Kohli, GJ Maxwell, SS Prabhudessai, Shahbaz Ahmed, KD Karthik, PWH de Silva, Mohammed Siraj, HV Patel, JR Hazlewood","PP Shaw, DA Warner, MR Marsh, RR Pant, R Powell, Lalit Yadav, SN Thakur, AR Patel, Kuldeep Yadav, Mustafizur Rahman, KK Ahmed",15,10,2,1,3,2,171.0,174.4,167.0,162.0,0.521,0.464,0.507,0.378,160.97,0.554,0.385,0.417
1304075,2022-04-17,"Maharashtra Cricket Association Stadium, Pune",Chennai Super Kings,Gujarat Titans,Gujarat Titans,field,Gujarat Titans,won by 3 wickets,169,170,"RD Gaikwad, RV Uthappa, MM Ali, AT Rayudu, S Dube, RA Jadeja, MS Dhoni, DJ Bravo, CJ Jordan, M Theekshana, Mukesh Choudhary","WP Saha, Shubman Gill, V Shankar, A Manohar, DA Miller, R Tewatia, Rashid Khan, AS Joseph, LH Ferguson, Mohammed Shami, Yash Dayal",0,0,0,0,1,4,167.4,174.4,175.2,165.4,0.667,0.623,1.0,0.0,161.19,0.6,0.833,1.0
1304074,2022-04-17,"Dr DY Patil Sports Academy, Mumbai",Punjab Kings,Sunrisers Hyderabad,Sunrisers Hyderabad,field,Sunrisers Hyderabad,won by 7 wickets,151,152,"S Dhawan, P Simran Singh, JM Bairstow, LS Livingstone, JM Sharma, M Shahrukh Khan, OF Smith, K Rabada, RD Chahar, VG Arora, Arshdeep Singh","Abhishek Sharma, KS Williamson, RA Tripathi, AK Markram, N Pooran, Shashank Singh, J Suchith, B Kumar, M Jansen, T Natarajan, Umran Malik",6,12,2,1,3,3,182.4,169.6,161.0,174.0,0.524,0.214,0.524,0.37,151.37,0.579,0.5,0.667
1304076,2022-04-18,"Brabourne Stadium, Mumbai",Rajasthan Royals,Kolkata Knight Riders,Kolkata Knight Riders,field,Rajasthan Royals,won by 7 runs,217,210,"JC Buttler, D Padikkal, SV Samson, SO Hetmyer, R Parag, KK Nair, R Ashwin, TA Boult, OC McCoy, M Prasidh Krishna, YS Chahal","AJ Finch, SP Narine, SS Iyer, N Rana, AD Russell, VR Iyer, SP Jackson, Shivam Mavi, PJ Cummins, UT Yadav, CV Varun",9,13,1,2,3,2,178.4,169.2,155.4,164.2,0.533,0.4,0.6,0.486,178.36,0.583,0.5,0.0
1304077,2022-04-19,"Dr DY Patil Sports Academy, Mumbai",Royal Challengers Bengaluru,Lucknow Super Giants,Lucknow Super Giants,field,Royal Challengers Bengaluru,won by 18 runs,181,163,"Anuj Rawat, F du Plessis, V Kohli, GJ Maxwell, SS Prabhudessai, Shahbaz Ahmed, KD Karthik, HV Patel, PWH de Silva, JR Hazlewood, Mohammed Siraj","Q de Kock, KL Rahul, MK Pandey, KH Pandya, DJ Hooda, A Badoni, MP Stoinis, JO Holder, PVD Chameera, Ravi Bishnoi, Avesh Khan",0,0,0,0,4,4,167.8,167.4,179.2,172.4,0.521,0.464,0.667,0.0,151.37,0.6,0.4,1.0
1304078,2022-04-20,"Brabourne Stadium, Mumbai",Punjab Kings,Delhi Capitals,Delhi Capitals,field,Delhi Capitals,won by 9 wickets,115,119,"MA Agarwal, S Dhawan, JM Bairstow, LS Livingstone, JM Sharma, M Shahrukh Khan, K Rabada, NT Ellis, RD Chahar, Arshdeep Singh, VG Arora","PP Shaw, DA Warner, SN Khan, RR Pant, R Powell, Lalit Yadav, SN Thakur, AR Patel, Kuldeep Yadav, Mustafizur Rahman, KK Ahmed",15,12,1,2,2,2,171.0,159.0,174.6,172.6,0.524,0.214,0.5,0.378,180.21,0.538,0.333,0.5
1304079,2022-04-21,"Dr DY Patil Sports Academy, Mumbai",Mumbai Indians,Chennai Super Kings,Chennai Super Kings,field,Chennai Super Kings,won by 3 wickets,155,156,"RG Sharma, Ishan Kishan, D Brevis, SA Yadav, Tilak Varma, HR Shokeen, KA Pollard, DR Sams, JD Unadkat, RP Meredith, JJ Bumrah","RD Gaikwad, RV Uthappa, MJ Santner, AT Rayudu, S Dube, RA Jadeja, MS Dhoni, D Pretorius, DJ Bravo, Mukesh Choudhary, M Theekshana",19,13,2,1,0,1,169.8,180.8,175.0,181.8,0.576,0.549,0.667,0.623,152.11,0.571,0.625,0.667
1304080,2022-04-22,"Wankhede Stadium, Mumbai",Rajasthan Royals,Delhi Capitals,Delhi Capitals,field,Rajasthan Royals,won by 15 runs,222,207,"JC Buttler, D Padikkal, SV Samson, SO Hetmyer, R Parag, KK Nair, R Ashwin, TA Boult, OC McCoy, M Prasidh Krishna, YS Chahal","PP Shaw, DA Warner, SN Khan, RR Pant, Lalit Yadav, AR Patel, SN Thakur, R Powell, Kuldeep Yadav, Mustafizur Rahman, KK Ahmed",12,12,1,2,3,2,179.8,181.4,162.6,160.2,0.533,0.4,0.507,0.378,161.19,0.545,0.467,0.385
1304081,2022-04-23,"Dr DY Patil Sports Academy, Mumbai",Gujarat Titans,Kolkata Knight Riders,Gujarat Titans,bat,Gujarat Titans,won by 8 runs,156,148,"WP Saha, Shubman Gill, HH Pandya, DA Miller, R Tewatia, Rashid Khan, A Manohar, LH Ferguson, AS Joseph, Yash Dayal, Mohammed Shami","SW Billings, SP Narine, SS Iyer, N Rana, RK Singh, VR Iyer, AD Russell, Shivam Mavi, UT Yadav, TG Southee, CV Varun",0,0,0,0,4,2,177.0,167.6,171.8,181.2,1.0,0.0,0.592,0.486,152.22,0.591,0.5,0.667
1304082,2022-04-23,"Brabourne Stadium, Mumbai",Royal Challengers Bengaluru,Sunrisers Hyderabad,Sunrisers Hyderabad,field,Sunrisers Hyderabad,won by 9 wickets,68,72,"F du Plessis, Anuj Rawat, V Kohli, GJ Maxwell, SS Prabhudessai, Shahbaz Ahmed, KD Karthik, HV Patel, PWH de Silva, JR Hazlewood, Mohammed Siraj","Abhishek Sharma, KS Williamson, RA Tripathi, AK Markram, N Pooran, Shashank Singh, J Suchith, B Kumar, M Jansen, T Natarajan, Umran Malik",8,10,1,2,4,4,177.6,174.4,161.6,162.2,0.521,0.464,0.535,0.37,177.05,0.571,1.0,1.0
1304083,2022-04-24,"Wankhede Stadium, Mumbai",Lucknow Super Giants,Mumbai Indians,Mumbai Indians,field,Lucknow Super Giants,won by 36 runs,168,132,"Q de Kock, KL Rahul, MK Pandey, MP Stoinis, KH Pandya, DJ Hooda, A Badoni, JO Holder, PVD Chameera, Ravi Bishnoi, Mohsin Khan","Ishan Kishan, RG Sharma, D Brevis, SA Yadav, Tilak Varma, KA Pollard, DR Sams, JD Unadkat, HR Shokeen, JJ Bumrah, RP Meredith",1,0,1,0,3,0,169.6,166.6,166.8,173.4,0.5,0.0,0.576,0.549,161.78,0.537,0.0,0.612
1304084,2022-04-25,"Wankhede Stadium, Mumbai",Punjab Kings,Chennai Super Kings,Chennai Super Kings,field,Punjab Kings,won by 11 runs,187,176,"MA Agarwal, S Dhawan, PBB Rajapaksa, LS Livingstone, JM Bairstow, JM Sharma, R Dhawan, K Rabada, RD Chahar, Arshdeep Singh, Sandeep Sharma","RD Gaikwad, RV Uthappa, MJ Santner, S Dube, AT Rayudu, RA Jadeja, MS Dhoni, D Pretorius, DJ Bravo, Mukesh Choudhary, M Theekshana",10,15,2,1,2,2,166.6,154.6,164.2,170.6,0.524,0.214,0.673,0.623,161.65,0.529,0.4,0.55
1304085,2022-04-26,"Maharashtra Cricket Association Stadium, Pune",Rajasthan Royals,Royal Challengers Bengaluru,Royal Challengers Bengaluru,field,Rajasthan Royals,won by 29 runs,144,115,"JC Buttler, D Padikkal, R Ashwin, SV Samson, DJ Mitchell, R Parag, SO Hetmyer, TA Boult, M Prasidh Krishna, YS Chahal, KR Sen","V Kohli, F du Plessis, RM Patidar, GJ Maxwell, Shahbaz Ahmed, SS Prabhudessai, KD Karthik, PWH de Silva, HV Patel, Mohammed Siraj, JR Hazlewood",10,13,0,3,3,3,185.6,188.8,156.6,155.0,0.533,0.4,0.521,0.464,161.48,0.615,0.5,0.6
1304086,2022-04-27,"Wankhede Stadium, Mumbai",Sunrisers Hyderabad,Gujarat Titans,Gujarat Titans,field,Gujarat Titans,won by 5 wickets,195,199,"Abhishek Sharma, KS Williamson, RA Tripathi, AK Markram, N Pooran, Washington Sundar, Shashank Singh, M Jansen, B Kumar, T Natarajan, Umran Malik","WP Saha, Shubman Gill, HH Pandya, DA Miller, R Tewatia, A Manohar, Rashid Khan, LH Ferguson, AS Joseph, Yash Dayal, Mohammed Shami",1,0,1,0,5,4,144.6,142.0,174.0,165.8,0.545,0.37,1.0,1.0,161.87,0.522,0.143,1.0
1304087,2022-04-28,"Wankhede Stadium, Mumbai",Kolkata Knight Riders,Delhi Capitals,Delhi Capitals,field,Delhi Capitals,won by 4 wickets,146,150,"AJ Finch, VR Iyer, SS Iyer, B Indrajith, SP Narine, N Rana, AD Russell, RK Singh, UT Yadav, TG Southee, Harshit Rana","PP Shaw, DA Warner, MR Marsh, Lalit Yadav, RR Pant, R Powell, AR Patel, SN Thakur, Kuldeep Yadav, Mustafizur Rahman, C Sakariya",16,12,2,1,1,2,173.2,185.0,172.6,170.4,0.592,0.486,0.5,0.378,162.25,0.529,0.231,0.357
1304088,2022-04-29,"Maharashtra Cricket Association Stadium, Pune",Lucknow Super Giants,Punjab Kings,Punjab Kings,field,Lucknow Super Giants,won by 20 runs,153,133,"Q de Kock, KL Rahul, DJ Hooda, KH Pandya, MP Stoinis, A Badoni, JO Holder, PVD Chameera, Mohsin Khan, Avesh Khan, Ravi Bishnoi","MA Agarwal, S Dhawan, JM Bairstow, PBB Rajapaksa, LS Livingstone, JM Sharma, R Dhawan, K Rabada, RD Chahar, Arshdeep Singh, Sandeep Sharma",0,0,0,0,3,2,169.4,161.6,168.0,164.6,0.5,0.0,0.524,0.214,160.38,0.593,0.0,0.167
1304090,2022-04-30,"Dr DY Patil Sports Academy, Mumbai",Rajasthan Royals,Mumbai Indians,Mumbai Indians,field,Mumbai Indians,won by 5 wickets,158,161,"JC Buttler, D Padikkal, SV Samson, DJ Mitchell, SO Hetmyer, R Parag, R Ashwin, TA Boult, M Prasidh Krishna, YS Chahal, KR Sen","RG Sharma, Ishan Kishan, SA Yadav, Tilak Varma, KA Pollard, TH David, DR Sams, HR Shokeen, K Kartikeya, JJ Bumrah, RP Meredith",12,13,1,2,4,0,180.6,177.2,161.0,174.6,0.533,0.4,0.567,0.549,152.22,0.591,0.5,0.556
1304089,2022-04-30,"Brabourne Stadium, Mumbai",Royal Challengers Bengaluru,Gujarat Titans,Royal Challengers Bengaluru,bat,Gujarat Titans,won by 6 wickets,170,174,"V Kohli, F du Plessis, RM Patidar, GJ Maxwell, KD Karthik, Shahbaz Ahmed, MK Lomror, PWH de Silva, HV Patel, JR Hazlewood, Mohammed Siraj","WP Saha, Shubman Gill, B Sai Sudharsan, HH Pandya, DA Miller, R Tewatia, Rashid Khan, PJ Sangwan, AS Joseph, LH Ferguson, Mohammed Shami",0,0,0,0,2,4,149.2,153.6,175.8,167.0,0.514,0.464,1.0,1.0,171.95,0.6,0.5,1.0
1304091,2022-05-01,"Wankhede Stadium, Mumbai",Lucknow Super Giants,Delhi Capitals,Lucknow Super Giants,bat,Lucknow Super Giants,won by 6 runs,195,189,"Q de Kock, KL Rahul, DJ Hooda, MP Stoinis, KH Pandya, A Badoni, JO Holder, Mohsin Khan, K Gowtham, PVD Chameera, Ravi Bishnoi","PP Shaw, DA Warner, MR Marsh, RR Pant, Lalit Yadav, R Powell, AR Patel, SN Thakur, Kuldeep Yadav, Mustafizur Rahman, C Sakariya",1,0,1,0,3,3,169.0,158.4,172.8,168.6,0.5,0.0,0.506,0.378,162.1,0.535,0.333,0.4
1304092,2022-05-01,"Maharashtra Cricket Association Stadium, Pune",Chennai Super Kings,Sunrisers Hyderabad,Sunrisers Hyderabad,field,Chennai Super Kings,won by 13 runs,202,189,"RD Gaikwad, DP Conway, MS Dhoni, RA Jadeja, RV Uthappa, AT Rayudu, Simarjeet Singh, MJ Santner, D Pretorius, Mukesh Choudhary, M Theekshana","Abhishek Sharma, KS Williamson, RA Tripathi, AK Markram, N Pooran, Shashank Singh, Washington Sundar, M Jansen, B Kumar, T Natarajan, Umran Malik",12,5,2,1,2,4,174.2,172.0,152.6,151.0,0.66,0.623,0.545,0.37,159.8,0.571,0.714,0.25
1304093,2022-05-02,"Wankhede Stadium, Mumbai",Rajasthan Royals,Kolkata Knight Riders,Kolkata Knight Riders,field,Kolkata Knight Riders,won by 7 wickets,152,158,"JC Buttler, D Padikkal, SV Samson, KK Nair, R Parag, SO Hetmyer, R Ashwin, TA Boult, M Prasidh Krishna, YS Chahal, KR Sen","B Indrajith, AJ Finch, SS Iyer, N Rana, RK Singh, AS Roy, AD Russell, SP Narine, UT Yadav, TG Southee, Shivam Mavi",10,13,2,1,3,0,179.2,177.0,170.0,182.8,0.533,0.4,0.592,0.486,162.41,0.535,0.5,0.214
1304094,2022-05-03,"Dr DY Patil Sports Academy, Mumbai",Gujarat Titans,Punjab Kings,Gujarat Titans,bat,Punjab Kings,won by 8 wickets,143,145,"WP Saha, Shubman Gill, B Sai Sudharsan, HH Pandya, DA Miller, R Tewatia, Rashid Khan, PJ Sangwan, LH Ferguson, AS Joseph, Mohammed Shami","JM Bairstow, S Dhawan, PBB Rajapaksa, LS Livingstone, MA Agarwal, JM Sharma, R Dhawan, K Rabada, RD Chahar, Arshdeep Singh, Sandeep Sharma",1,0,1,0,5,2,178.2,167.4,156.8,157.2,1.0,1.0,0.516,0.214,152.45,0.609,0.667,0.333
1304095,2022-05-04,"Maharashtra Cricket Association Stadium, Pune",Royal Challengers Bengaluru,Chennai Super Kings,Chennai Super Kings,field,Royal Challengers Bengaluru,won by 13 runs,173,160,"V Kohli, F du Plessis, GJ Maxwell, MK Lomror, RM Patidar, KD Karthik, PWH de Silva, Shahbaz Ahmed, HV Patel, Mohammed Siraj, JR Hazlewood","RD Gaikwad, DP Conway, RV Uthappa, AT Rayudu, MM Ali, RA Jadeja, MS Dhoni, D Pretorius, Simarjeet Singh, M Theekshana, Mukesh Choudhary",9,19,0,3,2,3,144.6,145.2,183.8,178.8,0.514,0.448,0.66,0.623,160.95,0.552,0.5,0.75
1304096,2022-05-05,"Brabourne Stadium, Mumbai",Delhi Capitals,Sunrisers Hyderabad,Sunrisers Hyderabad,field,Delhi Capitals,won by 21 runs,207,186,"Mandeep Singh, DA Warner, MR Marsh, RR Pant, R Powell, Lalit Yadav, RV Patel, SN Thakur, Kuldeep Yadav, A Nortje, KK Ahmed","Abhishek Sharma, KS Williamson, RA Tripathi, AK Markram, N Pooran, Shashank Singh, SA Abbott, S Gopal, Kartik Tyagi, B Kumar, Umran Malik",8,11,2,0,2,3,167.6,173.4,156.8,159.0,0.506,0.378,0.533,0.37,171.95,0.6,0.6,1.0
1304097,2022-05-06,"Brabourne Stadium, Mumbai",Mumbai Indians,Gujarat Titans,Gujarat Titans,field,Mumbai Indians,won by 5 runs,177,172,"Ishan Kishan, RG Sharma, SA Yadav, Tilak Varma, KA Pollard, TH David, DR Sams, M Ashwin, K Kartikeya, JJ Bumrah, RP Meredith","WP Saha, Shubman Gill, HH Pandya, B Sai Sudharsan, DA Miller, R Tewatia, Rashid Khan, PJ Sangwan, LH Ferguson, AS Joseph, Mohammed Shami",0,0,0,0,1,4,163.0,175.8,168.4,165.4,0.574,0.549,1.0,0.5,173.02,0.562,0.6,1.0
1304099,2022-05-07,"Maharashtra Cricket Association Stadium, Pune",Lucknow Super Giants,Kolkata Knight Riders,Kolkata Knight Riders,field,Lucknow Super Giants,won by 75 runs,176,101,"Q de Kock, KL Rahul, DJ Hooda, KH Pandya, A Badoni, MP Stoinis, JO Holder, PVD Chameera, Avesh Khan, Mohsin Khan, Ravi Bishnoi","B Indrajith, AJ Finch, SS Iyer, N Rana, RK Singh, AD Russell, SP Narine, AS Roy, Shivam Mavi, TG Southee, Harshit Rana",0,0,0,0,4,1,175.6,163.2,167.4,170.2,0.5,1.0,0.597,0.486,161.12,0.533,1.0,1.0
1304098,2022-05-07,"Wankhede Stadium, Mumbai",Punjab Kings,Rajasthan Royals,Punjab Kings,bat,Rajasthan Royals,won by 6 wickets,189,190,"JM Bairstow, S Dhawan, PBB Rajapaksa, MA Agarwal, JM Sharma, LS Livingstone, R Dhawan, K Rabada, RD Chahar, Arshdeep Singh, Sandeep Sharma","YBK Jaiswal, JC Buttler, SV Samson, D Padikkal, SO Hetmyer, R Parag, R Ashwin, TA Boult, M Prasidh Krishna, YS Chahal, KR Sen",9,13,1,2,2,3,146.2,148.6,178.6,170.2,0.516,0.214,0.533,0.4,162.33,0.542,0.438,0.471
1304101,2022-05-08,"Dr DY Patil Sports Academy, Mumbai",Chennai Super Kings,Delhi Capitals,Delhi Capitals,field,Chennai Super Kings,won by 91 runs,208,117,"RD Gaikwad, DP Conway, S Dube, AT Rayudu, MS Dhoni, MM Ali, RV Uthappa, DJ Bravo, Simarjeet Singh, M Theekshana, Mukesh Choudhary","DA Warner, KS Bharat, MR Marsh, RR Pant, R Powell, RV Patel, AR Patel, SN Thakur, Kuldeep Yadav, A Nortje, KK Ahmed",16,10,1,2,2,3,172.6,174.8,174.4,172.8,0.648,0.623,0.506,0.378,152.19,0.609,0.714,0.333
1304100,2022-05-08,"Wankhede Stadium, Mumbai",Royal Challengers Bengaluru,Sunrisers Hyderabad,Royal Challengers Bengaluru,bat,Royal Challengers Bengaluru,won by 67 runs,192,125,"V Kohli, F du Plessis, RM Patidar, GJ Maxwell, KD Karthik, MK Lomror, Shahbaz Ahmed, PWH de Silva, HV Patel, JR Hazlewood, Mohammed Siraj","Abhishek Sharma, KS Williamson, RA Tripathi, AK Markram, N Pooran, J Suchith, Shashank Singh, Kartik Tyagi, B Kumar, Umran Malik, Fazalhaq Farooqi",8,11,1,2,2,2,141.4,142.6,158.8,165.4,0.514,0.448,0.522,0.37,162.61,0.542,0.429,0.125
1304102,2022-05-09,"Dr DY Patil Sports Academy, Mumbai",Kolkata Knight Riders,Mumbai Indians,Mumbai Indians,field,Kolkata Knight Riders,won by 52 runs,165,113,"VR Iyer, AM Rahane, N Rana, SS Iyer, AD Russell, RK Singh, SP Jackson, PJ Cummins, SP Narine, TG Southee, CV Varun","RG Sharma, Ishan Kishan, Tilak Varma, Ramandeep Singh, TH David, KA Pollard, DR Sams, M Ashwin, K Kartikeya, JJ Bumrah, RP Meredith",8,22,2,1,1,2,152.6,170.2,161.2,170.6,0.59,0.486,0.574,0.549,152.5,0.583,0.5,0.6
1304103,2022-05-10,"Maharashtra Cricket Association Stadium, Pune",Gujarat Titans,Lucknow Super Giants,Gujarat Titans,bat,Gujarat Titans,won by 62 runs,144,82,"WP Saha, Shubman Gill, MS Wade, HH Pandya, DA Miller, R Tewatia, Rashid Khan, R Sai Kishore, AS Joseph, Yash Dayal, Mohammed Shami","Q de Kock, KL Rahul, DJ Hooda, KS Sharma, KH Pandya, A Badoni, MP Stoinis, JO Holder, Mohsin Khan, PVD Chameera, Avesh Khan",1,0,1,0,3,4,168.8,167.0,171.0,147.2,0.8,0.5,0.5,1.0,160.44,0.516,1.0,1.0
1304104,2022-05-11,"Dr DY Patil Sports Academy, Mumbai",Rajasthan Royals,Delhi Capitals,Delhi Capitals,field,Delhi Capitals,won by 8 wickets,160,161,"YBK Jaiswal, JC Buttler, R Ashwin, D Padikkal, SV Samson, R Parag, HE van der Dussen, TA Boult, M Prasidh Krishna, YS Chahal, KR Sen","KS Bharat, DA Warner, MR Marsh, RR Pant, R Powell, Lalit Yadav, AR Patel, SN Thakur, Kuldeep Yadav, A Nortje, C Sakariya",13,12,2,1,3,2,173.2,166.0,174.0,191.4,0.533,0.4,0.5,0.378,152.1,0.56,0.4,0.25
1304105,2022-05-12,"Wankhede Stadium, Mumbai",Chennai Super Kings,Mumbai Indians,Mumbai Indians,field,Mumbai Indians,won by 5 wickets,97,103,"RD Gaikwad, DP Conway, MM Ali, RV Uthappa, AT Rayudu, MS Dhoni, S Dube, DJ Bravo, Simarjeet Singh, M Theekshana, Mukesh Choudhary","Ishan Kishan, RG Sharma, DR Sams, Tilak Varma, T Stubbs, HR Shokeen, TH David, Ramandeep Singh, JJ Bumrah, RP Meredith, K Kartikeya",14,19,2,1,3,2,180.4,164.2,147.6,163.8,0.648,0.623,0.565,0.549,162.57,0.542,0.524,0.603
1304106,2022-05-13,"Brabourne Stadium, Mumbai",Punjab Kings,Royal Challengers Bengaluru,Royal Challengers Bengaluru,field,Punjab Kings,won by 54 runs,209,155,"JM Bairstow, S Dhawan, PBB Rajapaksa, LS Livingstone, MA Agarwal, JM Sharma, Harpreet Brar, R Dhawan, RD Chahar, K Rabada, Arshdeep Singh","V Kohli, F du Plessis, RM Patidar, MK Lomror, GJ Maxwell, KD Karthik, Shahbaz Ahmed, HV Patel, PWH de Silva, Mohammed Siraj, JR Hazlewood",16,13,2,1,2,2,153.8,156.2,143.6,135.0,0.516,0.207,0.514,0.467,173.08,0.529,0.25,0.333
1304107,2022-05-14,"Maharashtra Cricket Association Stadium, Pune",Kolkata Knight Riders,Sunrisers Hyderabad,Kolkata Knight Riders,bat,Kolkata Knight Riders,won by 54 runs,177,123,"VR Iyer, AM Rahane, N Rana, SS Iyer, SW Billings, RK Singh, AD Russell, SP Narine, UT Yadav, TG Southee, CV Varun","Abhishek Sharma, KS Williamson, RA Tripathi, AK Markram, N Pooran, Washington Sundar, Shashank Singh, M Jansen, B Kumar, Umran Malik, T Natarajan",13,8,2,1,2,1,143.6,149.4,153.4,173.6,0.59,0.486,0.522,0.37,159.04,0.516,0.8,0.2
1304108,2022-05-15,"Wankhede Stadium, Mumbai",Chennai Super Kings,Gujarat Titans,Chennai Super Kings,bat,Gujarat Titans,won by 7 wickets,133,137,"RD Gaikwad, DP Conway, MM Ali, N Jagadeesan, S Dube, MS Dhoni, MJ Santner, PH Solanki, Simarjeet Singh, M Pathirana, Mukesh Choudhary","WP Saha, Shubman Gill, MS Wade, HH Pandya, DA Miller, R Tewatia, Rashid Khan, R Sai Kishore, AS Joseph, Yash Dayal, Mohammed Shami",0,1,0,1,2,3,168.6,153.8,166.4,153.8,0.648,0.623,0.8,0.667,161.94,0.548,0.5,1.0
1304109,2022-05-15,"Brabourne Stadium, Mumbai",Rajasthan Royals,Lucknow Super Giants,Rajasthan Royals,bat,Rajasthan Royals,won by 24 runs,178,154,"YBK Jaiswal, JC Buttler, SV Samson, D Padikkal, R Parag, JDS Neesham, R Ashwin, TA Boult, M Prasidh Krishna, YS Chahal, OC McCoy","Q de Kock, KL Rahul, A Badoni, DJ Hooda, KH Pandya, MP Stoinis, JO Holder, PVD Chameera, Mohsin Khan, Avesh Khan, Ravi Bishnoi",1,0,1,0,2,4,160.8,156.8,154.8,139.8,0.533,0.4,0.5,1.0,173.44,0.5,0.6,1.0
1304110,2022-05-16,"Dr DY Patil Sports Academy, Mumbai",Delhi Capitals,Punjab Kings,Punjab Kings,field,Delhi Capitals,won by 17 runs,159,142,"DA Warner, SN Khan, MR Marsh, Lalit Yadav, RR Pant, R Powell, AR Patel, SN Thakur, Kuldeep Yadav, A Nortje, KK Ahmed","JM Bairstow, S Dhawan, PBB Rajapaksa, LS Livingstone, MA Agarwal, JM Sharma, Harpreet Brar, R Dhawan, RD Chahar, K Rabada, Arshdeep Singh",13,15,3,0,3,3,164.8,179.0,172.6,163.4,0.506,0.378,0.516,0.207,152.34,0.577,0.4,0.5
1304111,2022-05-17,"Wankhede Stadium, Mumbai",Sunrisers Hyderabad,Mumbai Indians,Mumbai Indians,field,Sunrisers Hyderabad,won by 3 runs,193,190,"Abhishek Sharma, PK Garg, RA Tripathi, N Pooran, AK Markram, KS Williamson, Washington Sundar, B Kumar, Umran Malik, T Natarajan, Fazalhaq Farooqi","RG Sharma, Ishan Kishan, DR Sams, Tilak Varma, TH David, T Stubbs, Ramandeep Singh, R Sanjay Yadav, JJ Bumrah, M Markande, RP Meredith",8,9,1,2,0,3,163.6,195.4,137.2,152.0,0.522,0.37,0.571,0.549,161.67,0.548,0.111,0.609
1304112,2022-05-18,"Dr DY Patil Sports Academy, Mumbai",Lucknow Super Giants,Kolkata Knight Riders,Lucknow Super Giants,bat,Lucknow Super Giants,won by 2 runs,210,208,"Q de Kock, KL Rahul, E Lewis, DJ Hooda, M Vohra, MP Stoinis, JO Holder, K Gowtham, Mohsin Khan, Avesh Khan, Ravi Bishnoi","VR Iyer, A Tomar, N Rana, SS Iyer, SW Billings, AD Russell, RK Singh, SP Narine, UT Yadav, TG Southee, CV Varun",1,0,1,0,3,3,152.0,149.0,149.4,142.8,0.5,1.0,0.59,0.5,152.29,0.556,0.667,0.6
1304113,2022-05-19,"Wankhede Stadium, Mumbai",Gujarat Titans,Royal Challengers Bengaluru,Gujarat Titans,bat,Royal Challengers Bengaluru,won by 8 wickets,168,170,"WP Saha, Shubman Gill, MS Wade, HH Pandya, DA Miller, R Tewatia, Rashid Khan, R Sai Kishore, LH Ferguson, Yash Dayal, Mohammed Shami","V Kohli, F du Plessis, GJ Maxwell, KD Karthik, RM Patidar, MK Lomror, Shahbaz Ahmed, HV Patel, PWH de Silva, JR Hazlewood, S Kaul",1,0,1,0,3,2,154.0,141.4,161.0,162.4,0.8,0.667,0.507,0.467,161.97,0.541,1.0,0.467
1304114,2022-05-20,"Brabourne Stadium, Mumbai",Chennai Super Kings,Rajasthan Royals,Chennai Super Kings,bat,Rajasthan Royals,won by 5 wickets,150,151,"RD Gaikwad, DP Conway, MM Ali, N Jagadeesan, AT Rayudu, MS Dhoni, MJ Santner, Simarjeet Singh, Mukesh Choudhary, PH Solanki, M Pathirana","YBK Jaiswal, JC Buttler, SV Samson, D Padikkal, R Ashwin, SO Hetmyer, R Parag, TA Boult, YS Chahal, M Prasidh Krishna, OC McCoy",15,10,1,2,2,2,160.0,143.8,167.6,164.6,0.648,0.611,0.533,0.417,173.15,0.5,0.25,0.667
1304115,2022-05-21,"Wankhede Stadium, Mumbai",Delhi Capitals,Mumbai Indians,Mumbai Indians,field,Mumbai Indians,won by 5 wickets,159,160,"PP Shaw, DA Warner, MR Marsh, RR Pant, SN Khan, R Powell, AR Patel, SN Thakur, Kuldeep Yadav, A Nortje, KK Ahmed","Ishan Kishan, RG Sharma, D Brevis, Tilak Varma, TH David, Ramandeep Singh, DR Sams, HR Shokeen, JJ Bumrah, M Markande, RP Meredith",15,16,3,0,3,3,166.6,178.2,148.8,157.0,0.506,0.378,0.563,0.549,162.03,0.541,0.375,0.6
1304116,2022-05-22,"Wankhede Stadium, Mumbai",Sunrisers Hyderabad,Punjab Kings,Sunrisers Hyderabad,bat,Punjab Kings,won by 5 wickets,157,160,"PK Garg, Abhishek Sharma, RA Tripathi, AK Markram, N Pooran, Washington Sundar, R Shepherd, J Suchith, B Kumar, Umran Malik, Fazalhaq Farooqi","JM Bairstow, S Dhawan, M Shahrukh Khan, MA Agarwal, LS Livingstone, JM Sharma, PN Mankad, Harpreet Brar, K Rabada, NT Ellis, Arshdeep Singh",13,6,2,1,1,2,163.2,193.6,163.6,160.0,0.522,0.37,0.508,0.207,162.01,0.547,0.2,0.412
1312197,2022-05-24,"Eden Gardens, Kolkata",Rajasthan Royals,Gujarat Titans,Gujarat Titans,field,Gujarat Titans,won by 7 wickets,188,191,"YBK Jaiswal, JC Buttler, SV Samson, D Padikkal, SO Hetmyer, R Parag, R Ashwin, TA Boult, YS Chahal, M Prasidh Krishna, OC McCoy","WP Saha, Shubman Gill, MS Wade, HH Pandya, DA Miller, R Tewatia, Rashid Khan, R Sai Kishore, AS Joseph, Yash Dayal, Mohammed Shami",0,1,0,1,3,2,166.2,162.4,152.8,141.4,0.533,0.417,0.8,0.5,153.62,0.633,0.222,0.0
1312198,2022-05-25,"Eden Gardens, Kolkata",Royal Challengers Bengaluru,Lucknow Super Giants,Lucknow Super Giants,field,Royal Challengers Bengaluru,won by 14 runs,207,193,"V Kohli, F du Plessis, RM Patidar, GJ Maxwell, MK Lomror, KD Karthik, Shahbaz Ahmed, HV Patel, PWH de Silva, JR Hazlewood, Mohammed Siraj","Q de Kock, KL Rahul, M Vohra, DJ Hooda, MP Stoinis, E Lewis, KH Pandya, PVD Chameera, Mohsin Khan, Avesh Khan, Ravi Bishnoi",1,0,1,0,3,3,172.0,167.2,163.4,164.0,0.507,0.467,0.5,1.0,154.08,0.64,0.4,0.0
1312199,2022-05-27,"Narendra Modi Stadium, Ahmedabad",Royal Challengers Bengaluru,Rajasthan Royals,Rajasthan Royals,field,Rajasthan Royals,won by 7 wickets,157,161,"V Kohli, F du Plessis, RM Patidar, GJ Maxwell, MK Lomror, KD Karthik, Shahbaz Ahmed, PWH de Silva, HV Patel, JR Hazlewood, Mohammed Siraj","YBK Jaiswal, JC Buttler, SV Samson, D Padikkal, SO Hetmyer, R Parag, R Ashwin, TA Boult, YS Chahal, M Prasidh Krishna, OC McCoy",13,11,2,1,4,3,179.4,171.0,173.4,169.0,0.507,0.467,0.533,0.417,155.7,0.6,0.5,0.0
1312200,2022-05-29,"Narendra Modi Stadium, Ahmedabad",Rajasthan Royals,Gujarat Titans,Rajasthan Royals,bat,Gujarat Titans,won by 7 wickets,130,133,"YBK Jaiswal, JC Buttler, SV Samson, D Padikkal, SO Hetmyer, R Ashwin, R Parag, TA Boult, OC McCoy, M Prasidh Krishna, YS Chahal","WP Saha, Shubman Gill, MS Wade, HH Pandya, DA Miller, R Tewatia, Rashid Khan, R Sai Kishore, LH Ferguson, Yash Dayal, Mohammed Shami",0,2,0,2,3,3,167.6,162.6,162.4,150.0,0.541,0.417,0.833,0.5,156.25,0.667,1.0,0.0
1359475,2023-03-31,"Narendra Modi Stadium, Ahmedabad",Chennai Super Kings,Gujarat Titans,Gujarat Titans,field,Gujarat Titans,won by 5 wickets,178,182,"TU Deshpande, DP Conway, RD Gaikwad, MM Ali, BA Stokes, AT Rayudu, S Dube, RA Jadeja, MS Dhoni, MJ Santner, DL Chahar, RS Hangargekar","KS Williamson, WP Saha, Shubman Gill, B Sai Sudharsan, HH Pandya, V Shankar, R Tewatia, Rashid Khan, Mohammed Shami, J Little, Yash Dayal, AS Joseph",0,2,0,2,1,4,149.6,136.2,154.6,140.6,0.648,0.6,0.833,0.5,152.71,0.667,0.0,1.0
1359477,2023-04-01,"Bharat Ratna Shri Atal Bihari Vajpayee Ekana Cricket Stadium, Lucknow",Lucknow Super Giants,Delhi Capitals,Delhi Capitals,field,Lucknow Super Giants,won by 50 runs,193,143,"KL Rahul, KR Mayers, DJ Hooda, KH Pandya, MP Stoinis, N Pooran, A Badoni, K Gowtham, Avesh Khan, Ravi Bishnoi, JD Unadkat, MA Wood","KK Ahmed, PP Shaw, DA Warner, MR Marsh, SN Khan, RR Rossouw, R Powell, Aman Hakim Khan, AR Patel, Kuldeep Yadav, C Sakariya, Mukesh Kumar",2,0,2,0,2,3,163.0,167.6,160.6,171.2,0.4,1.0,0.506,0.378,0.0,0.0,0.0,0.0
1359476,2023-04-01,"Punjab Cricket Association IS Bindra Stadium, Mohali, Chandigarh",Punjab Kings,Kolkata Knight Riders,Kolkata Knight Riders,field,Punjab Kings,won by 7 runs,191,146,"P Simran Singh, S Dhawan, PBB Rajapaksa, JM Sharma, Sikandar Raza, SM Curran, M Shahrukh Khan, Harpreet Brar, RD Chahar, Arshdeep Singh, NT Ellis, R Dhawan","Mandeep Singh, Rahmanullah Gurbaz, AS Roy, VR Iyer, N Rana, RK Singh, AD Russell, SN Thakur, SP Narine, TG Southee, UT Yadav, CV Varun",10,20,1,2,3,3,169.0,160.8,161.8,154.8,0.508,0.207,0.59,0.5,160.79,0.538,0.536,0.571
1359478,2023-04-02,"Rajiv Gandhi International Stadium, Uppal, Hyderabad",Rajasthan Royals,Sunrisers Hyderabad,Sunrisers Hyderabad,field,Rajasthan Royals,won by 72 runs,203,131,"NA Saini, YBK Jaiswal, JC Buttler, SV Samson, D Padikkal, R Parag, SO Hetmyer, R Ashwin, JO Holder, TA Boult, KM Asif, YS Chahal","Fazalhaq Farooqi, Abhishek Sharma, MA Agarwal, RA Tripathi, HC Brook, Washington Sundar, GD Phillips, Abdul Samad, AU Rashid, B Kumar, Umran Malik, T Natarajan",8,8,2,1,3,1,161.6,157.0,156.8,185.2,0.541,0.405,0.522,0.357,152.22,0.417,0.333,0.659
1359479,2023-04-02,"M Chinnaswamy Stadium, Bengaluru",Mumbai Indians,Royal Challengers Bengaluru,Royal Challengers Bengaluru,field,Royal Challengers Bengaluru,won by 8 wickets,171,172,"JP Behrendorff, RG Sharma, Ishan Kishan, C Green, SA Yadav, Tilak Varma, N Wadhera, TH David, HR Shokeen, Arshad Khan, PP Chawla, JC Archer","V Kohli, F du Plessis, KD Karthik, GJ Maxwell, MG Bracewell, Shahbaz Ahmed, HV Patel, Akash Deep, RJW Topley, Mohammed Siraj, KV Sharma",17,12,0,3,3,3,148.6,157.2,176.2,171.2,0.569,0.549,0.507,0.467,155.67,0.544,0.8,0.459
1359480,2023-04-03,"MA Chidambaram Stadium, Chepauk, Chennai",Chennai Super Kings,Lucknow Super Giants,Lucknow Super Giants,field,Chennai Super Kings,won by 12 runs,217,205,"TU Deshpande, RD Gaikwad, DP Conway, S Dube, MM Ali, BA Stokes, AT Rayudu, RA Jadeja, MS Dhoni, MJ Santner, DL Chahar, RS Hangargekar","Avesh Khan, KL Rahul, KR Mayers, DJ Hooda, KH Pandya, MP Stoinis, N Pooran, A Badoni, K Gowtham, MA Wood, Yash Thakur, Ravi Bishnoi",0,1,0,1,1,2,153.2,138.0,166.4,176.0,0.648,0.6,0.4,1.0,155.55,0.385,0.714,0.0
1359481,2023-04-04,"Arun Jaitley Stadium, Delhi",Delhi Capitals,Gujarat Titans,Gujarat Titans,field,Gujarat Titans,won by 6 wickets,162,163,"KK Ahmed, DA Warner, PP Shaw, MR Marsh, SN Khan, RR Rossouw, Abishek Porel, AR Patel, Aman Hakim Khan, Kuldeep Yadav, A Nortje, Mukesh Kumar","J Little, WP Saha, Shubman Gill, B Sai Sudharsan, HH Pandya, V Shankar, DA Miller, R Tewatia, Rashid Khan, AS Joseph, Yash Dayal, Mohammed Shami",0,1,0,1,2,4,147.8,172.6,162.2,159.8,0.5,0.378,0.857,0.5,156.77,0.533,0.429,0.0
1359482,2023-04-05,"Barsapara Cricket Stadium, Guwahati",Punjab Kings,Rajasthan Royals,Rajasthan Royals,field,Punjab Kings,won by 5 runs,197,192,"P Simran Singh, S Dhawan, PBB Rajapaksa, JM Sharma, Sikandar Raza, M Shahrukh Khan, SM Curran, Harpreet Brar, NT Ellis, RD Chahar, Arshdeep Singh, R Dhawan","YBK Jaiswal, R Ashwin, JC Buttler, SV Samson, D Padikkal, R Parag, SO Hetmyer, Dhruv Jurel, JO Holder, YS Chahal, TA Boult, KM Asif",9,14,1,2,3,3,178.2,161.4,166.6,152.4,0.508,0.207,0.541,0.405,0.0,0.0,0.0,0.0
1359483,2023-04-06,"Eden Gardens, Kolkata",Kolkata Knight Riders,Royal Challengers Bengaluru,Royal Challengers Bengaluru,field,Kolkata Knight Riders,won by 81 runs,204,123,"Suyash Sharma, Rahmanullah Gurbaz, VR Iyer, Mandeep Singh, N Rana, RK Singh, AD Russell, SN Thakur, SP Narine, UT Yadav, TG Southee, CV Varun","Mohammed Siraj, V Kohli, F du Plessis, MG Bracewell, GJ Maxwell, HV Patel, Shahbaz Ahmed, KD Karthik, Anuj Rawat, DJ Willey, KV Sharma, Akash Deep",16,14,2,1,2,3,159.4,162.6,172.2,180.4,0.582,0.5,0.513,0.467,154.66,0.627,0.608,0.455
1359484,2023-04-07,"Bharat Ratna Shri Atal Bihari Vajpayee Ekana Cricket Stadium, Lucknow",Sunrisers Hyderabad,Lucknow Super Giants,Sunrisers Hyderabad,bat,Lucknow Super Giants,won by 5 wickets,121,127,"Fazalhaq Farooqi, Anmolpreet Singh, MA Agarwal, RA Tripathi, AK Markram, HC Brook, Washington Sundar, Abdul Samad, AU Rashid, Umran Malik, B Kumar, T Natarajan","A Mishra, KR Mayers, KL Rahul, DJ Hooda, KH Pandya, MP Stoinis, R Shepherd, N Pooran, Yash Thakur, JD Unadkat, Ravi Bishnoi, A Badoni",0,1,0,1,1,2,145.8,184.4,191.0,190.6,0.511,0.357,0.333,1.0,168.0,0.0,0.0,1.0
1359485,2023-04-08,"Barsapara Cricket Stadium, Guwahati",Rajasthan Royals,Delhi Capitals,Delhi Capitals,field,Rajasthan Royals,won by 57 runs,199,142,"M Ashwin, YBK Jaiswal, JC Buttler, SV Samson, R Parag, SO Hetmyer, Dhruv Jurel, JO Holder, R Ashwin, YS Chahal, TA Boult, Sandeep Sharma","KK Ahmed, PP Shaw, DA Warner, MK Pandey, RR Rossouw, Lalit Yadav, AR Patel, R Powell, Abishek Porel, Kuldeep Yadav, A Nortje, Mukesh Kumar",13,13,1,2,2,2,174.8,161.8,156.8,163.6,0.532,0.405,0.5,0.378,194.5,0.0,0.0,0.0
1359486,2023-04-08,"Wankhede Stadium, Mumbai",Mumbai Indians,Chennai Super Kings,Chennai Super Kings,field,Chennai Super Kings,won by 7 wickets,157,159,"K Kartikeya, RG Sharma, Ishan Kishan, C Green, SA Yadav, Tilak Varma, Arshad Khan, TH David, T Stubbs, HR Shokeen, PP Chawla, JP Behrendorff","DL Chahar, DP Conway, RD Gaikwad, AM Rahane, S Dube, AT Rayudu, RA Jadeja, MS Dhoni, D Pretorius, MJ Santner, SSB Magala, TU Deshpande",20,14,1,2,2,1,147.4,157.2,155.0,155.6,0.569,0.549,0.648,0.6,161.98,0.547,0.606,0.478
1359487,2023-04-09,"Narendra Modi Stadium, Ahmedabad",Gujarat Titans,Kolkata Knight Riders,Gujarat Titans,bat,Kolkata Knight Riders,won by 3 wickets,204,207,"J Little, WP Saha, Shubman Gill, B Sai Sudharsan, A Manohar, V Shankar, DA Miller, R Tewatia, Rashid Khan, AS Joseph, Mohammed Shami, Yash Dayal","Suyash Sharma, Rahmanullah Gurbaz, N Jagadeesan, VR Iyer, N Rana, RK Singh, AD Russell, SP Narine, SN Thakur, UT Yadav, LH Ferguson, CV Varun",1,0,1,0,4,3,167.4,165.6,180.0,152.0,0.875,0.5,0.582,0.5,156.12,0.714,1.0,0.5
1359488,2023-04-09,"Rajiv Gandhi International Stadium, Uppal, Hyderabad",Punjab Kings,Sunrisers Hyderabad,Sunrisers Hyderabad,field,Sunrisers Hyderabad,won by 8 wickets,143,145,"P Simran Singh, S Dhawan, MW Short, JM Sharma, SM Curran, Sikandar Raza, M Shahrukh Khan, Harpreet Brar, RD Chahar, NT Ellis, Mohit Rathee, Arshdeep Singh","HC Brook, MA Agarwal, RA Tripathi, AK Markram, H Klaasen, Washington Sundar, M Jansen, M Markande, B Kumar, Umran Malik, T Natarajan",7,13,2,1,4,1,179.8,161.8,145.0,171.4,0.508,0.207,0.511,0.345,152.45,0.405,0.4,0.644
1359489,2023-04-10,"M Chinnaswamy Stadium, Bengaluru",Royal Challengers Bengaluru,Lucknow Super Giants,Lucknow Super Giants,field,Lucknow Super Giants,won by 1 wickets,212,213,"Anuj Rawat, V Kohli, F du Plessis, GJ Maxwell, KD Karthik, MK Lomror, Shahbaz Ahmed, DJ Willey, WD Parnell, HV Patel, Mohammed Siraj, KV Sharma","A Mishra, KR Mayers, KL Rahul, DJ Hooda, KH Pandya, MP Stoinis, N Pooran, A Badoni, JD Unadkat, MA Wood, Ravi Bishnoi, Avesh Khan",2,0,2,0,3,3,165.8,179.4,185.6,179.2,0.506,0.467,0.333,1.0,155.91,0.552,0.468,0.0
1359490,2023-04-11,"Arun Jaitley Stadium, Delhi",Delhi Capitals,Mumbai Indians,Mumbai Indians,field,Mumbai Indians,won by 6 wickets,172,173,"Mukesh Kumar, DA Warner, PP Shaw, MK Pandey, YV Dhull, R Powell, Lalit Yadav, AR Patel, Abishek Porel, Kuldeep Yadav, A Nortje, Mustafizur Rahman","RP Meredith, RG Sharma, Ishan Kishan, Tilak Varma, SA Yadav, TH David, C Green, N Wadhera, HR Shokeen, Arshad Khan, JP Behrendorff, PP Chawla",15,17,2,1,1,2,153.0,171.4,156.2,156.0,0.494,0.378,0.569,0.549,156.84,0.543,0.423,0.462
1359491,2023-04-12,"MA Chidambaram Stadium, Chepauk, Chennai",Rajasthan Royals,Chennai Super Kings,Chennai Super Kings,field,Rajasthan Royals,won by 3 runs,175,172,"YBK Jaiswal, JC Buttler, D Padikkal, SV Samson, R Ashwin, SO Hetmyer, Dhruv Jurel, JO Holder, A Zampa, KR Sen, Sandeep Sharma, YS Chahal","RD Gaikwad, DP Conway, AM Rahane, S Dube, MM Ali, AT Rayudu, RA Jadeja, MS Dhoni, SSB Magala, TU Deshpande, M Theekshana, Akash Singh",11,15,2,1,3,2,177.0,152.0,167.4,166.4,0.532,0.405,0.655,0.6,156.37,0.37,0.143,0.719
1359492,2023-04-13,"Punjab Cricket Association IS Bindra Stadium, Mohali, Chandigarh",Punjab Kings,Gujarat Titans,Gujarat Titans,field,Gujarat Titans,won by 6 wickets,153,154,"RD Chahar, P Simran Singh, S Dhawan, MW Short, PBB Rajapaksa, JM Sharma, SM Curran, M Shahrukh Khan, Harpreet Brar, R Dhawan, K Rabada, Arshdeep Singh","WP Saha, Shubman Gill, B Sai Sudharsan, HH Pandya, DA Miller, R Tewatia, Rashid Khan, AS Joseph, Mohammed Shami, MM Sharma, J Little",1,1,1,1,3,4,166.6,159.8,174.6,173.0,0.508,0.207,0.875,0.4,160.92,0.525,0.544,0.0
1359493,2023-04-14,"Eden Gardens, Kolkata",Sunrisers Hyderabad,Kolkata Knight Riders,Kolkata Knight Riders,field,Sunrisers Hyderabad,won by 23 runs,228,205,"Washington Sundar, HC Brook, MA Agarwal, RA Tripathi, AK Markram, Abhishek Sharma, H Klaasen, M Jansen, M Markande, B Kumar, Umran Malik, T Natarajan","Suyash Sharma, Rahmanullah Gurbaz, N Jagadeesan, VR Iyer, SP Narine, N Rana, AD Russell, RK Singh, SN Thakur, UT Yadav, LH Ferguson, CV Varun",8,14,1,2,2,3,149.4,164.6,188.4,170.2,0.521,0.345,0.582,0.5,154.78,0.615,0.25,0.613
1359494,2023-04-15,"M Chinnaswamy Stadium, Bengaluru",Royal Challengers Bengaluru,Delhi Capitals,Delhi Capitals,field,Royal Challengers Bengaluru,won by 23 runs,174,151,"V Kohli, F du Plessis, MK Lomror, GJ Maxwell, HV Patel, Shahbaz Ahmed, KD Karthik, Anuj Rawat, PWH de Silva, WD Parnell, Mohammed Siraj, Vijaykumar Vyshak","DA Warner, PP Shaw, MR Marsh, YV Dhull, MK Pandey, Abishek Porel, AR Patel, Aman Hakim Khan, Lalit Yadav, A Nortje, Kuldeep Yadav, Mustafizur Rahman",16,10,3,0,2,0,174.2,188.4,155.6,177.6,0.506,0.467,0.494,0.378,156.75,0.559,0.46,0.429
1359495,2023-04-15,"Bharat Ratna Shri Atal Bihari Vajpayee Ekana Cricket Stadium, Lucknow",Lucknow Super Giants,Punjab Kings,Punjab Kings,field,Punjab Kings,won by 2 wickets,159,161,"KL Rahul, KR Mayers, DJ Hooda, KH Pandya, N Pooran, MP Stoinis, A Badoni, K Gowtham, Yudhvir Singh, Ravi Bishnoi, Avesh Khan, MA Wood","Atharva Taide, P Simran Singh, MW Short, Harpreet Singh, Sikandar Raza, SM Curran, JM Sharma, M Shahrukh Khan, Harpreet Brar, K Rabada, RD Chahar, Arshdeep Singh",1,0,1,0,3,3,186.2,180.0,168.8,158.8,0.429,1.0,0.508,0.207,146.0,0.0,1.0,0.0
1359497,2023-04-16,"Narendra Modi Stadium, Ahmedabad",Gujarat Titans,Rajasthan Royals,Rajasthan Royals,field,Rajasthan Royals,won by 3 wickets,177,179,"Noor Ahmad, WP Saha, Shubman Gill, B Sai Sudharsan, HH Pandya, DA Miller, A Manohar, R Tewatia, Rashid Khan, AS Joseph, Mohammed Shami, MM Sharma","YS Chahal, YBK Jaiswal, JC Buttler, D Padikkal, SV Samson, R Parag, SO Hetmyer, Dhruv Jurel, R Ashwin, TA Boult, Sandeep Sharma, A Zampa",3,0,3,0,4,3,167.2,166.0,179.8,155.0,0.889,0.4,0.532,0.405,161.61,0.714,0.667,0.5
1359496,2023-04-16,"Wankhede Stadium, Mumbai",Kolkata Knight Riders,Mumbai Indians,Mumbai Indians,field,Mumbai Indians,won by 5 wickets,185,186,"Suyash Sharma, Rahmanullah Gurbaz, N Jagadeesan, VR Iyer, N Rana, SN Thakur, RK Singh, AD Russell, SP Narine, UT Yadav, LH Ferguson, CV Varun","RP Meredith, RG Sharma, Ishan Kishan, SA Yadav, Tilak Varma, TH David, N Wadhera, C Green, Arjun Tendulkar, HR Shokeen, PP Chawla, D Jansen",9,22,3,0,2,2,194.0,191.2,170.2,171.0,0.575,0.5,0.575,0.549,161.94,0.553,0.267,0.597
1359498,2023-04-17,"M Chinnaswamy Stadium, Bengaluru",Chennai Super Kings,Royal Challengers Bengaluru,Royal Challengers Bengaluru,field,Chennai Super Kings,won by 8 runs,226,218,"RD Gaikwad, DP Conway, AM Rahane, S Dube, AT Rayudu, MM Ali, RA Jadeja, MS Dhoni, TU Deshpande, M Theekshana, M Pathirana, Akash Singh","V Kohli, F du Plessis, MK Lomror, GJ Maxwell, Shahbaz Ahmed, KD Karthik, SS Prabhudessai, WD Parnell, PWH de Silva, HV Patel, Mohammed Siraj, Vijaykumar Vyshak",19,10,2,1,2,2,175.2,174.0,167.6,180.0,0.643,0.6,0.506,0.467,156.84,0.55,0.571,0.469
1359499,2023-04-18,"Rajiv Gandhi International Stadium, Uppal, Hyderabad",Mumbai Indians,Sunrisers Hyderabad,Sunrisers Hyderabad,field,Mumbai Indians,won by 14 runs,192,178,"RP Meredith, RG Sharma, Ishan Kishan, C Green, SA Yadav, Tilak Varma, TH David, N Wadhera, Arjun Tendulkar, HR Shokeen, PP Chawla, JP Behrendorff","T Natarajan, HC Brook, MA Agarwal, RA Tripathi, AK Markram, Abhishek Sharma, H Klaasen, Abdul Samad, M Jansen, Washington Sundar, B Kumar, M Markande",9,9,2,1,3,2,169.4,169.4,156.4,167.6,0.581,0.549,0.521,0.345,152.32,0.421,0.636,0.652
1359500,2023-04-19,"Sawai Mansingh Stadium, Jaipur",Lucknow Super Giants,Rajasthan Royals,Rajasthan Royals,field,Lucknow Super Giants,won by 10 runs,154,144,"A Mishra, KL Rahul, KR Mayers, A Badoni, DJ Hooda, MP Stoinis, N Pooran, KH Pandya, Yudhvir Singh, Naveen-ul-Haq, Ravi Bishnoi, Avesh Khan","YS Chahal, YBK Jaiswal, JC Buttler, SV Samson, D Padikkal, SO Hetmyer, R Parag, Dhruv Jurel, R Ashwin, JO Holder, TA Boult, Sandeep Sharma",0,2,0,2,3,4,179.4,170.8,189.6,163.8,0.429,1.0,0.54,0.405,151.74,0.679,0.0,0.681
1359502,2023-04-20,"Arun Jaitley Stadium, Delhi",Kolkata Knight Riders,Delhi Capitals,Delhi Capitals,field,Delhi Capitals,won by 4 wickets,127,128,"JJ Roy, Liton Das, VR Iyer, N Rana, Mandeep Singh, RK Singh, SP Narine, AD Russell, AS Roy, UT Yadav, CV Varun, K Khejroliya","I Sharma, DA Warner, PP Shaw, MR Marsh, PD Salt, MK Pandey, AR Patel, Aman Hakim Khan, Lalit Yadav, Mukesh Kumar, Kuldeep Yadav, A Nortje",16,13,1,2,2,0,189.4,186.4,154.0,180.4,0.575,0.5,0.488,0.378,157.04,0.553,0.5,0.417
1359501,2023-04-20,"Punjab Cricket Association IS Bindra Stadium, Mohali, Chandigarh",Royal Challengers Bengaluru,Punjab Kings,Punjab Kings,field,Royal Challengers Bengaluru,won by 24 runs,174,150,"Vijaykumar Vyshak, V Kohli, F du Plessis, GJ Maxwell, KD Karthik, MK Lomror, Shahbaz Ahmed, SS Prabhudessai, PWH de Silva, HV Patel, WD Parnell, Mohammed Siraj","RD Chahar, Atharva Taide, P Simran Singh, MW Short, LS Livingstone, Harpreet Singh, SM Curran, JM Sharma, M Shahrukh Khan, Harpreet Brar, NT Ellis, Arshdeep Singh",13,17,1,2,2,3,179.8,193.0,169.0,159.2,0.5,0.467,0.515,0.207,160.79,0.537,0.571,0.534
1359503,2023-04-21,"MA Chidambaram Stadium, Chepauk, Chennai",Sunrisers Hyderabad,Chennai Super Kings,Chennai Super Kings,field,Chennai Super Kings,won by 7 wickets,134,138,"Mayank Dagar, HC Brook, Abhishek Sharma, RA Tripathi, AK Markram, H Klaasen, MA Agarwal, M Jansen, Washington Sundar, B Kumar, M Markande, Umran Malik","Akash Singh, RD Gaikwad, DP Conway, AM Rahane, AT Rayudu, MM Ali, S Dube, RA Jadeja, MS Dhoni, TU Deshpande, M Theekshana, M Pathirana",5,13,1,2,2,3,160.6,174.0,190.4,187.4,0.51,0.345,0.643,0.6,156.62,0.357,0.125,0.707
1359504,2023-04-22,"Bharat Ratna Shri Atal Bihari Vajpayee Ekana Cricket Stadium, Lucknow",Gujarat Titans,Lucknow Super Giants,Gujarat Titans,bat,Gujarat Titans,won by 7 runs,135,128,"J Yadav, WP Saha, Shubman Gill, HH Pandya, A Manohar, V Shankar, DA Miller, R Tewatia, Rashid Khan, Mohammed Shami, Noor Ahmad, MM Sharma","A Mishra, KL Rahul, KR Mayers, KH Pandya, N Pooran, A Badoni, MP Stoinis, DJ Hooda, PN Mankad, Ravi Bishnoi, Avesh Khan, Naveen-ul-Haq",2,0,2,0,3,3,176.0,175.8,171.6,171.0,0.889,0.4,0.429,1.0,150.67,0.5,0.0,0.667
1359505,2023-04-22,"Wankhede Stadium, Mumbai",Punjab Kings,Mumbai Indians,Mumbai Indians,field,Punjab Kings,won by 13 runs,214,201,"NT Ellis, MW Short, P Simran Singh, Atharva Taide, LS Livingstone, Harpreet Singh, SM Curran, JM Sharma, M Shahrukh Khan, Harpreet Brar, Arshdeep Singh, RD Chahar","JP Behrendorff, RG Sharma, Ishan Kishan, C Green, SA Yadav, TH David, Tilak Varma, N Wadhera, JC Archer, Arjun Tendulkar, HR Shokeen, PP Chawla",13,15,2,1,2,3,160.8,164.8,175.8,173.2,0.507,0.207,0.581,0.549,162.16,0.558,0.444,0.603
1359506,2023-04-23,"M Chinnaswamy Stadium, Bengaluru",Royal Challengers Bengaluru,Rajasthan Royals,Rajasthan Royals,field,Royal Challengers Bengaluru,won by 7 runs,189,182,"HV Patel, V Kohli, F du Plessis, Shahbaz Ahmed, GJ Maxwell, MK Lomror, KD Karthik, SS Prabhudessai, PWH de Silva, DJ Willey, Vijaykumar Vyshak, Mohammed Siraj","YBK Jaiswal, JC Buttler, D Padikkal, SV Samson, SO Hetmyer, Dhruv Jurel, R Ashwin, Abdul Basith, JO Holder, TA Boult, Sandeep Sharma, YS Chahal",13,12,1,2,2,3,180.2,188.8,177.8,168.4,0.5,0.467,0.531,0.405,157.78,0.541,0.462,0.6
1359507,2023-04-23,"Eden Gardens, Kolkata",Chennai Super Kings,Kolkata Knight Riders,Kolkata Knight Riders,field,Chennai Super Kings,won by 49 runs,235,186,"Akash Singh, RD Gaikwad, DP Conway, AM Rahane, S Dube, RA Jadeja, MS Dhoni, MM Ali, AT Rayudu, M Pathirana, TU Deshpande, M Theekshana","Suyash Sharma, N Jagadeesan, SP Narine, VR Iyer, N Rana, JJ Roy, RK Singh, AD Russell, D Wiese, UT Yadav, CV Varun, K Khejroliya",17,9,2,1,4,2,182.4,177.8,185.6,173.8,0.649,0.6,0.575,0.5,155.54,0.604,0.455,0.605
1359508,2023-04-24,"Rajiv Gandhi International Stadium, Uppal, Hyderabad",Delhi Capitals,Sunrisers Hyderabad,Delhi Capitals,bat,Delhi Capitals,won by 7 runs,144,137,"Mukesh Kumar, DA Warner, PD Salt, MR Marsh, SN Khan, MK Pandey, Aman Hakim Khan, AR Patel, RV Patel, A Nortje, Kuldeep Yadav, I Sharma","T Natarajan, HC Brook, MA Agarwal, RA Tripathi, Abhishek Sharma, AK Markram, H Klaasen, Washington Sundar, M Jansen, M Markande, B Kumar, Umran Malik",9,11,2,0,1,2,151.0,167.2,161.2,161.0,0.494,0.378,0.51,0.345,152.81,0.41,0.625,0.638
1359509,2023-04-25,"Narendra Modi Stadium, Ahmedabad",Gujarat Titans,Mumbai Indians,Mumbai Indians,field,Gujarat Titans,won by 55 runs,207,152,"J Little, WP Saha, Shubman Gill, HH Pandya, V Shankar, DA Miller, A Manohar, R Tewatia, Rashid Khan, MM Sharma, Mohammed Shami, Noor Ahmad","K Kartikeya, RG Sharma, Ishan Kishan, C Green, Tilak Varma, SA Yadav, TH David, N Wadhera, PP Chawla, Arjun Tendulkar, JP Behrendorff, RP Meredith",0,1,0,1,3,3,166.6,165.8,181.8,181.6,0.889,0.5,0.573,0.549,163.25,0.75,0.5,0.0
1359510,2023-04-26,"M Chinnaswamy Stadium, Bengaluru",Kolkata Knight Riders,Royal Challengers Bengaluru,Royal Challengers Bengaluru,field,Kolkata Knight Riders,won by 21 runs,200,179,"Suyash Sharma, JJ Roy, N Jagadeesan, VR Iyer, N Rana, AD Russell, RK Singh, D Wiese, SP Narine, VG Arora, UT Yadav, CV Varun","HV Patel, V Kohli, F du Plessis, Shahbaz Ahmed, GJ Maxwell, MK Lomror, KD Karthik, SS Prabhudessai, PWH de Silva, DJ Willey, Vijaykumar Vyshak, Mohammed Siraj",17,14,2,1,1,3,182.0,196.2,193.4,184.4,0.568,0.5,0.5,0.467,158.18,0.532,0.545,0.47
1359511,2023-04-27,"Sawai Mansingh Stadium, Jaipur",Rajasthan Royals,Chennai Super Kings,Rajasthan Royals,bat,Rajasthan Royals,won by 32 runs,202,170,"K Yadav, YBK Jaiswal, JC Buttler, SV Samson, SO Hetmyer, Dhruv Jurel, D Padikkal, R Ashwin, JO Holder, Sandeep Sharma, YS Chahal, A Zampa","Akash Singh, RD Gaikwad, DP Conway, AM Rahane, S Dube, AT Rayudu, MM Ali, RA Jadeja, MS Dhoni, M Pathirana, TU Deshpande, M Theekshana",12,15,3,0,3,4,175.8,166.8,186.0,174.0,0.523,0.405,0.649,0.6,151.69,0.655,0.667,0.5
1359512,2023-04-28,"Punjab Cricket Association IS Bindra Stadium, Mohali, Chandigarh",Lucknow Super Giants,Punjab Kings,Punjab Kings,field,Lucknow Super Giants,won by 56 runs,257,201,"A Mishra, KL Rahul, KR Mayers, A Badoni, MP Stoinis, N Pooran, DJ Hooda, KH Pandya, Naveen-ul-Haq, Ravi Bishnoi, Avesh Khan, Yash Thakur","Gurnoor Brar, P Simran Singh, S Dhawan, Atharva Taide, Sikandar Raza, LS Livingstone, SM Curran, JM Sharma, M Shahrukh Khan, RD Chahar, K Rabada, Arshdeep Singh",1,1,1,1,3,2,156.2,154.6,164.2,166.6,0.429,1.0,0.507,0.207,160.81,0.524,0.0,0.525
1359513,2023-04-29,"Eden Gardens, Kolkata",Kolkata Knight Riders,Gujarat Titans,Gujarat Titans,field,Gujarat Titans,won by 7 wickets,179,180,"Suyash Sharma, N Jagadeesan, Rahmanullah Gurbaz, SN Thakur, VR Iyer, N Rana, RK Singh, AD Russell, D Wiese, SP Narine, Harshit Rana, CV Varun","MM Sharma, WP Saha, Shubman Gill, HH Pandya, V Shankar, DA Miller, A Manohar, R Tewatia, Rashid Khan, Noor Ahmad, Mohammed Shami, J Little",1,1,1,1,1,3,180.6,191.2,175.4,163.8,0.568,0.5,0.889,0.5,156.21,0.593,0.597,1.0
1359514,2023-04-29,"Arun Jaitley Stadium, Delhi",Sunrisers Hyderabad,Delhi Capitals,Sunrisers Hyderabad,bat,Sunrisers Hyderabad,won by 9 runs,197,188,"T Natarajan, Abhishek Sharma, MA Agarwal, RA Tripathi, AK Markram, HC Brook, H Klaasen, Abdul Samad, AJ Hosein, M Markande, B Kumar, Umran Malik","I Sharma, DA Warner, PD Salt, MR Marsh, MK Pandey, PK Garg, SN Khan, AR Patel, RV Patel, Kuldeep Yadav, A Nortje, Mukesh Kumar",11,10,0,3,2,2,164.4,164.4,147.4,162.0,0.51,0.345,0.494,0.395,156.67,0.562,0.6,0.425
1359516,2023-04-30,"Wankhede Stadium, Mumbai",Rajasthan Royals,Mumbai Indians,Rajasthan Royals,bat,Mumbai Indians,won by 6 wickets,212,214,"KR Sen, YBK Jaiswal, JC Buttler, SV Samson, D Padikkal, JO Holder, SO Hetmyer, Dhruv Jurel, R Ashwin, TA Boult, Sandeep Sharma, YS Chahal","RG Sharma, Ishan Kishan, C Green, SA Yadav, Tilak Varma, TH David, PP Chawla, JC Archer, K Kartikeya, RP Meredith, Arshad Khan",12,14,1,2,3,3,176.4,172.4,180.8,191.2,0.523,0.421,0.566,0.549,162.58,0.551,0.5,0.595
1359515,2023-04-30,"MA Chidambaram Stadium, Chepauk, Chennai",Chennai Super Kings,Punjab Kings,Chennai Super Kings,bat,Punjab Kings,won by 4 wickets,200,201,"Akash Singh, RD Gaikwad, DP Conway, S Dube, MM Ali, RA Jadeja, MS Dhoni, AM Rahane, M Pathirana, TU Deshpande, M Theekshana, AT Rayudu","K Rabada, P Simran Singh, S Dhawan, Atharva Taide, LS Livingstone, SM Curran, JM Sharma, M Shahrukh Khan, Sikandar Raza, Harpreet Brar, RD Chahar, Arshdeep Singh",15,11,0,3,3,2,188.2,183.0,175.8,189.0,0.649,0.6,0.5,0.207,156.32,0.379,0.712,0.25
1359517,2023-05-01,"Bharat Ratna Shri Atal Bihari Vajpayee Ekana Cricket Stadium, Lucknow",Royal Challengers Bengaluru,Lucknow Super Giants,Royal Challengers Bengaluru,bat,Royal Challengers Bengaluru,won by 18 runs,126,108,"V Kohli, F du Plessis, Anuj Rawat, GJ Maxwell, SS Prabhudessai, KD Karthik, MK Lomror, PWH de Silva, KV Sharma, Mohammed Siraj, JR Hazlewood, HV Patel","KR Mayers, A Badoni, KH Pandya, DJ Hooda, MP Stoinis, N Pooran, K Gowtham, Ravi Bishnoi, A Mishra, Naveen-ul-Haq, KL Rahul, Yash Thakur",2,1,2,1,3,3,186.8,181.8,182.2,170.6,0.494,0.467,0.429,1.0,145.88,0.5,0.0,0.5
1359518,2023-05-02,"Narendra Modi Stadium, Ahmedabad",Delhi Capitals,Gujarat Titans,Delhi Capitals,bat,Delhi Capitals,won by 5 runs,130,125,"KK Ahmed, PD Salt, DA Warner, PK Garg, RR Rossouw, MK Pandey, AR Patel, Aman Hakim Khan, RV Patel, A Nortje, Kuldeep Yadav, I Sharma","MM Sharma, WP Saha, Shubman Gill, HH Pandya, V Shankar, DA Miller, A Manohar, R Tewatia, Rashid Khan, Noor Ahmad, Mohammed Shami, J Little",0,2,0,2,2,4,156.6,161.6,170.6,158.2,0.494,0.395,0.9,0.5,164.73,0.667,0.667,0.6
1359519,2023-05-03,"Bharat Ratna Shri Atal Bihari Vajpayee Ekana Cricket Stadium, Lucknow",Lucknow Super Giants,,Chennai Super Kings,field,,,125,0,"M Vohra, KR Mayers, KS Sharma, KH Pandya, MP Stoinis, N Pooran, A Badoni, K Gowtham, Naveen-ul-Haq, Ravi Bishnoi, Mohsin Khan","AT Rayudu, RD Gaikwad, DP Conway, AM Rahane, MM Ali, S Dube, RA Jadeja, MS Dhoni, M Pathirana, TU Deshpande, M Theekshana, DL Chahar",0,0,0,0,2,0,161.2,153.4,0.0,128.0,0.429,1.0,0.0,0.0,140.1,0.5,0.4,0.0
1359520,2023-05-03,"Punjab Cricket Association IS Bindra Stadium, Mohali, Chandigarh",Punjab Kings,Mumbai Indians,Mumbai Indians,field,Mumbai Indians,won by 6 wickets,214,216,"NT Ellis, P Simran Singh, S Dhawan, MW Short, LS Livingstone, JM Sharma, SM Curran, M Shahrukh Khan, Harpreet Brar, R Dhawan, RD Chahar, Arshdeep Singh","Akash Madhwal, RG Sharma, Ishan Kishan, C Green, SA Yadav, TH David, Tilak Varma, N Wadhera, PP Chawla, JC Archer, K Kartikeya, Arshad Khan",14,15,2,1,3,3,185.4,198.2,189.0,199.2,0.5,0.207,0.566,0.549,161.95,0.512,0.517,0.5
1359521,2023-05-04,"Rajiv Gandhi International Stadium, Uppal, Hyderabad",Kolkata Knight Riders,Sunrisers Hyderabad,Kolkata Knight Riders,bat,Kolkata Knight Riders,won by 5 runs,171,166,"JJ Roy, Rahmanullah Gurbaz, VR Iyer, N Rana, RK Singh, AD Russell, SP Narine, SN Thakur, AS Roy, Harshit Rana, VG Arora, CV Varun","T Natarajan, Abhishek Sharma, MA Agarwal, RA Tripathi, AK Markram, HC Brook, H Klaasen, Abdul Samad, M Jansen, B Kumar, M Markande, Kartik Tyagi",14,9,1,2,1,2,175.4,181.6,174.8,173.4,0.568,0.5,0.51,0.367,152.62,0.41,0.625,0.625
1359522,2023-05-05,"Sawai Mansingh Stadium, Jaipur",Rajasthan Royals,Gujarat Titans,Rajasthan Royals,bat,Gujarat Titans,won by 9 wickets,118,119,"YBK Jaiswal, JC Buttler, SV Samson, D Padikkal, R Ashwin, R Parag, SO Hetmyer, Dhruv Jurel, TA Boult, A Zampa, Sandeep Sharma, YS Chahal","MM Sharma, WP Saha, Shubman Gill, HH Pandya, Rashid Khan, DA Miller, V Shankar, R Tewatia, A Manohar, Noor Ahmad, Mohammed Shami, J Little",1,3,1,2,2,3,183.8,180.8,164.8,153.6,0.523,0.41,0.9,0.5,152.39,0.655,0.673,0.0
1359523,2023-05-06,"MA Chidambaram Stadium, Chepauk, Chennai",Mumbai Indians,Chennai Super Kings,Chennai Super Kings,field,Chennai Super Kings,won by 6 wickets,139,140,"R Goyal, C Green, Ishan Kishan, RG Sharma, N Wadhera, SA Yadav, T Stubbs, TH David, Arshad Khan, JC Archer, PP Chawla, Akash Madhwal","M Theekshana, RD Gaikwad, DP Conway, AM Rahane, AT Rayudu, S Dube, MS Dhoni, MM Ali, RA Jadeja, DL Chahar, M Pathirana, TU Deshpande",20,15,1,2,3,3,195.0,205.0,193.8,188.2,0.571,0.549,0.649,0.589,156.94,0.379,0.538,0.7
1359524,2023-05-06,"Arun Jaitley Stadium, Delhi",Royal Challengers Bengaluru,Delhi Capitals,Royal Challengers Bengaluru,bat,Delhi Capitals,won by 7 wickets,181,187,"HV Patel, V Kohli, F du Plessis, GJ Maxwell, MK Lomror, KD Karthik, Anuj Rawat, KM Jadhav, PWH de Silva, KV Sharma, Mohammed Siraj, JR Hazlewood","I Sharma, DA Warner, PD Salt, MR Marsh, RR Rossouw, AR Patel, Aman Hakim Khan, MK Pandey, Kuldeep Yadav, Mukesh Kumar, KK Ahmed, RV Patel",17,10,3,0,3,3,177.2,173.2,148.2,152.0,0.494,0.484,0.494,0.41,157.11,0.562,0.667,0.419
1359525,2023-05-07,"Narendra Modi Stadium, Ahmedabad",Gujarat Titans,Lucknow Super Giants,Lucknow Super Giants,field,Gujarat Titans,won by 56 runs,227,171,"AS Joseph, WP Saha, Shubman Gill, HH Pandya, DA Miller, V Shankar, Rashid Khan, R Tewatia, A Manohar, MM Sharma, Mohammed Shami, Noor Ahmad","Yash Thakur, KR Mayers, Q de Kock, DJ Hooda, MP Stoinis, N Pooran, A Badoni, Swapnil Singh, KH Pandya, Ravi Bishnoi, Mohsin Khan, Avesh Khan",3,0,3,0,4,2,153.2,141.4,154.4,121.2,0.9,0.5,0.429,1.0,161.62,0.667,0.5,0.0
1359526,2023-05-07,"Sawai Mansingh Stadium, Jaipur",Rajasthan Royals,Sunrisers Hyderabad,Rajasthan Royals,bat,Sunrisers Hyderabad,won by 4 wickets,214,217,"OC McCoy, YBK Jaiswal, JC Buttler, SV Samson, SO Hetmyer, JE Root, Dhruv Jurel, R Ashwin, Sandeep Sharma, M Ashwin, K Yadav, YS Chahal","T Natarajan, Anmolpreet Singh, Abhishek Sharma, RA Tripathi, H Klaasen, AK Markram, GD Phillips, Abdul Samad, M Jansen, Vivrant Sharma, M Markande, B Kumar",9,8,2,1,1,1,171.6,169.2,162.4,166.6,0.523,0.4,0.51,0.367,151.71,0.655,0.66,0.333
1359527,2023-05-08,"Eden Gardens, Kolkata",Punjab Kings,Kolkata Knight Riders,Punjab Kings,bat,Kolkata Knight Riders,won by 5 wickets,179,182,"NT Ellis, P Simran Singh, S Dhawan, PBB Rajapaksa, LS Livingstone, JM Sharma, SM Curran, R Dhawan, M Shahrukh Khan, Harpreet Brar, RD Chahar, Arshdeep Singh","Suyash Sharma, JJ Roy, Rahmanullah Gurbaz, N Rana, VR Iyer, AD Russell, RK Singh, SN Thakur, SP Narine, Harshit Rana, VG Arora, CV Varun",11,20,2,1,2,2,196.0,209.6,172.6,177.6,0.5,0.207,0.568,0.514,156.49,0.6,0.273,0.59
1359528,2023-05-09,"Wankhede Stadium, Mumbai",Royal Challengers Bengaluru,Mumbai Indians,Mumbai Indians,field,Mumbai Indians,won by 6 wickets,199,200,"V Kohli, F du Plessis, Anuj Rawat, GJ Maxwell, MK Lomror, KD Karthik, KM Jadhav, PWH de Silva, JR Hazlewood, Mohammed Siraj, Vijaykumar Vyshak, HV Patel","Ishan Kishan, RG Sharma, SA Yadav, N Wadhera, TH David, C Green, CJ Jordan, PP Chawla, JP Behrendorff, K Kartikeya, Akash Madhwal",13,17,3,0,3,2,169.8,165.4,184.4,197.4,0.494,0.469,0.571,0.549,163.05,0.551,0.5,0.6
1359529,2023-05-10,"MA Chidambaram Stadium, Chepauk, Chennai",Chennai Super Kings,Delhi Capitals,Chennai Super Kings,bat,Chennai Super Kings,won by 27 runs,167,140,"M Pathirana, RD Gaikwad, DP Conway, AM Rahane, MM Ali, S Dube, AT Rayudu, RA Jadeja, MS Dhoni, DL Chahar, TU Deshpande, M Theekshana","KK Ahmed, DA Warner, PD Salt, MR Marsh, MK Pandey, RR Rossouw, RV Patel, AR Patel, Aman Hakim Khan, Lalit Yadav, Kuldeep Yadav, I Sharma",17,10,2,1,3,4,176.6,172.4,155.4,153.4,0.655,0.589,0.494,0.41,156.7,0.4,0.705,0.3
1359530,2023-05-11,"Eden Gardens, Kolkata",Kolkata Knight Riders,Rajasthan Royals,Rajasthan Royals,field,Rajasthan Royals,won by 9 wickets,149,151,"Suyash Sharma, JJ Roy, Rahmanullah Gurbaz, VR Iyer, N Rana, AD Russell, RK Singh, SN Thakur, AS Roy, SP Narine, Harshit Rana, CV Varun","YBK Jaiswal, JC Buttler, SV Samson, JE Root, Dhruv Jurel, SO Hetmyer, R Ashwin, Sandeep Sharma, KM Asif, TA Boult, YS Chahal",14,10,2,1,3,1,183.6,187.8,185.6,181.8,0.568,0.514,0.523,0.39,156.77,0.6,0.595,0.2
1359531,2023-05-12,"Wankhede Stadium, Mumbai",Mumbai Indians,Gujarat Titans,Gujarat Titans,field,Mumbai Indians,won by 27 runs,218,191,"Akash Madhwal, Ishan Kishan, RG Sharma, SA Yadav, N Wadhera, Vishnu Vinod, TH David, C Green, CJ Jordan, PP Chawla, JP Behrendorff, K Kartikeya","MM Sharma, WP Saha, Shubman Gill, HH Pandya, V Shankar, DA Miller, A Manohar, R Tewatia, Rashid Khan, Noor Ahmad, AS Joseph, Mohammed Shami",1,1,1,1,3,4,184.2,194.4,171.6,150.0,0.577,0.549,0.9,0.5,163.39,0.557,0.605,0.75
1359532,2023-05-13,"Rajiv Gandhi International Stadium, Uppal, Hyderabad",Sunrisers Hyderabad,Lucknow Super Giants,Sunrisers Hyderabad,bat,Lucknow Super Giants,won by 7 wickets,182,185,"Vivrant Sharma, Anmolpreet Singh, Abhishek Sharma, RA Tripathi, AK Markram, H Klaasen, GD Phillips, Abdul Samad, B Kumar, T Natarajan, M Markande, Fazalhaq Farooqi","A Mishra, KR Mayers, Q de Kock, PN Mankad, MP Stoinis, N Pooran, KH Pandya, Yash Thakur, Ravi Bishnoi, Yudhvir Singh, Avesh Khan, A Badoni",0,2,0,2,2,1,170.2,171.0,157.8,137.8,0.51,0.367,0.375,1.0,152.86,0.41,0.612,0.0
1359533,2023-05-13,"Arun Jaitley Stadium, Delhi",Punjab Kings,Delhi Capitals,Delhi Capitals,field,Punjab Kings,won by 31 runs,167,136,"NT Ellis, P Simran Singh, S Dhawan, LS Livingstone, JM Sharma, SM Curran, Harpreet Brar, M Shahrukh Khan, Sikandar Raza, R Dhawan, RD Chahar, Arshdeep Singh","KK Ahmed, DA Warner, PD Salt, MR Marsh, RR Rossouw, AR Patel, MK Pandey, Aman Hakim Khan, P Dubey, Kuldeep Yadav, Mukesh Kumar, I Sharma",15,14,0,3,2,3,201.8,211.2,157.8,161.4,0.5,0.2,0.494,0.41,157.43,0.562,0.455,0.427
1359534,2023-05-14,"Sawai Mansingh Stadium, Jaipur",Royal Challengers Bengaluru,Rajasthan Royals,Royal Challengers Bengaluru,bat,Royal Challengers Bengaluru,won by 112 runs,171,59,"Shahbaz Ahmed, V Kohli, F du Plessis, GJ Maxwell, MK Lomror, KD Karthik, MG Bracewell, Anuj Rawat, WD Parnell, KV Sharma, HV Patel, Mohammed Siraj","YS Chahal, YBK Jaiswal, JC Buttler, SV Samson, JE Root, D Padikkal, SO Hetmyer, Dhruv Jurel, R Ashwin, A Zampa, Sandeep Sharma, KM Asif",14,12,1,2,2,2,174.8,175.4,179.4,173.8,0.494,0.469,0.53,0.39,152.96,0.655,0.429,0.647
1359535,2023-05-14,"MA Chidambaram Stadium, Chepauk, Chennai",Chennai Super Kings,Kolkata Knight Riders,Chennai Super Kings,bat,Kolkata Knight Riders,won by 6 wickets,144,147,"M Pathirana, RD Gaikwad, DP Conway, AM Rahane, AT Rayudu, S Dube, MM Ali, RA Jadeja, MS Dhoni, DL Chahar, TU Deshpande, M Theekshana","Suyash Sharma, JJ Roy, Rahmanullah Gurbaz, VR Iyer, N Rana, RK Singh, AD Russell, SN Thakur, SP Narine, VG Arora, Harshit Rana, CV Varun",18,9,2,1,3,3,182.4,173.6,176.2,171.0,0.655,0.596,0.568,0.514,156.66,0.4,0.71,0.25
1359536,2023-05-15,"Narendra Modi Stadium, Ahmedabad",Gujarat Titans,Sunrisers Hyderabad,Sunrisers Hyderabad,field,Gujarat Titans,won by 34 runs,188,154,"Yash Dayal, WP Saha, Shubman Gill, B Sai Sudharsan, HH Pandya, DA Miller, R Tewatia, MD Shanaka, Rashid Khan, Noor Ahmad, Mohammed Shami, MM Sharma","T Natarajan, Anmolpreet Singh, Abhishek Sharma, AK Markram, RA Tripathi, H Klaasen, Sanvir Singh, Abdul Samad, M Jansen, B Kumar, M Markande, Fazalhaq Farooqi",1,1,1,1,3,2,168.4,163.2,179.8,180.4,0.818,0.5,0.51,0.355,164.5,0.6,0.571,0.0
1359537,2023-05-16,"Bharat Ratna Shri Atal Bihari Vajpayee Ekana Cricket Stadium, Lucknow",Lucknow Super Giants,Mumbai Indians,Mumbai Indians,field,Lucknow Super Giants,won by 5 runs,177,172,"Yash Thakur, DJ Hooda, Q de Kock, PN Mankad, KH Pandya, MP Stoinis, N Pooran, A Badoni, Naveen-ul-Haq, Ravi Bishnoi, Swapnil Singh, Mohsin Khan","Akash Madhwal, Ishan Kishan, RG Sharma, SA Yadav, N Wadhera, TH David, Vishnu Vinod, C Green, CJ Jordan, HR Shokeen, PP Chawla, JP Behrendorff",2,0,2,0,2,4,169.2,147.2,197.4,191.2,0.375,1.0,0.577,0.549,127.17,0.333,0.333,0.0
1359538,2023-05-17,"Himachal Pradesh Cricket Association Stadium, Dharamsala",Delhi Capitals,Punjab Kings,Punjab Kings,field,Delhi Capitals,won by 15 runs,213,198,"Mukesh Kumar, DA Warner, PP Shaw, RR Rossouw, PD Salt, AR Patel, Aman Hakim Khan, YV Dhull, Kuldeep Yadav, A Nortje, I Sharma, KK Ahmed","NT Ellis, P Simran Singh, S Dhawan, Atharva Taide, LS Livingstone, JM Sharma, M Shahrukh Khan, SM Curran, Harpreet Brar, RD Chahar, K Rabada, Arshdeep Singh",14,16,2,1,2,2,156.2,167.4,192.4,198.2,0.488,0.41,0.5,0.2,160.94,0.5,0.333,0.556
1359539,2023-05-18,"Rajiv Gandhi International Stadium, Uppal, Hyderabad",Sunrisers Hyderabad,Royal Challengers Bengaluru,Royal Challengers Bengaluru,field,Royal Challengers Bengaluru,won by 8 wickets,186,187,"T Natarajan, Abhishek Sharma, RA Tripathi, AK Markram, H Klaasen, HC Brook, GD Phillips, Abdul Samad, B Kumar, Kartik Tyagi, Mayank Dagar, Nithish Kumar Reddy","V Kohli, F du Plessis, GJ Maxwell, MG Bracewell, MK Lomror, Anuj Rawat, Shahbaz Ahmed, HV Patel, WD Parnell, KV Sharma, Mohammed Siraj",11,9,2,1,2,2,183.2,189.2,171.2,150.8,0.5,0.355,0.494,0.485,153.29,0.41,0.6,0.2
1359540,2023-05-19,"Himachal Pradesh Cricket Association Stadium, Dharamsala",Punjab Kings,Rajasthan Royals,Rajasthan Royals,field,Rajasthan Royals,won by 4 wickets,187,189,"NT Ellis, P Simran Singh, S Dhawan, Atharva Taide, LS Livingstone, SM Curran, JM Sharma, M Shahrukh Khan, Harpreet Brar, RD Chahar, K Rabada, Arshdeep Singh","YS Chahal, YBK Jaiswal, JC Buttler, D Padikkal, SV Samson, SO Hetmyer, R Parag, Dhruv Jurel, TA Boult, A Zampa, Navdeep Saini, Sandeep Sharma",10,14,1,2,2,1,191.8,189.4,150.8,174.0,0.493,0.2,0.53,0.39,165.4,0.444,0.5,0.0
1359542,2023-05-20,"Eden Gardens, Kolkata",Lucknow Super Giants,Kolkata Knight Riders,Kolkata Knight Riders,field,Lucknow Super Giants,won by 1 runs,176,175,"Yash Thakur, KS Sharma, Q de Kock, PN Mankad, MP Stoinis, KH Pandya, A Badoni, N Pooran, K Gowtham, Ravi Bishnoi, Naveen-ul-Haq, Mohsin Khan","Harshit Rana, JJ Roy, VR Iyer, N Rana, Rahmanullah Gurbaz, RK Singh, AD Russell, SN Thakur, SP Narine, VG Arora, CV Varun, Suyash Sharma",2,0,2,0,2,3,153.2,141.4,165.6,164.0,0.375,1.0,0.568,0.514,156.69,0.607,0.0,0.588
1359541,2023-05-20,"Arun Jaitley Stadium, Delhi",Chennai Super Kings,Delhi Capitals,Chennai Super Kings,bat,Chennai Super Kings,won by 77 runs,223,146,"M Pathirana, RD Gaikwad, DP Conway, S Dube, MS Dhoni, RA Jadeja, AM Rahane, MM Ali, AT Rayudu, DL Chahar, TU Deshpande, M Theekshana","KK Ahmed, PP Shaw, DA Warner, PD Salt, RR Rossouw, YV Dhull, AR Patel, Aman Hakim Khan, Lalit Yadav, A Nortje, Kuldeep Yadav, C Sakariya",18,10,3,0,2,3,164.2,165.8,161.2,167.6,0.655,0.586,0.488,0.41,157.36,0.551,0.7,0.421
1359543,2023-05-21,"Wankhede Stadium, Mumbai",Sunrisers Hyderabad,Mumbai Indians,Mumbai Indians,field,Mumbai Indians,won by 8 wickets,200,201,"Kartik Tyagi, Vivrant Sharma, MA Agarwal, H Klaasen, GD Phillips, AK Markram, HC Brook, Sanvir Singh, Nithish Kumar Reddy, Mayank Dagar, B Kumar, Umran Malik","Ishan Kishan, RG Sharma, C Green, SA Yadav, TH David, N Wadhera, CJ Jordan, PP Chawla, JP Behrendorff, K Kartikeya, Akash Madhwal",9,10,1,2,1,3,181.0,189.0,189.0,184.2,0.5,0.355,0.57,0.549,163.76,0.55,0.182,0.61
1359544,2023-05-21,"M Chinnaswamy Stadium, Bengaluru",Royal Challengers Bengaluru,Gujarat Titans,Gujarat Titans,field,Gujarat Titans,won by 6 wickets,197,198,"H Sharma, V Kohli, F du Plessis, GJ Maxwell, MK Lomror, MG Bracewell, KD Karthik, Anuj Rawat, HV Patel, WD Parnell, Vijaykumar Vyshak, Mohammed Siraj","Yash Dayal, WP Saha, Shubman Gill, V Shankar, MD Shanaka, DA Miller, R Tewatia, HH Pandya, Rashid Khan, Noor Ahmad, Mohammed Shami, MM Sharma",1,1,1,1,3,3,172.8,148.0,170.0,158.2,0.5,0.485,0.818,0.5,158.62,0.524,0.463,0.0
1370350,2023-05-23,"MA Chidambaram Stadium, Chepauk, Chennai",Chennai Super Kings,Gujarat Titans,Gujarat Titans,field,Chennai Super Kings,won by 15 runs,172,157,"M Pathirana, RD Gaikwad, DP Conway, S Dube, AM Rahane, AT Rayudu, RA Jadeja, MS Dhoni, MM Ali, DL Chahar, TU Deshpande, M Theekshana","MM Sharma, WP Saha, Shubman Gill, HH Pandya, MD Shanaka, DA Miller, V Shankar, R Tewatia, Rashid Khan, DG Nalkande, Noor Ahmad, Mohammed Shami",0,3,0,3,3,4,174.8,154.6,184.6,171.6,0.655,0.593,0.833,0.5,156.51,0.4,0.698,0.0
1370351,2023-05-24,"MA Chidambaram Stadium, Chepauk, Chennai",Mumbai Indians,Lucknow Super Giants,Mumbai Indians,bat,Mumbai Indians,won by 81 runs,182,101,"Ishan Kishan, RG Sharma, C Green, SA Yadav, Tilak Varma, TH David, N Wadhera, CJ Jordan, HR Shokeen, PP Chawla, JP Behrendorff, Akash Madhwal","Yash Thakur, KR Mayers, PN Mankad, KH Pandya, MP Stoinis, A Badoni, N Pooran, DJ Hooda, K Gowtham, Ravi Bishnoi, Naveen-ul-Haq, Mohsin Khan",0,3,0,3,3,3,186.0,181.4,166.8,151.2,0.575,0.549,0.375,1.0,156.61,0.387,0.5,0.0
1370352,2023-05-26,"Narendra Modi Stadium, Ahmedabad",Gujarat Titans,Mumbai Indians,Mumbai Indians,field,Gujarat Titans,won by 62 runs,233,171,"J Little, WP Saha, Shubman Gill, B Sai Sudharsan, HH Pandya, Rashid Khan, DA Miller, R Tewatia, V Shankar, Noor Ahmad, Mohammed Shami, MM Sharma","Ishan Kishan, Akash Madhwal, RG Sharma, N Wadhera, C Green, SA Yadav, Tilak Varma, Vishnu Vinod, TH David, CJ Jordan, PP Chawla, K Kartikeya, JP Behrendorff",1,2,1,2,3,4,192.2,182.4,194.6,173.6,0.769,0.5,0.575,0.558,164.96,0.545,0.625,0.0
1370353,2023-05-29,"Narendra Modi Stadium, Ahmedabad",Gujarat Titans,Chennai Super Kings,Chennai Super Kings,field,Chennai Super Kings,won by 5 wickets,214,171,"WP Saha, Shubman Gill, B Sai Sudharsan, HH Pandya, Rashid Khan, V Shankar, DA Miller, R Tewatia, MM Sharma, Noor Ahmad, Mohammed Shami, J Little","RD Gaikwad, DP Conway, S Dube, AM Rahane, AT Rayudu, MS Dhoni, RA Jadeja, MM Ali, DL Chahar, M Pathirana, TU Deshpande, M Theekshana",3,1,2,1,3,4,193.4,182.4,169.2,145.8,0.769,0.5,0.655,0.593,167.43,0.5,0.667,0.0
1422119,2024-03-22,"MA Chidambaram Stadium, Chepauk, Chennai",Royal Challengers Bengaluru,Chennai Super Kings,Royal Challengers Bengaluru,bat,Chennai Super Kings,won by 6 wickets,173,176,"V Kohli, F du Plessis, RM Patidar, GJ Maxwell, C Green, Anuj Rawat, KD Karthik, KV Sharma, AS Joseph, Mayank Dagar, Mohammed Siraj, Yash Dayal","RD Gaikwad, R Ravindra, AM Rahane, DJ Mitchell, S Dube, RA Jadeja, Sameer Rizvi, MS Dhoni, DL Chahar, M Theekshana, TU Deshpande, Mustafizur Rahman",10,20,1,2,2,4,187.0,166.0,175.4,160.8,0.5,0.485,0.661,0.593,156.41,0.387,0.417,0.703
1422120,2024-03-23,"Maharaja Yadavindra Singh International Cricket Stadium, Mullanpur",Delhi Capitals,Punjab Kings,Punjab Kings,field,Punjab Kings,won by 4 wickets,174,177,"DA Warner, MR Marsh, SD Hope, RR Pant, RK Bhui, T Stubbs, AR Patel, Sumit Kumar, Abishek Porel, Kuldeep Yadav, KK Ahmed, I Sharma","Arshdeep Singh, S Dhawan, JM Bairstow, P Simran Singh, SM Curran, JM Sharma, LS Livingstone, Shashank Singh, Harpreet Brar, HV Patel, K Rabada, RD Chahar",15,16,2,1,2,1,164.4,187.2,189.0,187.2,0.488,0.41,0.493,0.2,0.0,0.0,0.0,0.0
1422121,2024-03-23,"Eden Gardens, Kolkata",Kolkata Knight Riders,Sunrisers Hyderabad,Sunrisers Hyderabad,field,Kolkata Knight Riders,won by 4 runs,208,204,"Suyash Sharma, PD Salt, SP Narine, VR Iyer, SS Iyer, N Rana, Ramandeep Singh, RK Singh, AD Russell, MA Starc, Harshit Rana, CV Varun","T Natarajan, MA Agarwal, Abhishek Sharma, RA Tripathi, AK Markram, H Klaasen, Abdul Samad, Shahbaz Ahmed, M Jansen, PJ Cummins, B Kumar, M Markande",15,9,2,1,3,1,164.8,163.2,187.8,195.0,0.561,0.514,0.5,0.355,156.91,0.596,0.58,0.333
1422122,2024-03-24,"Sawai Mansingh Stadium, Jaipur",Rajasthan Royals,Lucknow Super Giants,Rajasthan Royals,bat,Rajasthan Royals,won by 20 runs,193,173,"YBK Jaiswal, JC Buttler, SV Samson, R Parag, SO Hetmyer, Dhruv Jurel, R Ashwin, Sandeep Sharma, YS Chahal, Avesh Khan, TA Boult, N Burger","Q de Kock, KL Rahul, D Padikkal, A Badoni, DJ Hooda, N Pooran, MP Stoinis, KH Pandya, Ravi Bishnoi, Mohsin Khan, Naveen-ul-Haq, Yash Thakur",2,1,2,1,2,3,146.2,168.6,162.0,187.6,0.537,0.39,0.375,1.0,152.23,0.655,0.635,1.0
1422123,2024-03-24,"Narendra Modi Stadium, Ahmedabad",Gujarat Titans,Mumbai Indians,Mumbai Indians,field,Gujarat Titans,won by 6 runs,168,162,"MM Sharma, WP Saha, Shubman Gill, B Sai Sudharsan, Azmatullah Omarzai, DA Miller, V Shankar, R Tewatia, Rashid Khan, UT Yadav, R Sai Kishore, SH Johnson","L Wood, Ishan Kishan, RG Sharma, Naman Dhir, D Brevis, Tilak Varma, TH David, HH Pandya, G Coetzee, SZ Mulani, PP Chawla, JJ Bumrah",2,2,2,1,3,3,198.0,173.0,188.8,180.4,0.769,0.5,0.568,0.558,169.0,0.538,0.6,0.0
1422124,2024-03-25,"M Chinnaswamy Stadium, Bengaluru",Punjab Kings,Royal Challengers Bengaluru,Royal Challengers Bengaluru,field,Royal Challengers Bengaluru,won by 4 wickets,176,178,"Arshdeep Singh, S Dhawan, JM Bairstow, P Simran Singh, LS Livingstone, SM Curran, JM Sharma, Shashank Singh, Harpreet Brar, HV Patel, K Rabada, RD Chahar","Yash Dayal, V Kohli, F du Plessis, C Green, RM Patidar, GJ Maxwell, Anuj Rawat, KD Karthik, MK Lomror, AS Joseph, Mayank Dagar, Mohammed Siraj",17,14,2,1,2,2,181.6,178.8,185.4,163.8,0.5,0.2,0.5,0.471,159.16,0.531,0.5,0.456
1422125,2024-03-26,"MA Chidambaram Stadium, Chepauk, Chennai",Chennai Super Kings,Gujarat Titans,Gujarat Titans,field,Chennai Super Kings,won by 63 runs,206,143,"M Pathirana, RD Gaikwad, R Ravindra, AM Rahane, S Dube, DJ Mitchell, Sameer Rizvi, RA Jadeja, MS Dhoni, DL Chahar, TU Deshpande, Mustafizur Rahman","MM Sharma, WP Saha, Shubman Gill, B Sai Sudharsan, V Shankar, DA Miller, Azmatullah Omarzai, R Tewatia, Rashid Khan, UT Yadav, SH Johnson, R Sai Kishore",2,3,2,1,4,3,177.2,167.4,194.0,174.6,0.661,0.593,0.769,0.5,156.65,0.387,0.708,0.0
1422126,2024-03-27,"Rajiv Gandhi International Stadium, Uppal, Hyderabad",Sunrisers Hyderabad,Mumbai Indians,Mumbai Indians,field,Sunrisers Hyderabad,won by 31 runs,277,246,"Umran Malik, MA Agarwal, TM Head, Abhishek Sharma, AK Markram, H Klaasen, Abdul Samad, Shahbaz Ahmed, PJ Cummins, B Kumar, M Markande, JD Unadkat","KT Maphaka, RG Sharma, Ishan Kishan, Naman Dhir, Tilak Varma, HH Pandya, TH David, R Shepherd, G Coetzee, JJ Bumrah, PP Chawla, SZ Mulani",9,11,1,2,0,2,185.2,193.8,177.6,175.8,0.49,0.355,0.561,0.558,153.76,0.425,0.588,0.667
1422127,2024-03-28,"Sawai Mansingh Stadium, Jaipur",Rajasthan Royals,Delhi Capitals,Delhi Capitals,field,Rajasthan Royals,won by 12 runs,185,173,"N Burger, YBK Jaiswal, JC Buttler, SV Samson, R Parag, R Ashwin, Dhruv Jurel, SO Hetmyer, TA Boult, Avesh Khan, Sandeep Sharma, YS Chahal","KK Ahmed, DA Warner, MR Marsh, RK Bhui, RR Pant, T Stubbs, Abishek Porel, AR Patel, Sumit Kumar, Kuldeep Yadav, A Nortje, Mukesh Kumar",14,13,2,1,3,1,161.2,179.4,161.8,186.4,0.537,0.405,0.488,0.41,152.81,0.655,0.642,0.333
1422128,2024-03-29,"M Chinnaswamy Stadium, Bengaluru",Royal Challengers Bengaluru,Kolkata Knight Riders,Kolkata Knight Riders,field,Kolkata Knight Riders,won by 7 wickets,182,186,"Vijaykumar Vyshak, V Kohli, F du Plessis, C Green, GJ Maxwell, RM Patidar, Anuj Rawat, KD Karthik, AS Joseph, Mayank Dagar, Mohammed Siraj, Yash Dayal","CV Varun, PD Salt, SP Narine, VR Iyer, SS Iyer, RK Singh, AD Russell, Ramandeep Singh, MA Starc, AS Roy, Harshit Rana, A Raghuvanshi",14,18,1,2,3,3,181.2,159.0,172.2,170.8,0.506,0.471,0.561,0.514,159.4,0.538,0.464,0.583
1422129,2024-03-30,"Bharat Ratna Shri Atal Bihari Vajpayee Ekana Cricket Stadium, Lucknow",Lucknow Super Giants,Punjab Kings,Lucknow Super Giants,bat,Lucknow Super Giants,won by 21 runs,199,178,"Q de Kock, KL Rahul, D Padikkal, MP Stoinis, N Pooran, A Badoni, KH Pandya, Ravi Bishnoi, Mohsin Khan, Naveen-ul-Haq, MP Yadav, M Siddharth","Arshdeep Singh, S Dhawan, JM Bairstow, P Simran Singh, JM Sharma, LS Livingstone, SM Curran, Shashank Singh, Harpreet Brar, HV Patel, K Rabada, RD Chahar",2,1,2,1,3,2,162.4,180.8,181.0,178.0,0.375,1.0,0.5,0.2,133.93,0.25,0.429,1.0
1422131,2024-03-31,"Dr. Y.S. Rajasekhara Reddy ACA-VDCA Cricket Stadium, Visakhapatnam",Delhi Capitals,Chennai Super Kings,Delhi Capitals,bat,Delhi Capitals,won by 20 runs,191,171,"Rasikh Salam, PP Shaw, DA Warner, RR Pant, MR Marsh, T Stubbs, AR Patel, Abishek Porel, A Nortje, Mukesh Kumar, I Sharma, KK Ahmed","M Pathirana, RD Gaikwad, R Ravindra, AM Rahane, DJ Mitchell, S Dube, Sameer Rizvi, RA Jadeja, MS Dhoni, DL Chahar, TU Deshpande, Mustafizur Rahman",10,19,0,3,1,5,168.4,190.0,189.6,166.6,0.482,0.41,0.661,0.593,144.08,0.5,0.4,1.0
1422130,2024-03-31,"Narendra Modi Stadium, Ahmedabad",Sunrisers Hyderabad,Gujarat Titans,Sunrisers Hyderabad,bat,Gujarat Titans,won by 7 wickets,162,168,"TM Head, MA Agarwal, Abhishek Sharma, AK Markram, H Klaasen, Shahbaz Ahmed, Abdul Samad, Washington Sundar, PJ Cummins, B Kumar, M Markande, JD Unadkat","MM Sharma, WP Saha, Shubman Gill, B Sai Sudharsan, DA Miller, V Shankar, Azmatullah Omarzai, R Tewatia, Rashid Khan, UT Yadav, Noor Ahmad, DG Nalkande",1,2,1,2,1,2,204.2,206.0,183.0,176.4,0.49,0.355,0.714,0.5,168.76,0.5,0.0,0.636
1422132,2024-04-01,"Wankhede Stadium, Mumbai",Mumbai Indians,Rajasthan Royals,Rajasthan Royals,field,Rajasthan Royals,won by 6 wickets,125,127,"Ishan Kishan, RG Sharma, Naman Dhir, D Brevis, Tilak Varma, HH Pandya, PP Chawla, TH David, G Coetzee, JJ Bumrah, Akash Madhwal, KT Maphaka","YS Chahal, YBK Jaiswal, JC Buttler, SV Samson, R Parag, R Ashwin, SB Dubey, Dhruv Jurel, SO Hetmyer, TA Boult, Avesh Khan, N Burger",15,12,2,1,2,4,192.4,195.8,155.4,170.6,0.554,0.558,0.537,0.405,164.09,0.556,0.615,0.474
1422133,2024-04-02,"M Chinnaswamy Stadium, Bengaluru",Lucknow Super Giants,Royal Challengers Bengaluru,Royal Challengers Bengaluru,field,Lucknow Super Giants,won by 28 runs,181,153,"M Siddharth, Q de Kock, KL Rahul, D Padikkal, MP Stoinis, N Pooran, A Badoni, KH Pandya, Ravi Bishnoi, Yash Thakur, Naveen-ul-Haq, MP Yadav","Yash Dayal, V Kohli, F du Plessis, RM Patidar, GJ Maxwell, C Green, Anuj Rawat, MK Lomror, KD Karthik, Mayank Dagar, RJW Topley, Mohammed Siraj",1,3,1,2,3,2,165.2,180.0,183.4,184.4,0.375,1.0,0.506,0.471,159.74,0.545,1.0,0.457
1422134,2024-04-03,"Dr. Y.S. Rajasekhara Reddy ACA-VDCA Cricket Stadium, Visakhapatnam",Kolkata Knight Riders,Delhi Capitals,Kolkata Knight Riders,bat,Kolkata Knight Riders,won by 106 runs,272,166,"VG Arora, PD Salt, SP Narine, A Raghuvanshi, AD Russell, SS Iyer, RK Singh, VR Iyer, Ramandeep Singh, MA Starc, Harshit Rana, CV Varun","KK Ahmed, DA Warner, PP Shaw, MR Marsh, Abishek Porel, RR Pant, T Stubbs, AR Patel, Sumit Kumar, Rasikh Salam, A Nortje, I Sharma",16,14,0,3,3,2,173.0,171.4,179.4,190.8,0.566,0.514,0.482,0.425,146.71,0.5,0.0,0.5
1422135,2024-04-04,"Narendra Modi Stadium, Ahmedabad",Gujarat Titans,Punjab Kings,Punjab Kings,field,Punjab Kings,won by 3 wickets,199,200,"MM Sharma, WP Saha, Shubman Gill, KS Williamson, B Sai Sudharsan, V Shankar, R Tewatia, Azmatullah Omarzai, Rashid Khan, Noor Ahmad, UT Yadav, DG Nalkande","Arshdeep Singh, S Dhawan, JM Bairstow, P Simran Singh, SM Curran, Sikandar Raza, Shashank Singh, JM Sharma, Ashutosh Sharma, Harpreet Brar, HV Patel, K Rabada",2,1,2,1,3,1,185.2,174.4,183.2,190.6,0.714,0.5,0.5,0.2,168.56,0.5,0.667,0.333
1422136,2024-04-05,"Rajiv Gandhi International Stadium, Uppal, Hyderabad",Chennai Super Kings,Sunrisers Hyderabad,Sunrisers Hyderabad,field,Sunrisers Hyderabad,won by 6 wickets,165,166,"Mukesh Choudhary, R Ravindra, RD Gaikwad, AM Rahane, S Dube, RA Jadeja, DJ Mitchell, MS Dhoni, MM Ali, DL Chahar, TU Deshpande, M Theekshana","T Natarajan, TM Head, Abhishek Sharma, AK Markram, Shahbaz Ahmed, H Klaasen, Nithish Kumar Reddy, Abdul Samad, PJ Cummins, B Kumar, M Markande, JD Unadkat",14,5,2,1,4,1,179.2,175.6,205.8,202.0,0.661,0.593,0.49,0.344,155.26,0.415,0.5,0.596
1422137,2024-04-06,"Sawai Mansingh Stadium, Jaipur",Royal Challengers Bengaluru,Rajasthan Royals,Rajasthan Royals,field,Rajasthan Royals,won by 6 wickets,183,189,"H Sharma, V Kohli, F du Plessis, GJ Maxwell, Saurav Chauhan, C Green, RM Patidar, KD Karthik, RJW Topley, Mayank Dagar, Mohammed Siraj, Yash Dayal","YS Chahal, YBK Jaiswal, JC Buttler, SV Samson, R Parag, Dhruv Jurel, SO Hetmyer, R Ashwin, TA Boult, Avesh Khan, N Burger, SB Dubey",15,12,2,1,1,4,176.6,183.4,150.6,165.8,0.5,0.471,0.544,0.405,153.3,0.633,0.5,0.648
1422139,2024-04-07,"Bharat Ratna Shri Atal Bihari Vajpayee Ekana Cricket Stadium, Lucknow",Lucknow Super Giants,Gujarat Titans,Lucknow Super Giants,bat,Lucknow Super Giants,won by 33 runs,163,130,"M Siddharth, Q de Kock, KL Rahul, D Padikkal, MP Stoinis, N Pooran, A Badoni, KH Pandya, Ravi Bishnoi, Naveen-ul-Haq, Yash Thakur, MP Yadav","MM Sharma, B Sai Sudharsan, Shubman Gill, KS Williamson, BR Sharath, V Shankar, DG Nalkande, R Tewatia, Rashid Khan, UT Yadav, SH Johnson, Noor Ahmad",0,4,0,3,3,2,166.0,176.2,178.4,180.2,0.375,1.0,0.714,0.5,140.75,0.25,0.5,1.0
1422138,2024-04-07,"Wankhede Stadium, Mumbai",Mumbai Indians,Delhi Capitals,Delhi Capitals,field,Mumbai Indians,won by 29 runs,234,205,"Akash Madhwal, RG Sharma, Ishan Kishan, SA Yadav, HH Pandya, Tilak Varma, TH David, R Shepherd, Mohammad Nabi, G Coetzee, PP Chawla, JJ Bumrah","KK Ahmed, PP Shaw, DA Warner, Abishek Porel, T Stubbs, RR Pant, AR Patel, Lalit Yadav, Kumar Kushagra, JA Richardson, A Nortje, I Sharma",18,15,2,1,1,1,177.2,181.2,170.0,205.6,0.554,0.558,0.482,0.425,163.75,0.561,0.608,0.353
1426260,2024-04-08,"MA Chidambaram Stadium, Chepauk, Chennai",Kolkata Knight Riders,Chennai Super Kings,Chennai Super Kings,field,Chennai Super Kings,won by 7 wickets,137,141,"PD Salt, SP Narine, A Raghuvanshi, SS Iyer, VR Iyer, Ramandeep Singh, RK Singh, AD Russell, AS Roy, MA Starc, VG Arora, CV Varun","Mustafizur Rahman, R Ravindra, RD Gaikwad, DJ Mitchell, S Dube, MS Dhoni, AM Rahane, Sameer Rizvi, RA Jadeja, SN Thakur, TU Deshpande, M Theekshana",10,18,2,1,4,3,197.6,174.4,177.8,177.4,0.566,0.526,0.661,0.593,156.88,0.375,0.308,0.712
1426261,2024-04-09,"Maharaja Yadavindra Singh International Cricket Stadium, Mullanpur",Sunrisers Hyderabad,Punjab Kings,Punjab Kings,field,Sunrisers Hyderabad,won by 2 runs,182,180,"TM Head, Abhishek Sharma, AK Markram, Nithish Kumar Reddy, RA Tripathi, H Klaasen, Abdul Samad, Shahbaz Ahmed, PJ Cummins, B Kumar, JD Unadkat, T Natarajan","Arshdeep Singh, S Dhawan, JM Bairstow, P Simran Singh, SM Curran, Sikandar Raza, Shashank Singh, JM Sharma, Ashutosh Sharma, Harpreet Brar, HV Patel, K Rabada",14,7,2,1,2,2,201.8,197.6,183.6,187.8,0.5,0.344,0.507,0.2,175.5,1.0,0.0,1.0
1426262,2024-04-10,"Sawai Mansingh Stadium, Jaipur",Rajasthan Royals,Gujarat Titans,Gujarat Titans,field,Gujarat Titans,won by 3 wickets,196,199,"KA Maharaj, YBK Jaiswal, JC Buttler, SV Samson, R Parag, SO Hetmyer, Dhruv Jurel, R Ashwin, TA Boult, Avesh Khan, KR Sen, YS Chahal","MM Sharma, B Sai Sudharsan, Shubman Gill, MS Wade, A Manohar, V Shankar, R Tewatia, M Shahrukh Khan, Rashid Khan, Noor Ahmad, UT Yadav, SH Johnson",1,4,1,2,5,2,176.6,168.2,161.6,178.6,0.551,0.405,0.714,0.5,153.89,0.645,0.655,1.0
1426263,2024-04-11,"Wankhede Stadium, Mumbai",Royal Challengers Bengaluru,Mumbai Indians,Mumbai Indians,field,Mumbai Indians,won by 7 wickets,196,199,"V Kohli, F du Plessis, WG Jacks, RM Patidar, GJ Maxwell, KD Karthik, MK Lomror, Saurav Chauhan, Vijaykumar Vyshak, Akash Deep, RJW Topley, Mohammed Siraj","Akash Madhwal, Ishan Kishan, RG Sharma, SA Yadav, HH Pandya, Tilak Varma, TH David, Mohammad Nabi, R Shepherd, S Gopal, JJ Bumrah, G Coetzee",13,18,2,1,1,1,173.8,181.6,187.6,202.0,0.5,0.471,0.554,0.558,164.24,0.554,0.471,0.613
1426264,2024-04-12,"Bharat Ratna Shri Atal Bihari Vajpayee Ekana Cricket Stadium, Lucknow",Lucknow Super Giants,Delhi Capitals,Lucknow Super Giants,bat,Delhi Capitals,won by 6 wickets,167,170,"Q de Kock, KL Rahul, D Padikkal, MP Stoinis, N Pooran, DJ Hooda, A Badoni, KH Pandya, Arshad Khan, Ravi Bishnoi, Naveen-ul-Haq, Yash Thakur","KK Ahmed, PP Shaw, DA Warner, J Fraser-McGurk, RR Pant, T Stubbs, SD Hope, AR Patel, Kuldeep Yadav, Mukesh Kumar, I Sharma, Abishek Porel",3,0,3,0,3,1,163.4,167.2,181.8,207.8,0.375,1.0,0.477,0.425,141.39,0.25,0.556,0.0
1426265,2024-04-13,"Maharaja Yadavindra Singh International Cricket Stadium, Mullanpur",Punjab Kings,Rajasthan Royals,Rajasthan Royals,field,Rajasthan Royals,won by 3 wickets,147,152,"Atharva Taide, JM Bairstow, P Simran Singh, SM Curran, JM Sharma, Shashank Singh, LS Livingstone, Ashutosh Sharma, Harpreet Brar, HV Patel, K Rabada, Arshdeep Singh","KR Sen, YBK Jaiswal, Tanush Kotian, SV Samson, R Parag, Dhruv Jurel, SO Hetmyer, R Powell, KA Maharaj, TA Boult, Avesh Khan, YS Chahal",10,15,1,2,2,4,182.2,186.4,178.0,170.6,0.5,0.2,0.551,0.405,178.25,0.5,0.5,0.0
1426266,2024-04-14,"Eden Gardens, Kolkata",Lucknow Super Giants,Kolkata Knight Riders,Kolkata Knight Riders,field,Kolkata Knight Riders,won by 8 wickets,161,162,"Q de Kock, KL Rahul, DJ Hooda, A Badoni, MP Stoinis, N Pooran, KH Pandya, Arshad Khan (2), Mohsin Khan, Ravi Bishnoi, S Joseph, Yash Thakur","CV Varun, PD Salt, SP Narine, A Raghuvanshi, SS Iyer, VR Iyer, AD Russell, Ramandeep Singh, MA Starc, VG Arora, Harshit Rana, RK Singh",3,0,3,0,3,3,176.6,164.8,195.6,173.8,0.375,0.8,0.566,0.526,157.48,0.586,0.5,0.585
1426267,2024-04-14,"Wankhede Stadium, Mumbai",Chennai Super Kings,Mumbai Indians,Mumbai Indians,field,Chennai Super Kings,won by 20 runs,206,186,"AM Rahane, R Ravindra, RD Gaikwad, S Dube, DJ Mitchell, MS Dhoni, RA Jadeja, Sameer Rizvi, SN Thakur, TU Deshpande, Mustafizur Rahman, M Pathirana","Akash Madhwal, RG Sharma, Ishan Kishan, SA Yadav, Tilak Varma, HH Pandya, TH David, R Shepherd, Mohammad Nabi, S Gopal, JJ Bumrah, G Coetzee",16,20,2,1,3,2,171.8,162.0,193.2,194.6,0.667,0.593,0.56,0.558,164.54,0.56,0.5,0.617
1426268,2024-04-15,"M Chinnaswamy Stadium, Bengaluru",Sunrisers Hyderabad,Royal Challengers Bengaluru,Royal Challengers Bengaluru,field,Sunrisers Hyderabad,won by 25 runs,287,262,"M Markande, Abhishek Sharma, TM Head, H Klaasen, AK Markram, Abdul Samad, Shahbaz Ahmed, PJ Cummins, B Kumar, JD Unadkat, T Natarajan, Nithish Kumar Reddy","Yash Dayal, V Kohli, F du Plessis, WG Jacks, RM Patidar, Saurav Chauhan, KD Karthik, MK Lomror, Anuj Rawat, Vijaykumar Vyshak, RJW Topley, LH Ferguson",11,10,1,2,3,1,198.2,193.4,178.4,186.2,0.5,0.344,0.5,0.471,159.83,0.537,0.333,0.451
1426269,2024-04-16,"Eden Gardens, Kolkata",Kolkata Knight Riders,Rajasthan Royals,Rajasthan Royals,field,Rajasthan Royals,won by 2 wickets,223,224,"VG Arora, PD Salt, SP Narine, A Raghuvanshi, SS Iyer, AD Russell, RK Singh, VR Iyer, Ramandeep Singh, MA Starc, CV Varun, Harshit Rana","KR Sen, YBK Jaiswal, JC Buttler, SV Samson, R Parag, Dhruv Jurel, R Ashwin, SO Hetmyer, R Powell, TA Boult, Avesh Khan, YS Chahal",14,11,1,2,4,4,193.0,170.8,169.8,165.4,0.571,0.526,0.557,0.405,157.52,0.593,0.59,0.273
1426270,2024-04-17,"Narendra Modi Stadium, Ahmedabad",Gujarat Titans,Delhi Capitals,Delhi Capitals,field,Delhi Capitals,won by 6 wickets,89,92,"WP Saha, Shubman Gill, B Sai Sudharsan, DA Miller, A Manohar, R Tewatia, M Shahrukh Khan, Rashid Khan, MM Sharma, Noor Ahmad, SH Johnson, S Sandeep Warrier","KK Ahmed, PP Shaw, J Fraser-McGurk, Abishek Porel, SD Hope, RR Pant, Sumit Kumar, T Stubbs, AR Patel, Kuldeep Yadav, I Sharma, Mukesh Kumar",2,1,2,1,2,2,167.8,185.4,181.0,205.8,0.733,0.5,0.477,0.425,170.18,0.533,0.615,0.75
1426271,2024-04-18,"Maharaja Yadavindra Singh International Cricket Stadium, Mullanpur",Mumbai Indians,Punjab Kings,Punjab Kings,field,Mumbai Indians,won by 9 runs,192,183,"Akash Madhwal, Ishan Kishan, RG Sharma, SA Yadav, Tilak Varma, HH Pandya, TH David, R Shepherd, Mohammad Nabi, G Coetzee, S Gopal, JJ Bumrah","Arshdeep Singh, SM Curran, P Simran Singh, RR Rossouw, LS Livingstone, Harpreet Singh, Shashank Singh, JM Sharma, Ashutosh Sharma, Harpreet Brar, HV Patel, K Rabada",16,14,1,2,2,1,198.0,202.2,176.2,182.0,0.553,0.558,0.5,0.2,168.67,0.667,0.0,0.333
1426272,2024-04-19,"Bharat Ratna Shri Atal Bihari Vajpayee Ekana Cricket Stadium, Lucknow",Chennai Super Kings,Lucknow Super Giants,Lucknow Super Giants,field,Lucknow Super Giants,won by 8 wickets,176,180,"AM Rahane, R Ravindra, RD Gaikwad, RA Jadeja, S Dube, Sameer Rizvi, MM Ali, MS Dhoni, DL Chahar, TU Deshpande, Mustafizur Rahman, M Pathirana","Q de Kock, KL Rahul, N Pooran, MP Stoinis, DJ Hooda, A Badoni, KH Pandya, MJ Henry, Ravi Bishnoi, Mohsin Khan, Yash Thakur",1,1,1,1,3,3,177.8,164.6,174.2,158.6,0.667,0.593,0.375,0.8,144.1,0.25,0.0,0.5
1426273,2024-04-20,"Arun Jaitley Stadium, Delhi",Sunrisers Hyderabad,Delhi Capitals,Delhi Capitals,field,Sunrisers Hyderabad,won by 67 runs,266,199,"TM Head, Abhishek Sharma, AK Markram, H Klaasen, Nithish Kumar Reddy, Shahbaz Ahmed, Abdul Samad, PJ Cummins, Washington Sundar, B Kumar, T Natarajan, M Markande","KK Ahmed, PP Shaw, DA Warner, J Fraser-McGurk, Abishek Porel, T Stubbs, RR Pant, Lalit Yadav, AR Patel, A Nortje, Kuldeep Yadav, Mukesh Kumar",12,10,1,2,4,3,214.8,204.2,164.8,186.6,0.5,0.344,0.483,0.425,157.68,0.551,0.636,0.416
1426275,2024-04-21,"Maharaja Yadavindra Singh International Cricket Stadium, Mullanpur",Punjab Kings,Gujarat Titans,Punjab Kings,bat,Gujarat Titans,won by 3 wickets,142,146,"SM Curran, P Simran Singh, RR Rossouw, JM Sharma, LS Livingstone, Shashank Singh, Ashutosh Sharma, Harpreet Singh, Harpreet Brar, HV Patel, K Rabada, Arshdeep Singh","S Sandeep Warrier, WP Saha, Shubman Gill, B Sai Sudharsan, DA Miller, Azmatullah Omarzai, R Tewatia, M Shahrukh Khan, Rashid Khan, R Sai Kishore, Noor Ahmad, MM Sharma",2,2,2,1,1,2,177.6,184.8,157.0,162.6,0.493,0.2,0.733,0.5,173.38,0.5,0.25,0.0
1426274,2024-04-21,"Eden Gardens, Kolkata",Kolkata Knight Riders,Royal Challengers Bengaluru,Royal Challengers Bengaluru,field,Kolkata Knight Riders,won by 1 runs,222,221,"Suyash Sharma, PD Salt, SP Narine, A Raghuvanshi, VR Iyer, SS Iyer, RK Singh, AD Russell, Ramandeep Singh, MA Starc, CV Varun, Harshit Rana","Yash Dayal, V Kohli, F du Plessis, WG Jacks, RM Patidar, C Green, SS Prabhudessai, MK Lomror, KD Karthik, KV Sharma, Mohammed Siraj, LH Ferguson",19,14,3,0,3,0,196.0,174.8,195.2,208.4,0.571,0.526,0.494,0.471,158.26,0.6,0.583,0.417
1426276,2024-04-22,"Sawai Mansingh Stadium, Jaipur",Mumbai Indians,Rajasthan Royals,Mumbai Indians,bat,Rajasthan Royals,won by 9 wickets,179,183,"N Thushara, RG Sharma, Ishan Kishan, SA Yadav, Tilak Varma, Mohammad Nabi, N Wadhera, HH Pandya, TH David, G Coetzee, PP Chawla, JJ Bumrah","YS Chahal, YBK Jaiswal, JC Buttler, SV Samson, R Powell, R Parag, SO Hetmyer, Dhruv Jurel, R Ashwin, TA Boult, Avesh Khan, Sandeep Sharma",15,13,2,1,3,4,187.2,183.4,177.6,175.4,0.553,0.558,0.563,0.405,154.67,0.656,0.286,0.643
1426277,2024-04-23,"MA Chidambaram Stadium, Chepauk, Chennai",Chennai Super Kings,Lucknow Super Giants,Lucknow Super Giants,field,Lucknow Super Giants,won by 6 wickets,210,213,"SN Thakur, AM Rahane, RD Gaikwad, DJ Mitchell, RA Jadeja, S Dube, MS Dhoni, MM Ali, DL Chahar, TU Deshpande, Mustafizur Rahman, M Pathirana","Yash Thakur, Q de Kock, KL Rahul, MP Stoinis, D Padikkal, N Pooran, DJ Hooda, A Badoni, KH Pandya, MJ Henry, Ravi Bishnoi, Mohsin Khan",1,2,1,2,2,3,171.8,172.0,170.4,158.2,0.667,0.593,0.444,0.8,156.65,0.394,0.716,0.0
1426278,2024-04-24,"Arun Jaitley Stadium, Delhi",Delhi Capitals,Gujarat Titans,Gujarat Titans,field,Delhi Capitals,won by 4 runs,224,220,"Rasikh Salam, PP Shaw, J Fraser-McGurk, AR Patel, SD Hope, RR Pant, T Stubbs, Abishek Porel, Kuldeep Yadav, A Nortje, KK Ahmed, Mukesh Kumar","S Sandeep Warrier, WP Saha, Shubman Gill, B Sai Sudharsan, Azmatullah Omarzai, DA Miller, M Shahrukh Khan, R Tewatia, Rashid Khan, R Sai Kishore, MM Sharma, Noor Ahmad",2,2,2,1,2,2,166.4,205.6,152.6,158.6,0.477,0.425,0.733,0.5,158.55,0.54,0.41,1.0
1426279,2024-04-25,"Rajiv Gandhi International Stadium, Uppal, Hyderabad",Royal Challengers Bengaluru,Sunrisers Hyderabad,Royal Challengers Bengaluru,bat,Royal Challengers Bengaluru,won by 35 runs,206,171,"V Kohli, F du Plessis, WG Jacks, RM Patidar, C Green, MK Lomror, KD Karthik, Swapnil Singh, KV Sharma, LH Ferguson, Yash Dayal, Mohammed Siraj","T Natarajan, Abhishek Sharma, TM Head, AK Markram, Nithish Kumar Reddy, H Klaasen, Shahbaz Ahmed, Abdul Samad, PJ Cummins, B Kumar, JD Unadkat, M Markande",10,12,2,1,0,4,203.0,215.6,212.6,194.8,0.488,0.471,0.5,0.344,155.4,0.429,0.273,0.604
1426280,2024-04-26,"Eden Gardens, Kolkata",Kolkata Knight Riders,Punjab Kings,Punjab Kings,field,Punjab Kings,won by 8 wickets,261,262,"AS Roy, PD Salt, SP Narine, VR Iyer, AD Russell, SS Iyer, RK Singh, Ramandeep Singh, A Raghuvanshi, CV Varun, Harshit Rana, PVD Chameera","Arshdeep Singh, P Simran Singh, JM Bairstow, RR Rossouw, Shashank Singh, SM Curran, JM Sharma, Ashutosh Sharma, Harpreet Brar, HV Patel, K Rabada, RD Chahar",21,11,2,1,3,1,203.2,182.6,170.4,174.2,0.571,0.526,0.493,0.194,158.97,0.59,0.588,0.25
1426282,2024-04-27,"Bharat Ratna Shri Atal Bihari Vajpayee Ekana Cricket Stadium, Lucknow",Lucknow Super Giants,Rajasthan Royals,Rajasthan Royals,field,Rajasthan Royals,won by 7 wickets,196,199,"A Mishra, Q de Kock, KL Rahul, MP Stoinis, DJ Hooda, N Pooran, A Badoni, KH Pandya, MJ Henry, Ravi Bishnoi, Mohsin Khan, Yash Thakur","YS Chahal, YBK Jaiswal, JC Buttler, SV Samson, R Parag, Dhruv Jurel, R Powell, SO Hetmyer, R Ashwin, TA Boult, Avesh Khan, Sandeep Sharma",1,3,1,2,3,4,176.8,169.6,188.8,186.2,0.5,0.8,0.563,0.405,147.18,0.4,0.545,0.0
1426281,2024-04-27,"Arun Jaitley Stadium, Delhi",Delhi Capitals,Mumbai Indians,Mumbai Indians,field,Delhi Capitals,won by 10 runs,257,247,"Rasikh Salam, J Fraser-McGurk, Abishek Porel, SD Hope, RR Pant, T Stubbs, AR Patel, Kumar Kushagra, Kuldeep Yadav, LB Williams, KK Ahmed, Mukesh Kumar","N Thushara, Ishan Kishan, RG Sharma, SA Yadav, Tilak Varma, HH Pandya, N Wadhera, TH David, Mohammad Nabi, PP Chawla, L Wood, JJ Bumrah",15,19,0,3,3,3,178.0,195.2,198.0,194.6,0.477,0.425,0.553,0.547,159.28,0.529,0.418,0.5
1426283,2024-04-28,"Narendra Modi Stadium, Ahmedabad",Gujarat Titans,Royal Challengers Bengaluru,Royal Challengers Bengaluru,field,Royal Challengers Bengaluru,won by 9 wickets,200,206,"S Sandeep Warrier, WP Saha, Shubman Gill, B Sai Sudharsan, M Shahrukh Khan, DA Miller, Azmatullah Omarzai, R Tewatia, Rashid Khan, R Sai Kishore, MM Sharma, Noor Ahmad","V Kohli, F du Plessis, WG Jacks, RM Patidar, GJ Maxwell, C Green, KD Karthik, KV Sharma, Mohammed Siraj, Yash Dayal, Swapnil Singh",2,1,2,1,2,1,156.8,163.4,213.6,213.6,0.688,0.5,0.488,0.486,166.2,0.562,0.571,0.333
1426284,2024-04-28,"MA Chidambaram Stadium, Chepauk, Chennai",Chennai Super Kings,Sunrisers Hyderabad,Sunrisers Hyderabad,field,Chennai Super Kings,won by 78 runs,212,134,"SN Thakur, AM Rahane, RD Gaikwad, DJ Mitchell, S Dube, MS Dhoni, MM Ali, RA Jadeja, DL Chahar, TU Deshpande, Mustafizur Rahman, M Pathirana","T Natarajan, TM Head, Abhishek Sharma, Anmolpreet Singh, AK Markram, Nithish Kumar Reddy, H Klaasen, Abdul Samad, Shahbaz Ahmed, PJ Cummins, B Kumar, JD Unadkat",14,6,2,1,2,4,179.6,176.4,214.4,202.4,0.667,0.593,0.5,0.344,157.34,0.412,0.706,0.111
1426285,2024-04-29,"Eden Gardens, Kolkata",Delhi Capitals,Kolkata Knight Riders,Delhi Capitals,bat,Kolkata Knight Riders,won by 7 wickets,153,157,"PP Shaw, J Fraser-McGurk, Abishek Porel, SD Hope, RR Pant, AR Patel, T Stubbs, Kumar Kushagra, Kuldeep Yadav, Rasikh Salam, LB Williams, KK Ahmed","CV Varun, PD Salt, SP Narine, RK Singh, SS Iyer, VR Iyer, AD Russell, Ramandeep Singh, MA Starc, VG Arora, Harshit Rana, A Raghuvanshi",14,17,2,1,4,2,188.4,197.8,201.0,201.8,0.477,0.425,0.571,0.526,160.09,0.597,0.222,0.581
1426286,2024-04-30,"Bharat Ratna Shri Atal Bihari Vajpayee Ekana Cricket Stadium, Lucknow",Mumbai Indians,Lucknow Super Giants,Lucknow Super Giants,field,Lucknow Super Giants,won by 4 wickets,144,145,"N Thushara, Ishan Kishan, RG Sharma, SA Yadav, Tilak Varma, HH Pandya, N Wadhera, TH David, Mohammad Nabi, G Coetzee, PP Chawla, JJ Bumrah","MP Yadav, KL Rahul, AA Kulkarni, MP Stoinis, DJ Hooda, N Pooran, AJ Turner, A Badoni, KH Pandya, Ravi Bishnoi, Naveen-ul-Haq, Mohsin Khan",1,3,1,2,2,2,200.6,205.0,183.4,183.4,0.547,0.547,0.5,0.8,151.38,0.5,0.0,0.5
1426287,2024-05-01,"MA Chidambaram Stadium, Chepauk, Chennai",Chennai Super Kings,Punjab Kings,Punjab Kings,field,Punjab Kings,won by 7 wickets,162,163,"AM Rahane, RD Gaikwad, S Dube, RA Jadeja, Sameer Rizvi, MM Ali, MS Dhoni, DJ Mitchell, DL Chahar, SN Thakur, RJ Gleeson, Mustafizur Rahman","Arshdeep Singh, P Simran Singh, JM Bairstow, RR Rossouw, Shashank Singh, SM Curran, JM Sharma, Ashutosh Sharma, Harpreet Brar, RD Chahar, HV Patel, K Rabada",15,12,0,3,3,1,189.0,170.0,182.8,186.6,0.667,0.593,0.5,0.194,157.53,0.4,0.71,0.333
1426288,2024-05-02,"Rajiv Gandhi International Stadium, Uppal, Hyderabad",Sunrisers Hyderabad,Rajasthan Royals,Sunrisers Hyderabad,bat,Sunrisers Hyderabad,won by 1 runs,201,200,"JD Unadkat, TM Head, Abhishek Sharma, Anmolpreet Singh, Nithish Kumar Reddy, H Klaasen, Abdul Samad, Shahbaz Ahmed, M Jansen, PJ Cummins, B Kumar, T Natarajan","YS Chahal, YBK Jaiswal, JC Buttler, SV Samson, R Parag, SO Hetmyer, R Powell, Dhruv Jurel, R Ashwin, TA Boult, Avesh Khan, Sandeep Sharma",9,9,1,2,3,4,208.0,211.8,190.8,188.8,0.491,0.344,0.569,0.405,155.84,0.429,0.593,0.429
1426289,2024-05-03,"Wankhede Stadium, Mumbai",Kolkata Knight Riders,Mumbai Indians,Mumbai Indians,field,Kolkata Knight Riders,won by 24 runs,169,145,"PD Salt, SP Narine, A Raghuvanshi, SS Iyer, VR Iyer, RK Singh, MK Pandey, AD Russell, Ramandeep Singh, MA Starc, VG Arora, CV Varun","N Thushara, Ishan Kishan, RG Sharma, Naman Dhir, SA Yadav, Tilak Varma, N Wadhera, HH Pandya, TH David, G Coetzee, PP Chawla, JJ Bumrah",9,23,2,1,3,1,205.0,204.2,189.6,194.8,0.571,0.526,0.547,0.547,164.81,0.553,0.25,0.61
1426290,2024-05-04,"M Chinnaswamy Stadium, Bengaluru",Gujarat Titans,Royal Challengers Bengaluru,Royal Challengers Bengaluru,field,Royal Challengers Bengaluru,won by 4 wickets,147,152,"WP Saha, Shubman Gill, B Sai Sudharsan, M Shahrukh Khan, DA Miller, R Tewatia, Rashid Khan, V Shankar, MJ Suthar, MM Sharma, Noor Ahmad, J Little","Yash Dayal, V Kohli, F du Plessis, WG Jacks, RM Patidar, GJ Maxwell, C Green, KD Karthik, Swapnil Singh, KV Sharma, Mohammed Siraj, Vijaykumar Vyshak",2,2,1,2,2,2,170.8,172.0,218.2,215.8,0.688,0.5,0.494,0.486,161.34,0.529,1.0,0.444
1426292,2024-05-05,"Bharat Ratna Shri Atal Bihari Vajpayee Ekana Cricket Stadium, Lucknow",Kolkata Knight Riders,Lucknow Super Giants,Lucknow Super Giants,field,Kolkata Knight Riders,won by 98 runs,235,137,"VG Arora, PD Salt, SP Narine, A Raghuvanshi, AD Russell, RK Singh, SS Iyer, Ramandeep Singh, VR Iyer, MA Starc, Harshit Rana, CV Varun","Yash Thakur, Mohsin Khan, KL Rahul, AA Kulkarni, MP Stoinis, DJ Hooda, N Pooran, A Badoni, AJ Turner, KH Pandya, Yudhvir Singh, Ravi Bishnoi, Naveen-ul-Haq",1,3,1,2,3,3,206.4,201.0,179.0,178.2,0.571,0.526,0.545,0.8,150.85,0.571,0.0,0.538
1426291,2024-05-05,"Himachal Pradesh Cricket Association Stadium, Dharamsala",Chennai Super Kings,Punjab Kings,Punjab Kings,field,Chennai Super Kings,won by 28 runs,167,139,"Simarjeet Singh, AM Rahane, RD Gaikwad, DJ Mitchell, S Dube, MM Ali, RA Jadeja, MJ Santner, SN Thakur, MS Dhoni, TU Deshpande, RJ Gleeson","Arshdeep Singh, P Simran Singh, JM Bairstow, RR Rossouw, Shashank Singh, SM Curran, JM Sharma, Ashutosh Sharma, Harpreet Brar, HV Patel, RD Chahar, K Rabada",15,13,0,3,2,2,193.2,175.2,179.4,182.6,0.667,0.593,0.507,0.194,167.45,0.5,0.5,0.455
1426293,2024-05-06,"Wankhede Stadium, Mumbai",Sunrisers Hyderabad,Mumbai Indians,Mumbai Indians,field,Mumbai Indians,won by 7 wickets,173,174,"TM Head, Abhishek Sharma, MA Agarwal, Nithish Kumar Reddy, H Klaasen, M Jansen, Shahbaz Ahmed, Abdul Samad, PJ Cummins, Sanvir Singh, B Kumar, T Natarajan","Ishan Kishan, RG Sharma, Naman Dhir, SA Yadav, Tilak Varma, HH Pandya, TH David, A Kamboj, PP Chawla, JJ Bumrah, N Thushara",10,11,1,2,3,1,211.8,215.8,181.4,187.4,0.491,0.364,0.54,0.547,164.74,0.547,0.167,0.602
1426294,2024-05-07,"Arun Jaitley Stadium, Delhi",Delhi Capitals,Rajasthan Royals,Rajasthan Royals,field,Delhi Capitals,won by 20 runs,221,201,"J Fraser-McGurk, Abishek Porel, SD Hope, AR Patel, RR Pant, T Stubbs, Gulbadin Naib, Rasikh Salam, Kuldeep Yadav, Mukesh Kumar, I Sharma, KK Ahmed","YS Chahal, YBK Jaiswal, JC Buttler, SV Samson, R Parag, SB Dubey, R Powell, D Ferreira, R Ashwin, TA Boult, Avesh Khan, Sandeep Sharma",13,15,1,2,3,4,185.0,195.8,191.6,189.2,0.477,0.415,0.569,0.405,160.34,0.519,0.425,0.455
1426295,2024-05-08,"Rajiv Gandhi International Stadium, Uppal, Hyderabad",Lucknow Super Giants,Sunrisers Hyderabad,Lucknow Super Giants,bat,Sunrisers Hyderabad,won by 10 wickets,165,167,"KL Rahul, Q de Kock, MP Stoinis, KH Pandya, N Pooran, A Badoni, DJ Hooda, K Gowtham, Yash Thakur, Ravi Bishnoi, Naveen-ul-Haq","T Natarajan, Abhishek Sharma, TM Head, Nithish Kumar Reddy, H Klaasen, Abdul Samad, Shahbaz Ahmed, Sanvir Singh, PJ Cummins, B Kumar, JD Unadkat, V Viyaskanth",3,0,3,0,3,2,174.2,192.8,189.0,198.2,0.5,0.8,0.491,0.364,156.44,0.429,1.0,0.6
1426296,2024-05-09,"Himachal Pradesh Cricket Association Stadium, Dharamsala",Royal Challengers Bengaluru,Punjab Kings,Punjab Kings,field,Royal Challengers Bengaluru,won by 60 runs,241,181,"Yash Dayal, V Kohli, F du Plessis, WG Jacks, RM Patidar, C Green, KD Karthik, MK Lomror, Swapnil Singh, KV Sharma, Mohammed Siraj, LH Ferguson","V Kaverappa, P Simran Singh, JM Bairstow, RR Rossouw, Shashank Singh, JM Sharma, LS Livingstone, SM Curran, Ashutosh Sharma, HV Patel, RD Chahar, Arshdeep Singh",15,17,2,1,3,2,209.4,205.4,177.8,185.6,0.5,0.486,0.5,0.194,166.25,0.455,0.0,0.417
1426297,2024-05-10,"Narendra Modi Stadium, Ahmedabad",Gujarat Titans,Chennai Super Kings,Chennai Super Kings,field,Gujarat Titans,won by 35 runs,231,196,"S Sandeep Warrier, B Sai Sudharsan, Shubman Gill, DA Miller, M Shahrukh Khan, MS Wade, R Tewatia, Rashid Khan, Noor Ahmad, UT Yadav, MM Sharma, Kartik Tyagi","TU Deshpande, AM Rahane, R Ravindra, RD Gaikwad, DJ Mitchell, MM Ali, S Dube, RA Jadeja, MS Dhoni, MJ Santner, SN Thakur, Simarjeet Singh",3,3,0,3,1,2,160.4,163.2,185.4,165.8,0.688,0.5,0.667,0.593,167.95,0.588,0.533,0.5
1426298,2024-05-11,"Eden Gardens, Kolkata",Kolkata Knight Riders,Mumbai Indians,Mumbai Indians,field,Kolkata Knight Riders,won by 18 runs,157,139,"VG Arora, PD Salt, SP Narine, VR Iyer, SS Iyer, N Rana, AD Russell, RK Singh, Ramandeep Singh, MA Starc, Harshit Rana, CV Varun","N Thushara, Ishan Kishan, RG Sharma, SA Yadav, Tilak Varma, HH Pandya, TH David, N Wadhera, Naman Dhir, A Kamboj, PP Chawla, JJ Bumrah",10,23,2,1,4,1,208.8,183.6,177.8,185.4,0.571,0.526,0.545,0.547,160.04,0.597,0.586,0.769
1426299,2024-05-12,"MA Chidambaram Stadium, Chepauk, Chennai",Rajasthan Royals,Chennai Super Kings,Rajasthan Royals,bat,Chennai Super Kings,won by 5 wickets,141,145,"N Burger, YBK Jaiswal, JC Buttler, SV Samson, R Parag, Dhruv Jurel, SB Dubey, R Ashwin, TA Boult, Avesh Khan, Sandeep Sharma, YS Chahal","R Ravindra, RD Gaikwad, DJ Mitchell, MM Ali, S Dube, RA Jadeja, Sameer Rizvi, MS Dhoni, SN Thakur, TU Deshpande, Simarjeet Singh, M Theekshana",13,15,3,0,3,2,201.4,204.0,189.4,176.0,0.562,0.405,0.656,0.593,157.59,0.417,0.25,0.7
1426300,2024-05-12,"M Chinnaswamy Stadium, Bengaluru",Royal Challengers Bengaluru,Delhi Capitals,Delhi Capitals,field,Royal Challengers Bengaluru,won by 47 runs,187,140,"V Kohli, F du Plessis, WG Jacks, RM Patidar, C Green, MK Lomror, KD Karthik, Swapnil Singh, KV Sharma, Mohammed Siraj, Yash Dayal, LH Ferguson","KK Ahmed, DA Warner, J Fraser-McGurk, Abishek Porel, SD Hope, Kumar Kushagra, AR Patel, T Stubbs, Rasikh Salam, Kuldeep Yadav, Mukesh Kumar, I Sharma",17,11,2,1,4,3,205.2,184.2,210.8,218.2,0.5,0.486,0.477,0.415,161.19,0.536,0.452,0.375
1426302,2024-05-14,"Arun Jaitley Stadium, Delhi",Delhi Capitals,Lucknow Super Giants,Lucknow Super Giants,field,Delhi Capitals,won by 19 runs,208,189,"I Sharma, J Fraser-McGurk, Abishek Porel, SD Hope, RR Pant, T Stubbs, AR Patel, Gulbadin Naib, Rasikh Salam, Mukesh Kumar, Kuldeep Yadav, KK Ahmed","Mohsin Khan, Q de Kock, KL Rahul, MP Stoinis, DJ Hooda, N Pooran, A Badoni, KH Pandya, Arshad Khan, Yudhvir Singh, Ravi Bishnoi, Naveen-ul-Haq",1,3,1,2,3,2,199.0,202.4,171.2,191.0,0.472,0.415,0.5,0.667,160.9,0.509,0.432,0.0
1426303,2024-05-15,"Barsapara Cricket Stadium, Guwahati",Rajasthan Royals,Punjab Kings,Rajasthan Royals,bat,Punjab Kings,won by 5 wickets,144,145,"YBK Jaiswal, T Kohler-Cadmore, SV Samson, R Parag, R Ashwin, Dhruv Jurel, R Powell, D Ferreira, TA Boult, Avesh Khan, Sandeep Sharma, YS Chahal","Arshdeep Singh, P Simran Singh, JM Bairstow, RR Rossouw, Shashank Singh, SM Curran, JM Sharma, Ashutosh Sharma, Harpreet Brar, HV Patel, NT Ellis, RD Chahar",16,10,2,1,2,2,184.8,188.4,177.4,195.4,0.562,0.395,0.494,0.194,182.5,0.0,0.5,1.0
1426305,2024-05-17,"Wankhede Stadium, Mumbai",Lucknow Super Giants,Mumbai Indians,Mumbai Indians,field,Lucknow Super Giants,won by 18 runs,214,196,"Naveen-ul-Haq, KL Rahul, D Padikkal, MP Stoinis, DJ Hooda, N Pooran, Arshad Khan, A Badoni, KH Pandya, MJ Henry, Ravi Bishnoi, Mohsin Khan","N Thushara, RG Sharma, D Brevis, SA Yadav, Ishan Kishan, HH Pandya, N Wadhera, Naman Dhir, R Shepherd, A Kamboj, PP Chawla, Arjun Tendulkar",4,1,2,1,1,1,166.4,190.6,169.8,180.2,0.462,0.667,0.539,0.547,164.82,0.552,0.5,0.607
1426306,2024-05-18,"M Chinnaswamy Stadium, Bengaluru",Royal Challengers Bengaluru,Chennai Super Kings,Chennai Super Kings,field,Royal Challengers Bengaluru,won by 27 runs,218,191,"Swapnil Singh, V Kohli, F du Plessis, RM Patidar, C Green, KD Karthik, GJ Maxwell, MK Lomror, Yash Dayal, KV Sharma, Mohammed Siraj, LH Ferguson","M Theekshana, RD Gaikwad, R Ravindra, DJ Mitchell, AM Rahane, S Dube, RA Jadeja, MJ Santner, MS Dhoni, SN Thakur, TU Deshpande, Simarjeet Singh",10,21,1,2,5,3,198.4,167.8,176.4,161.6,0.5,0.486,0.656,0.593,161.22,0.529,0.459,0.625
1426307,2024-05-19,"Rajiv Gandhi International Stadium, Uppal, Hyderabad",Punjab Kings,Sunrisers Hyderabad,Punjab Kings,bat,Sunrisers Hyderabad,won by 4 wickets,214,215,"Arshdeep Singh, Atharva Taide, P Simran Singh, RR Rossouw, Shashank Singh, JM Sharma, Ashutosh Sharma, Shivam Singh, R Dhawan, Harpreet Brar, HV Patel, RD Chahar","T Natarajan, TM Head, Abhishek Sharma, RA Tripathi, Nithish Kumar Reddy, H Klaasen, Shahbaz Ahmed, Abdul Samad, Sanvir Singh, PJ Cummins, B Kumar, V Viyaskanth",7,15,1,2,3,2,178.0,195.0,169.2,191.4,0.494,0.194,0.491,0.364,156.57,0.429,0.364,0.607
1426309,2024-05-21,"Narendra Modi Stadium, Ahmedabad",Sunrisers Hyderabad,Kolkata Knight Riders,Sunrisers Hyderabad,bat,Kolkata Knight Riders,won by 8 wickets,159,164,"TM Head, Abhishek Sharma, RA Tripathi, Nithish Kumar Reddy, Shahbaz Ahmed, H Klaasen, Abdul Samad, Sanvir Singh, PJ Cummins, B Kumar, V Viyaskanth, T Natarajan","Rahmanullah Gurbaz, SP Narine, VR Iyer, SS Iyer, RK Singh, AD Russell, Ramandeep Singh, MA Starc, VG Arora, Harshit Rana, CV Varun",9,16,1,2,3,4,178.0,193.0,195.8,167.2,0.491,0.364,0.571,0.526,170.02,0.556,0.0,0.667
1426310,2024-05-22,"Narendra Modi Stadium, Ahmedabad",Royal Challengers Bengaluru,Rajasthan Royals,Rajasthan Royals,field,Rajasthan Royals,won by 4 wickets,172,174,"V Kohli, F du Plessis, C Green, RM Patidar, GJ Maxwell, MK Lomror, KD Karthik, Swapnil Singh, KV Sharma, Yash Dayal, Mohammed Siraj, LH Ferguson","YS Chahal, YBK Jaiswal, T Kohler-Cadmore, SV Samson, R Parag, Dhruv Jurel, SO Hetmyer, R Powell, R Ashwin, TA Boult, Avesh Khan, Sandeep Sharma",15,13,2,1,5,1,200.8,171.8,177.0,181.6,0.5,0.486,0.562,0.386,169.65,0.556,0.5,0.667
1426311,2024-05-24,"MA Chidambaram Stadium, Chepauk, Chennai",Sunrisers Hyderabad,Rajasthan Royals,Rajasthan Royals,field,Sunrisers Hyderabad,won by 36 runs,175,139,"TM Head, Abhishek Sharma, RA Tripathi, AK Markram, H Klaasen, Nithish Kumar Reddy, Abdul Samad, Shahbaz Ahmed, PJ Cummins, JD Unadkat, B Kumar, T Natarajan","YS Chahal, YBK Jaiswal, T Kohler-Cadmore, SV Samson, R Parag, Dhruv Jurel, R Ashwin, SO Hetmyer, R Powell, TA Boult, Sandeep Sharma, Avesh Khan",10,9,2,1,3,1,183.0,183.4,172.0,176.8,0.491,0.353,0.568,0.386,157.42,0.417,0.1,0.222
1426312,2024-05-26,"MA Chidambaram Stadium, Chepauk, Chennai",Sunrisers Hyderabad,Kolkata Knight Riders,Sunrisers Hyderabad,bat,Kolkata Knight Riders,won by 8 wickets,113,114,"Abhishek Sharma, TM Head, RA Tripathi, AK Markram, Nithish Kumar Reddy, H Klaasen, Shahbaz Ahmed, Abdul Samad, PJ Cummins, JD Unadkat, B Kumar, T Natarajan","Rahmanullah Gurbaz, SP Narine, VR Iyer, SS Iyer, RK Singh, AD Russell, Ramandeep Singh, MA Starc, VG Arora, Harshit Rana, CV Varun",9,17,0,3,3,5,177.8,171.2,176.4,146.6,0.491,0.353,0.571,0.526,157.41,0.405,0.182,0.286
1473438,2025-03-22,"Eden Gardens, Kolkata",Kolkata Knight Riders,Royal Challengers Bengaluru,Royal Challengers Bengaluru,field,Royal Challengers Bengaluru,won by 7 wickets,174,177,"VG Arora, Q de Kock, SP Narine, AM Rahane, VR Iyer, A Raghuvanshi, RK Singh, AD Russell, Ramandeep Singh, Harshit Rana, SH Johnson, CV Varun","Suyash Sharma, PD Salt, V Kohli, D Padikkal, RM Patidar, LS Livingstone, JM Sharma, TH David, KH Pandya, Rasikh Salam, JR Hazlewood, Yash Dayal",20,14,3,0,5,4,167.8,138.6,194.0,166.6,0.571,0.526,0.5,0.486,159.91,0.587,0.591,0.385
1473439,2025-03-23,"Rajiv Gandhi International Stadium, Uppal, Hyderabad",Sunrisers Hyderabad,Rajasthan Royals,Rajasthan Royals,field,Sunrisers Hyderabad,won by 44 runs,286,242,"A Zampa, Abhishek Sharma, TM Head, Ishan Kishan, Nithish Kumar Reddy, H Klaasen, Aniket Verma, A Manohar, PJ Cummins, Simarjeet Singh, HV Patel, Mohammed Shami","Fazalhaq Farooqi, YBK Jaiswal, SV Samson, R Parag, N Rana, Dhruv Jurel, SO Hetmyer, SB Dubey, JC Archer, M Theekshana, TU Deshpande, Sandeep Sharma",11,9,3,0,3,1,165.8,159.2,159.8,171.6,0.491,0.343,0.56,0.386,157.32,0.429,0.614,0.375
1473440,2025-03-23,"MA Chidambaram Stadium, Chepauk, Chennai",Mumbai Indians,Chennai Super Kings,Chennai Super Kings,field,Chennai Super Kings,won by 4 wickets,155,158,"V Puthur, RG Sharma, RD Rickelton, WG Jacks, SA Yadav, Tilak Varma, R Minz, Naman Dhir, MJ Santner, DL Chahar, TA Boult, PVSN Raju","KK Ahmed, R Ravindra, RA Tripathi, RD Gaikwad, S Dube, DJ Hooda, SM Curran, RA Jadeja, MS Dhoni, R Ashwin, Noor Ahmad, NT Ellis",20,17,0,3,1,2,159.6,171.6,172.2,178.4,0.533,0.547,0.645,0.593,156.89,0.405,0.533,0.704
1473441,2025-03-24,"Dr. Y.S. Rajasekhara Reddy ACA-VDCA Cricket Stadium, Visakhapatnam",Lucknow Super Giants,Delhi Capitals,Delhi Capitals,field,Delhi Capitals,won by 1 wickets,209,211,"M Siddharth, AK Markram, MR Marsh, N Pooran, RR Pant, DA Miller, A Badoni, SN Thakur, Shahbaz Ahmed, Ravi Bishnoi, DS Rathi, Prince Yadav","Mukesh Kumar, J Fraser-McGurk, F du Plessis, Abishek Porel, Sameer Rizvi, AR Patel, T Stubbs, Ashutosh Sharma, V Nigam, MA Starc, Kuldeep Yadav, MM Sharma",3,2,1,2,2,3,170.0,190.0,195.8,196.2,0.462,0.667,0.472,0.415,151.53,0.5,0.0,0.429
1473442,2025-03-25,"Narendra Modi Stadium, Ahmedabad",Punjab Kings,Gujarat Titans,Gujarat Titans,field,Punjab Kings,won by 11 runs,243,232,"Priyansh Arya, P Simran Singh, SS Iyer, Azmatullah Omarzai, GJ Maxwell, MP Stoinis, Shashank Singh, Suryansh Shedge, M Jansen, Arshdeep Singh, YS Chahal, Vijaykumar Vyshak","B Sai Sudharsan, Shubman Gill, JC Buttler, SE Rutherford, R Tewatia, M Shahrukh Khan, Arshad Khan, R Sai Kishore, Rashid Khan, K Rabada, Mohammed Siraj, M Prasidh Krishna",2,3,1,2,2,2,168.4,185.8,188.8,184.0,0.494,0.188,0.688,0.5,169.79,0.579,0.5,0.562
1473443,2025-03-26,"Barsapara Cricket Stadium, Guwahati",Rajasthan Royals,Kolkata Knight Riders,Kolkata Knight Riders,field,Kolkata Knight Riders,won by 8 wickets,151,153,"YBK Jaiswal, SV Samson, R Parag, N Rana, PWH de Silva, Dhruv Jurel, SB Dubey, SO Hetmyer, JC Archer, M Theekshana, TU Deshpande, Sandeep Sharma","CV Varun, MM Ali, Q de Kock, AM Rahane, A Raghuvanshi, VR Iyer, RK Singh, AD Russell, Ramandeep Singh, SH Johnson, VG Arora, Harshit Rana",12,14,2,1,1,4,168.0,184.6,168.8,145.0,0.553,0.386,0.571,0.526,169.83,0.0,0.333,0.0
1473444,2025-03-27,"Rajiv Gandhi International Stadium, Uppal, Hyderabad",Sunrisers Hyderabad,Lucknow Super Giants,Lucknow Super Giants,field,Lucknow Super Giants,won by 5 wickets,190,193,"TM Head, Abhishek Sharma, Ishan Kishan, Nithish Kumar Reddy, H Klaasen, Aniket Verma, A Manohar, PJ Cummins, HV Patel, Mohammed Shami, Simarjeet Singh, A Zampa","DS Rathi, MR Marsh, AK Markram, N Pooran, RR Pant, A Badoni, DA Miller, Abdul Samad, SN Thakur, Ravi Bishnoi, Prince Yadav, Avesh Khan",1,3,1,2,3,1,189.6,174.6,182.8,203.4,0.491,0.343,0.462,0.667,158.69,0.419,0.621,0.5
1473445,2025-03-28,"MA Chidambaram Stadium, Chepauk, Chennai",Royal Challengers Bengaluru,Chennai Super Kings,Chennai Super Kings,field,Royal Challengers Bengaluru,won by 50 runs,196,146,"Suyash Sharma, PD Salt, V Kohli, D Padikkal, RM Patidar, LS Livingstone, JM Sharma, TH David, KH Pandya, B Kumar, JR Hazlewood, Yash Dayal","M Pathirana, R Ravindra, RA Tripathi, RD Gaikwad, DJ Hooda, SM Curran, S Dube, RA Jadeja, R Ashwin, MS Dhoni, Noor Ahmad, KK Ahmed",11,21,1,2,4,3,199.0,172.0,171.4,176.8,0.506,0.486,0.651,0.593,156.89,0.421,0.385,0.708
1473446,2025-03-29,"Narendra Modi Stadium, Ahmedabad",Gujarat Titans,Mumbai Indians,Mumbai Indians,field,Gujarat Titans,won by 36 runs,196,160,"I Sharma, B Sai Sudharsan, Shubman Gill, JC Buttler, M Shahrukh Khan, SE Rutherford, R Tewatia, Rashid Khan, K Rabada, R Sai Kishore, Mohammed Siraj, M Prasidh Krishna","PVSN Raju, RG Sharma, RD Rickelton, Tilak Varma, SA Yadav, R Minz, HH Pandya, Naman Dhir, MJ Santner, DL Chahar, TA Boult, Mujeeb Ur Rahman",3,2,2,1,1,1,206.0,204.2,161.8,174.2,0.647,0.5,0.533,0.547,172.5,0.55,0.529,0.0
1473448,2025-03-30,"Barsapara Cricket Stadium, Guwahati",Rajasthan Royals,Chennai Super Kings,Chennai Super Kings,field,Rajasthan Royals,won by 6 runs,182,176,"YBK Jaiswal, SV Samson, N Rana, R Parag, Dhruv Jurel, PWH de Silva, SO Hetmyer, JC Archer, K Kartikeya, M Theekshana, TU Deshpande, Sandeep Sharma","M Pathirana, R Ravindra, RA Tripathi, RD Gaikwad, S Dube, V Shankar, RA Jadeja, MS Dhoni, J Overton, R Ashwin, Noor Ahmad, KK Ahmed",13,16,2,1,1,2,170.0,186.2,167.2,188.2,0.553,0.386,0.641,0.593,165.38,0.333,0.25,0.0
1473447,2025-03-30,"Dr. Y.S. Rajasekhara Reddy ACA-VDCA Cricket Stadium, Visakhapatnam",Sunrisers Hyderabad,Delhi Capitals,Sunrisers Hyderabad,bat,Delhi Capitals,won by 7 wickets,163,166,"Abhishek Sharma, TM Head, Ishan Kishan, Nithish Kumar Reddy, Aniket Verma, H Klaasen, A Manohar, PJ Cummins, PWA Mulder, HV Patel, Mohammed Shami, Zeeshan Ansari","J Fraser-McGurk, F du Plessis, Abishek Porel, KL Rahul, T Stubbs, AR Patel, V Nigam, MA Starc, Kuldeep Yadav, MM Sharma, Mukesh Kumar",13,10,2,1,2,3,184.6,170.4,186.6,188.6,0.491,0.343,0.478,0.415,155.19,0.556,0.5,0.5
1473449,2025-03-31,"Wankhede Stadium, Mumbai",Kolkata Knight Riders,Mumbai Indians,Mumbai Indians,field,Mumbai Indians,won by 8 wickets,116,121,"Q de Kock, SP Narine, AM Rahane, A Raghuvanshi, VR Iyer, RK Singh, MK Pandey, AD Russell, Ramandeep Singh, Harshit Rana, SH Johnson, CV Varun","V Puthur, RG Sharma, RD Rickelton, WG Jacks, SA Yadav, Tilak Varma, HH Pandya, Naman Dhir, MJ Santner, DL Chahar, TA Boult, Ashwani Kumar",11,23,2,1,4,1,152.4,147.8,164.8,179.6,0.576,0.526,0.527,0.547,165.16,0.545,0.294,0.6
1473450,2025-04-01,"Bharat Ratna Shri Atal Bihari Vajpayee Ekana Cricket Stadium, Lucknow",Lucknow Super Giants,Punjab Kings,Punjab Kings,field,Punjab Kings,won by 8 wickets,171,177,"M Siddharth, AK Markram, MR Marsh, N Pooran, RR Pant, A Badoni, DA Miller, Abdul Samad, SN Thakur, Avesh Khan, Ravi Bishnoi, DS Rathi","YS Chahal, Priyansh Arya, P Simran Singh, SS Iyer, N Wadhera, GJ Maxwell, MP Stoinis, Shashank Singh, Suryansh Shedge, M Jansen, LH Ferguson, Arshdeep Singh",3,1,2,1,2,2,194.0,194.4,184.4,199.8,0.5,0.667,0.494,0.188,153.36,0.5,0.5,0.5
1473451,2025-04-02,"M Chinnaswamy Stadium, Bengaluru",Royal Challengers Bengaluru,Gujarat Titans,Gujarat Titans,field,Gujarat Titans,won by 8 wickets,169,170,"Rasikh Salam, PD Salt, V Kohli, D Padikkal, RM Patidar, LS Livingstone, JM Sharma, KH Pandya, TH David, B Kumar, JR Hazlewood, Yash Dayal","I Sharma, B Sai Sudharsan, Shubman Gill, JC Buttler, SE Rutherford, M Shahrukh Khan, R Tewatia, Arshad Khan, Rashid Khan, R Sai Kishore, Mohammed Siraj, M Prasidh Krishna",3,2,2,1,4,2,190.0,165.0,201.2,191.4,0.506,0.486,0.647,0.5,161.77,0.521,0.467,0.5
1473452,2025-04-03,"Eden Gardens, Kolkata",Kolkata Knight Riders,Sunrisers Hyderabad,Sunrisers Hyderabad,field,Kolkata Knight Riders,won by 80 runs,200,120,"VG Arora, Q de Kock, SP Narine, AM Rahane, A Raghuvanshi, VR Iyer, RK Singh, AD Russell, MM Ali, Ramandeep Singh, Harshit Rana, CV Varun","Zeeshan Ansari, TM Head, Abhishek Sharma, Ishan Kishan, Nithish Kumar Reddy, PHKD Mendis, H Klaasen, Aniket Verma, PJ Cummins, HV Patel, Simarjeet Singh, Mohammed Shami",18,9,3,0,3,2,144.2,144.2,185.4,170.8,0.576,0.526,0.491,0.333,160.07,0.594,0.584,0.3
1473453,2025-04-04,"Bharat Ratna Shri Atal Bihari Vajpayee Ekana Cricket Stadium, Lucknow",Lucknow Super Giants,Mumbai Indians,Mumbai Indians,field,Lucknow Super Giants,won by 12 runs,203,191,"Ravi Bishnoi, MR Marsh, AK Markram, N Pooran, RR Pant, A Badoni, DA Miller, Abdul Samad, SN Thakur, Akash Deep, Avesh Khan, DS Rathi","V Puthur, WG Jacks, RD Rickelton, Naman Dhir, SA Yadav, Tilak Varma, HH Pandya, MJ Santner, RA Bawa, DL Chahar, TA Boult, Ashwani Kumar",5,1,2,1,2,1,195.2,196.4,154.2,168.2,0.5,0.667,0.533,0.547,154.73,0.556,0.467,0.0
1473454,2025-04-05,"MA Chidambaram Stadium, Chepauk, Chennai",Delhi Capitals,Chennai Super Kings,Delhi Capitals,bat,Delhi Capitals,won by 25 runs,183,158,"Mukesh Kumar, J Fraser-McGurk, KL Rahul, Abishek Porel, AR Patel, Sameer Rizvi, T Stubbs, Ashutosh Sharma, V Nigam, MA Starc, Kuldeep Yadav, MM Sharma","M Pathirana, R Ravindra, DP Conway, RD Gaikwad, V Shankar, S Dube, RA Jadeja, MS Dhoni, R Ashwin, Noor Ahmad, Mukesh Choudhary, KK Ahmed",11,19,1,2,4,2,189.2,189.8,163.2,178.4,0.478,0.415,0.631,0.593,157.05,0.41,0.273,0.699
1473455,2025-04-05,"Maharaja Yadavindra Singh International Cricket Stadium, Mullanpur",Rajasthan Royals,Punjab Kings,Punjab Kings,field,Rajasthan Royals,won by 50 runs,205,155,"K Kartikeya, YBK Jaiswal, SV Samson, R Parag, N Rana, SO Hetmyer, Dhruv Jurel, PWH de Silva, JC Archer, M Theekshana, Yudhvir Singh, Sandeep Sharma","YS Chahal, Priyansh Arya, P Simran Singh, SS Iyer, MP Stoinis, N Wadhera, GJ Maxwell, Shashank Singh, Suryansh Shedge, M Jansen, Arshdeep Singh, LH Ferguson",16,11,2,1,2,3,177.6,192.4,192.0,200.6,0.553,0.386,0.5,0.188,167.5,0.5,1.0,0.2
1473457,2025-04-06,"Rajiv Gandhi International Stadium, Uppal, Hyderabad",Sunrisers Hyderabad,Gujarat Titans,Gujarat Titans,field,Gujarat Titans,won by 7 wickets,152,153,"Abhishek Sharma, TM Head, Ishan Kishan, Nithish Kumar Reddy, H Klaasen, Aniket Verma, PHKD Mendis, PJ Cummins, Simarjeet Singh, Mohammed Shami, Zeeshan Ansari, JD Unadkat","I Sharma, B Sai Sudharsan, Shubman Gill, JC Buttler, Washington Sundar, SE Rutherford, R Tewatia, M Shahrukh Khan, Rashid Khan, R Sai Kishore, Mohammed Siraj, M Prasidh Krishna",1,3,0,3,1,3,174.4,183.0,195.2,184.0,0.481,0.333,0.667,0.5,159.1,0.432,0.61,0.0
1473458,2025-04-07,"Wankhede Stadium, Mumbai",Royal Challengers Bengaluru,Mumbai Indians,Mumbai Indians,field,Royal Challengers Bengaluru,won by 12 runs,221,209,"PD Salt, V Kohli, D Padikkal, RM Patidar, LS Livingstone, JM Sharma, TH David, KH Pandya, B Kumar, JR Hazlewood, Yash Dayal, Suyash Sharma","V Puthur, RG Sharma, RD Rickelton, WG Jacks, SA Yadav, Tilak Varma, HH Pandya, Naman Dhir, MJ Santner, DL Chahar, TA Boult, JJ Bumrah",13,19,1,2,3,1,186.4,171.0,164.6,177.4,0.506,0.486,0.527,0.547,164.76,0.551,0.444,0.605
1473456,2025-04-08,"Eden Gardens, Kolkata",Lucknow Super Giants,Kolkata Knight Riders,Kolkata Knight Riders,field,Lucknow Super Giants,won by 4 runs,238,234,"AK Markram, MR Marsh, N Pooran, Abdul Samad, DA Miller, RR Pant, A Badoni, SN Thakur, Akash Deep, Avesh Khan, DS Rathi, Ravi Bishnoi","CV Varun, Q de Kock, SP Narine, AM Rahane, VR Iyer, Ramandeep Singh, A Raghuvanshi, AD Russell, RK Singh, Harshit Rana, VG Arora, SH Johnson",3,2,1,2,3,3,198.0,193.0,151.4,136.4,0.5,0.667,0.576,0.526,160.07,0.585,0.333,0.589
1473459,2025-04-08,"Maharaja Yadavindra Singh International Cricket Stadium, Mullanpur",Punjab Kings,Chennai Super Kings,Punjab Kings,bat,Punjab Kings,won by 18 runs,219,201,"Priyansh Arya, P Simran Singh, SS Iyer, MP Stoinis, N Wadhera, GJ Maxwell, Shashank Singh, M Jansen, YS Chahal, Arshdeep Singh, LH Ferguson, Yash Thakur","M Pathirana, R Ravindra, DP Conway, RD Gaikwad, S Dube, MS Dhoni, RA Jadeja, V Shankar, R Ashwin, Noor Ahmad, Mukesh Choudhary, KK Ahmed",13,16,2,1,3,1,186.8,193.4,165.8,186.8,0.494,0.188,0.631,0.593,169.58,0.4,0.167,0.0
1473460,2025-04-09,"Narendra Modi Stadium, Ahmedabad",Gujarat Titans,Rajasthan Royals,Rajasthan Royals,field,Gujarat Titans,won by 58 runs,217,159,"K Khejroliya, B Sai Sudharsan, Shubman Gill, JC Buttler, M Shahrukh Khan, SE Rutherford, R Tewatia, Rashid Khan, Arshad Khan, R Sai Kishore, Mohammed Siraj, M Prasidh Krishna","Fazalhaq Farooqi, YBK Jaiswal, SV Samson, N Rana, R Parag, Dhruv Jurel, SO Hetmyer, SB Dubey, JC Archer, M Theekshana, TU Deshpande, Sandeep Sharma",5,1,2,1,4,2,196.4,184.0,183.8,189.0,0.684,0.5,0.553,0.386,172.71,0.524,0.556,0.75
1473461,2025-04-10,"M Chinnaswamy Stadium, Bengaluru",Royal Challengers Bengaluru,Delhi Capitals,Delhi Capitals,field,Delhi Capitals,won by 6 wickets,163,169,"PD Salt, V Kohli, D Padikkal, RM Patidar, LS Livingstone, JM Sharma, KH Pandya, TH David, B Kumar, JR Hazlewood, Yash Dayal, Suyash Sharma","F du Plessis, J Fraser-McGurk, Abishek Porel, KL Rahul, AR Patel, T Stubbs, Ashutosh Sharma, V Nigam, MA Starc, Kuldeep Yadav, MM Sharma, Mukesh Kumar",18,11,2,1,3,4,187.0,174.6,181.6,181.2,0.506,0.486,0.478,0.429,161.86,0.528,0.461,0.333
1473462,2025-04-11,"MA Chidambaram Stadium, Chepauk, Chennai",Chennai Super Kings,Kolkata Knight Riders,Kolkata Knight Riders,field,Kolkata Knight Riders,won by 8 wickets,103,107,"R Ravindra, DP Conway, RA Tripathi, V Shankar, S Dube, R Ashwin, RA Jadeja, DJ Hooda, MS Dhoni, Noor Ahmad, A Kamboj, KK Ahmed","Q de Kock, SP Narine, AM Rahane, RK Singh, VR Iyer, AD Russell, Ramandeep Singh, VG Arora, MM Ali, Harshit Rana, CV Varun",19,10,2,1,1,2,167.8,187.0,175.4,161.4,0.631,0.593,0.57,0.526,157.2,0.41,0.689,0.333
1473463,2025-04-12,"Bharat Ratna Shri Atal Bihari Vajpayee Ekana Cricket Stadium, Lucknow",Gujarat Titans,Lucknow Super Giants,Lucknow Super Giants,field,Lucknow Super Giants,won by 6 wickets,180,186,"M Prasidh Krishna, B Sai Sudharsan, Shubman Gill, JC Buttler, Washington Sundar, SE Rutherford, M Shahrukh Khan, R Tewatia, Rashid Khan, Arshad Khan, R Sai Kishore, Mohammed Siraj","DS Rathi, AK Markram, RR Pant, N Pooran, A Badoni, DA Miller, Abdul Samad, Himmat Singh, SN Thakur, Akash Deep, Avesh Khan, Ravi Bishnoi",4,1,2,1,4,3,193.6,176.6,202.8,200.6,0.684,0.5,0.5,0.667,157.38,0.5,0.5,0.5
1473464,2025-04-12,"Rajiv Gandhi International Stadium, Uppal, Hyderabad",Punjab Kings,Sunrisers Hyderabad,Punjab Kings,bat,Sunrisers Hyderabad,won by 8 wickets,245,247,"Yash Thakur, Priyansh Arya, P Simran Singh, SS Iyer, N Wadhera, Shashank Singh, GJ Maxwell, MP Stoinis, M Jansen, YS Chahal, Arshdeep Singh, LH Ferguson","E Malinga, TM Head, Abhishek Sharma, H Klaasen, Ishan Kishan, Nithish Kumar Reddy, Aniket Verma, PJ Cummins, HV Patel, Mohammed Shami, Zeeshan Ansari, A Manohar",7,16,0,3,3,1,201.6,204.8,182.2,190.8,0.494,0.212,0.481,0.333,159.02,0.444,0.333,0.6
1473465,2025-04-13,"Sawai Mansingh Stadium, Jaipur",Rajasthan Royals,Royal Challengers Bengaluru,Royal Challengers Bengaluru,field,Royal Challengers Bengaluru,won by 9 wickets,173,175,"K Kartikeya, YBK Jaiswal, SV Samson, R Parag, Dhruv Jurel, SO Hetmyer, N Rana, PWH de Silva, JC Archer, M Theekshana, Sandeep Sharma, TU Deshpande","Suyash Sharma, PD Salt, V Kohli, D Padikkal, RM Patidar, LS Livingstone, JM Sharma, TH David, KH Pandya, B Kumar, JR Hazlewood, Yash Dayal",14,15,2,1,2,3,187.8,197.4,185.2,173.6,0.545,0.386,0.506,0.486,155.13,0.656,0.649,0.444
1473466,2025-04-13,"Arun Jaitley Stadium, Delhi",Mumbai Indians,Delhi Capitals,Delhi Capitals,field,Mumbai Indians,won by 12 runs,205,193,"KV Sharma, RG Sharma, RD Rickelton, SA Yadav, Tilak Varma, HH Pandya, Naman Dhir, WG Jacks, MJ Santner, DL Chahar, TA Boult, JJ Bumrah","Mukesh Kumar, J Fraser-McGurk, Abishek Porel, KK Nair, KL Rahul, AR Patel, T Stubbs, Ashutosh Sharma, V Nigam, MA Starc, Kuldeep Yadav, MM Sharma",19,16,2,1,1,5,167.2,178.8,187.4,176.4,0.521,0.547,0.484,0.429,161.32,0.5,0.467,0.439
1473467,2025-04-14,"Bharat Ratna Shri Atal Bihari Vajpayee Ekana Cricket Stadium, Lucknow",Lucknow Super Giants,Chennai Super Kings,Chennai Super Kings,field,Chennai Super Kings,won by 5 wickets,166,168,"Ravi Bishnoi, AK Markram, MR Marsh, N Pooran, RR Pant, A Badoni, Abdul Samad, DA Miller, SN Thakur, DS Rathi, Akash Deep, Avesh Khan","M Pathirana, SK Rasheed, R Ravindra, RA Tripathi, RA Jadeja, S Dube, V Shankar, MS Dhoni, J Overton, A Kamboj, Noor Ahmad, KK Ahmed",3,1,2,1,4,0,198.2,194.4,156.8,177.4,0.533,0.667,0.631,0.593,158.88,0.545,0.529,0.0
1473468,2025-04-15,"Maharaja Yadavindra Singh International Cricket Stadium, Mullanpur",Punjab Kings,Kolkata Knight Riders,Punjab Kings,bat,Punjab Kings,won by 16 runs,111,95,"Priyansh Arya, P Simran Singh, SS Iyer, JP Inglis, N Wadhera, GJ Maxwell, Suryansh Shedge, Shashank Singh, M Jansen, XC Bartlett, Arshdeep Singh, YS Chahal","CV Varun, Q de Kock, SP Narine, AM Rahane, A Raghuvanshi, VR Iyer, RK Singh, AD Russell, Ramandeep Singh, Harshit Rana, VG Arora, A Nortje",12,21,2,1,3,3,207.8,211.2,162.0,146.6,0.494,0.206,0.575,0.526,175.36,0.4,0.286,0.0
1473469,2025-04-16,"Arun Jaitley Stadium, Delhi",Delhi Capitals,Rajasthan Royals,Rajasthan Royals,field,,,188,188,"Mukesh Kumar, J Fraser-McGurk, Abishek Porel, KK Nair, KL Rahul, T Stubbs, AR Patel, Ashutosh Sharma, V Nigam, MA Starc, Kuldeep Yadav, MM Sharma","YBK Jaiswal, SV Samson, R Parag, N Rana, Dhruv Jurel, SO Hetmyer, PWH de Silva, JC Archer, M Theekshana, Sandeep Sharma, TU Deshpande, SB Dubey",14,15,1,2,4,2,184.4,179.6,174.0,175.2,0.478,0.429,0.545,0.386,161.74,0.491,0.434,0.417
1473470,2025-04-17,"Wankhede Stadium, Mumbai",Sunrisers Hyderabad,Mumbai Indians,Mumbai Indians,field,Mumbai Indians,won by 4 wickets,162,166,"RD Chahar, Abhishek Sharma, TM Head, Ishan Kishan, Nithish Kumar Reddy, H Klaasen, Aniket Verma, PJ Cummins, HV Patel, Mohammed Shami, Zeeshan Ansari, E Malinga","KV Sharma, RD Rickelton, RG Sharma, WG Jacks, SA Yadav, Tilak Varma, HH Pandya, Naman Dhir, MJ Santner, DL Chahar, TA Boult, JJ Bumrah",10,12,1,2,1,2,174.4,191.4,177.2,185.8,0.481,0.333,0.521,0.547,165.18,0.544,0.154,0.598
1473471,2025-04-18,"M Chinnaswamy Stadium, Bengaluru",Royal Challengers Bengaluru,Punjab Kings,Punjab Kings,field,Punjab Kings,won by 5 wickets,95,98,"PD Salt, V Kohli, RM Patidar, LS Livingstone, JM Sharma, KH Pandya, TH David, MS Bhandage, B Kumar, Yash Dayal, JR Hazlewood, Suyash Sharma","YS Chahal, Priyansh Arya, P Simran Singh, SS Iyer, JP Inglis, N Wadhera, Shashank Singh, MP Stoinis, Harpreet Brar, M Jansen, XC Bartlett, Arshdeep Singh",16,17,3,0,3,3,184.8,173.4,181.4,183.8,0.511,0.486,0.494,0.229,161.91,0.534,0.455,0.455
1473473,2025-04-19,"Sawai Mansingh Stadium, Jaipur",Lucknow Super Giants,Rajasthan Royals,Lucknow Super Giants,bat,Lucknow Super Giants,won by 2 runs,180,178,"MR Marsh, AK Markram, N Pooran, RR Pant, A Badoni, DA Miller, Abdul Samad, DS Rathi, SN Thakur, Ravi Bishnoi, Prince Yadav, Avesh Khan","Sandeep Sharma, YBK Jaiswal, V Suryavanshi, N Rana, R Parag, Dhruv Jurel, SO Hetmyer, SB Dubey, PWH de Silva, JC Archer, M Theekshana, TU Deshpande",1,4,1,2,3,2,192.8,190.0,181.4,182.2,0.533,0.667,0.538,0.386,155.46,0.667,0.5,0.638
1473472,2025-04-19,"Narendra Modi Stadium, Ahmedabad",Delhi Capitals,Gujarat Titans,Gujarat Titans,field,Gujarat Titans,won by 7 wickets,203,204,"Abishek Porel, KK Nair, KL Rahul, AR Patel, T Stubbs, Ashutosh Sharma, V Nigam, D Ferreira, MA Starc, Kuldeep Yadav, MM Sharma, Mukesh Kumar","I Sharma, B Sai Sudharsan, Shubman Gill, JC Buttler, SE Rutherford, R Tewatia, Rashid Khan, M Shahrukh Khan, Arshad Khan, R Sai Kishore, Mohammed Siraj, M Prasidh Krishna",3,2,3,0,3,4,179.8,175.4,183.2,165.2,0.478,0.429,0.684,0.5,173.28,0.5,0.8,0.579
1473474,2025-04-20,"Maharaja Yadavindra Singh International Cricket Stadium, Mullanpur",Punjab Kings,Royal Challengers Bengaluru,Royal Challengers Bengaluru,field,Royal Challengers Bengaluru,won by 7 wickets,157,159,"Harpreet Brar, Priyansh Arya, P Simran Singh, SS Iyer, JP Inglis, N Wadhera, Shashank Singh, MP Stoinis, M Jansen, XC Bartlett, Arshdeep Singh, YS Chahal","Suyash Sharma, PD Salt, V Kohli, D Padikkal, RM Patidar, JM Sharma, R Shepherd, TH David, KH Pandya, B Kumar, JR Hazlewood, Yash Dayal",18,16,1,2,3,2,165.6,168.6,164.6,163.8,0.5,0.229,0.511,0.486,166.31,0.4,0.375,0.0
1473475,2025-04-20,"Wankhede Stadium, Mumbai",Chennai Super Kings,Mumbai Indians,Mumbai Indians,field,Mumbai Indians,won by 9 wickets,176,177,"R Ashwin, SK Rasheed, R Ravindra, A Mhatre, RA Jadeja, S Dube, MS Dhoni, J Overton, V Shankar, Noor Ahmad, KK Ahmed, M Pathirana","Ashwani Kumar, RD Rickelton, RG Sharma, SA Yadav, WG Jacks, Tilak Varma, HH Pandya, Naman Dhir, MJ Santner, DL Chahar, TA Boult, JJ Bumrah",18,20,3,0,1,3,161.2,171.4,178.4,179.0,0.636,0.593,0.526,0.547,165.17,0.549,0.52,0.602
1473476,2025-04-21,"Eden Gardens, Kolkata",Gujarat Titans,Kolkata Knight Riders,Kolkata Knight Riders,field,Gujarat Titans,won by 39 runs,198,159,"SE Rutherford, B Sai Sudharsan, Shubman Gill, JC Buttler, R Tewatia, M Shahrukh Khan, Rashid Khan, Washington Sundar, R Sai Kishore, Mohammed Siraj, M Prasidh Krishna, I Sharma","VG Arora, Rahmanullah Gurbaz, SP Narine, AM Rahane, VR Iyer, RK Singh, AD Russell, Ramandeep Singh, MM Ali, A Raghuvanshi, Harshit Rana, CV Varun",2,1,2,1,4,2,184.8,173.8,150.4,138.6,0.7,0.5,0.575,0.526,160.86,0.576,1.0,0.582
1473477,2025-04-22,"Bharat Ratna Shri Atal Bihari Vajpayee Ekana Cricket Stadium, Lucknow",Lucknow Super Giants,Delhi Capitals,Delhi Capitals,field,Delhi Capitals,won by 8 wickets,159,161,"AK Markram, MR Marsh, N Pooran, Abdul Samad, DA Miller, A Badoni, RR Pant, SN Thakur, Ravi Bishnoi, DS Rathi, Avesh Khan, Prince Yadav","Abishek Porel, KK Nair, KL Rahul, AR Patel, T Stubbs, Ashutosh Sharma, V Nigam, MA Starc, PVD Chameera, Kuldeep Yadav, Mukesh Kumar",3,3,0,3,4,2,194.6,190.2,187.2,183.6,0.533,0.714,0.478,0.429,159.33,0.583,0.5,0.5
1473478,2025-04-23,"Rajiv Gandhi International Stadium, Uppal, Hyderabad",Sunrisers Hyderabad,Mumbai Indians,Mumbai Indians,field,Mumbai Indians,won by 7 wickets,143,146,"TM Head, Abhishek Sharma, Ishan Kishan, Nithish Kumar Reddy, H Klaasen, Aniket Verma, A Manohar, PJ Cummins, HV Patel, JD Unadkat, Zeeshan Ansari, E Malinga","V Puthur, RD Rickelton, RG Sharma, WG Jacks, SA Yadav, Tilak Varma, HH Pandya, Naman Dhir, MJ Santner, DL Chahar, TA Boult, JJ Bumrah",10,13,1,2,1,3,168.8,186.0,189.6,191.0,0.481,0.333,0.531,0.547,160.09,0.444,0.607,0.615
1473479,2025-04-24,"M Chinnaswamy Stadium, Bengaluru",Royal Challengers Bengaluru,Rajasthan Royals,Rajasthan Royals,field,Royal Challengers Bengaluru,won by 11 runs,205,194,"Suyash Sharma, PD Salt, V Kohli, D Padikkal, TH David, RM Patidar, JM Sharma, R Shepherd, KH Pandya, B Kumar, JR Hazlewood, Yash Dayal","Sandeep Sharma, YBK Jaiswal, V Suryavanshi, N Rana, R Parag, Dhruv Jurel, SO Hetmyer, SB Dubey, JC Archer, PWH de Silva, TU Deshpande, Fazalhaq Farooqi",16,14,1,2,3,1,162.6,161.2,180.6,183.0,0.517,0.486,0.538,0.386,161.12,0.541,0.449,0.5
1473480,2025-04-25,"MA Chidambaram Stadium, Chepauk, Chennai",Chennai Super Kings,Sunrisers Hyderabad,Sunrisers Hyderabad,field,Sunrisers Hyderabad,won by 5 wickets,154,155,"SK Rasheed, A Mhatre, SM Curran, RA Jadeja, D Brevis, S Dube, DJ Hooda, MS Dhoni, A Kamboj, Noor Ahmad, KK Ahmed, M Pathirana","Zeeshan Ansari, Abhishek Sharma, TM Head, Ishan Kishan, H Klaasen, Aniket Verma, PHKD Mendis, Nithish Kumar Reddy, PJ Cummins, HV Patel, JD Unadkat, Mohammed Shami",15,6,2,1,1,1,161.2,170.4,164.8,182.0,0.636,0.593,0.481,0.333,156.62,0.425,0.68,0.167
1473481,2025-04-26,"Eden Gardens, Kolkata",Punjab Kings,Kolkata Knight Riders,Punjab Kings,bat,,,201,7,"Harpreet Brar, Priyansh Arya, P Simran Singh, SS Iyer, GJ Maxwell, M Jansen, JP Inglis, Shashank Singh, N Wadhera, Azmatullah Omarzai, YS Chahal, Arshdeep Singh","C Sakariya, Rahmanullah Gurbaz, SP Narine, VR Iyer, AM Rahane, RK Singh, AD Russell, R Powell, VG Arora, Harshit Rana, CV Varun, A Raghuvanshi",13,21,2,1,3,2,166.0,159.4,159.0,154.0,0.5,0.229,0.568,0.526,161.05,0.567,0.308,0.576
1473482,2025-04-27,"Wankhede Stadium, Mumbai",Mumbai Indians,Lucknow Super Giants,Lucknow Super Giants,field,Mumbai Indians,won by 54 runs,215,161,"JJ Bumrah, RD Rickelton, RG Sharma, WG Jacks, SA Yadav, Tilak Varma, HH Pandya, Naman Dhir, C Bosch, DL Chahar, TA Boult, KV Sharma","MR Marsh, AK Markram, N Pooran, RR Pant, A Badoni, DA Miller, Abdul Samad, Ravi Bishnoi, Avesh Khan, Prince Yadav, DS Rathi, MP Yadav",1,6,0,3,4,3,180.6,179.0,185.8,184.2,0.536,0.547,0.533,0.714,165.27,0.554,0.607,0.6
1473483,2025-04-27,"Arun Jaitley Stadium, Delhi",Delhi Capitals,Royal Challengers Bengaluru,Royal Challengers Bengaluru,field,Royal Challengers Bengaluru,won by 6 wickets,162,165,"Abishek Porel, F du Plessis, KK Nair, KL Rahul, AR Patel, T Stubbs, Ashutosh Sharma, V Nigam, MA Starc, PVD Chameera, Kuldeep Yadav, Mukesh Kumar","Suyash Sharma, JG Bethell, V Kohli, D Padikkal, RM Patidar, KH Pandya, TH David, R Shepherd, JM Sharma, B Kumar, JR Hazlewood, Yash Dayal",12,18,2,1,2,3,182.8,183.8,159.4,158.2,0.484,0.429,0.517,0.486,162.02,0.482,0.429,0.6
1473484,2025-04-28,"Sawai Mansingh Stadium, Jaipur",Gujarat Titans,Rajasthan Royals,Rajasthan Royals,field,Rajasthan Royals,won by 8 wickets,209,212,"I Sharma, B Sai Sudharsan, Shubman Gill, JC Buttler, Washington Sundar, R Tewatia, M Shahrukh Khan, Karim Janat, Rashid Khan, R Sai Kishore, Mohammed Siraj, M Prasidh Krishna","YBK Jaiswal, V Suryavanshi, N Rana, R Parag, Dhruv Jurel, SO Hetmyer, PWH de Silva, JC Archer, M Theekshana, Sandeep Sharma, Yudhvir Singh",6,1,3,0,4,0,190.4,171.8,178.4,193.0,0.7,0.5,0.532,0.386,155.86,0.667,1.0,0.627
1473485,2025-04-29,"Arun Jaitley Stadium, Delhi",Kolkata Knight Riders,Delhi Capitals,Delhi Capitals,field,Kolkata Knight Riders,won by 14 runs,204,190,"VG Arora, Rahmanullah Gurbaz, SP Narine, AM Rahane, A Raghuvanshi, VR Iyer, RK Singh, AD Russell, R Powell, AS Roy, Harshit Rana, CV Varun","Mukesh Kumar, Abishek Porel, F du Plessis, KK Nair, KL Rahul, AR Patel, T Stubbs, V Nigam, Ashutosh Sharma, MA Starc, PVD Chameera, Kuldeep Yadav",18,14,2,1,1,1,120.4,170.2,181.4,184.2,0.568,0.526,0.484,0.429,162.04,0.491,0.455,0.424
1473486,2025-04-30,"MA Chidambaram Stadium, Chepauk, Chennai",Chennai Super Kings,Punjab Kings,Punjab Kings,field,Punjab Kings,won by 4 wickets,190,194,"SK Rasheed, A Mhatre, SM Curran, RA Jadeja, D Brevis, S Dube, MS Dhoni, DJ Hooda, A Kamboj, Noor Ahmad, KK Ahmed, M Pathirana","YS Chahal, Priyansh Arya, P Simran Singh, SS Iyer, N Wadhera, Shashank Singh, JP Inglis, Suryansh Shedge, M Jansen, Azmatullah Omarzai, Harpreet Brar, Arshdeep Singh",16,14,1,2,1,2,160.4,164.8,162.4,120.6,0.636,0.593,0.5,0.222,156.59,0.439,0.671,0.4
1473487,2025-05-01,"Sawai Mansingh Stadium, Jaipur",Mumbai Indians,Rajasthan Royals,Rajasthan Royals,field,Mumbai Indians,won by 100 runs,217,117,"KV Sharma, RD Rickelton, RG Sharma, SA Yadav, HH Pandya, WG Jacks, Tilak Varma, Naman Dhir, C Bosch, DL Chahar, TA Boult, JJ Bumrah","Fazalhaq Farooqi, YBK Jaiswal, V Suryavanshi, N Rana, R Parag, Dhruv Jurel, SO Hetmyer, SB Dubey, JC Archer, M Theekshana, K Kartikeya, Akash Madhwal",15,14,1,2,5,1,181.8,167.0,189.0,191.4,0.536,0.547,0.537,0.386,156.77,0.676,0.25,0.633
1473488,2025-05-02,"Narendra Modi Stadium, Ahmedabad",Gujarat Titans,Sunrisers Hyderabad,Sunrisers Hyderabad,field,Gujarat Titans,won by 38 runs,224,186,"I Sharma, B Sai Sudharsan, Shubman Gill, JC Buttler, Washington Sundar, M Shahrukh Khan, R Tewatia, Rashid Khan, Mohammed Siraj, G Coetzee, R Sai Kishore, M Prasidh Krishna","Mohammed Shami, TM Head, Abhishek Sharma, Ishan Kishan, H Klaasen, Aniket Verma, Nithish Kumar Reddy, PHKD Mendis, PJ Cummins, HV Patel, JD Unadkat, Zeeshan Ansari",4,1,3,0,3,2,201.6,183.8,171.8,172.8,0.7,0.5,0.491,0.333,174.36,0.522,0.6,0.0
1473489,2025-05-03,"M Chinnaswamy Stadium, Bengaluru",Royal Challengers Bengaluru,Chennai Super Kings,Chennai Super Kings,field,Royal Challengers Bengaluru,won by 2 runs,213,211,"Suyash Sharma, JG Bethell, V Kohli, D Padikkal, RM Patidar, JM Sharma, TH David, R Shepherd, KH Pandya, B Kumar, L Ngidi, Yash Dayal","M Pathirana, A Mhatre, SK Rasheed, SM Curran, RA Jadeja, D Brevis, MS Dhoni, S Dube, DJ Hooda, Noor Ahmad, KK Ahmed, A Kamboj",12,21,2,1,4,1,159.8,156.8,158.2,159.8,0.522,0.486,0.636,0.593,161.58,0.533,0.456,0.556
1473490,2025-05-04,"Eden Gardens, Kolkata",Kolkata Knight Riders,Rajasthan Royals,Kolkata Knight Riders,bat,Kolkata Knight Riders,won by 1 runs,206,205,"Harshit Rana, Rahmanullah Gurbaz, SP Narine, AM Rahane, A Raghuvanshi, AD Russell, RK Singh, VR Iyer, Ramandeep Singh, MM Ali, VG Arora, CV Varun","Akash Madhwal, YBK Jaiswal, V Suryavanshi, KS Rathore, R Parag, Dhruv Jurel, PWH de Silva, SO Hetmyer, SB Dubey, JC Archer, M Theekshana, Yudhvir Singh",15,12,1,2,2,1,114.4,160.6,177.8,199.8,0.568,0.526,0.531,0.386,160.46,0.567,0.57,0.333
1473491,2025-05-04,"Himachal Pradesh Cricket Association Stadium, Dharamsala",Punjab Kings,Lucknow Super Giants,Lucknow Super Giants,field,Punjab Kings,won by 37 runs,236,199,"Vijaykumar Vyshak, Priyansh Arya, P Simran Singh, JP Inglis, SS Iyer, N Wadhera, Shashank Singh, MP Stoinis, Azmatullah Omarzai, M Jansen, YS Chahal, Arshdeep Singh","Akash Singh, AK Markram, MR Marsh, N Pooran, RR Pant, A Badoni, DA Miller, Abdul Samad, Avesh Khan, Prince Yadav, MP Yadav, DS Rathi",2,3,1,2,3,2,152.2,109.2,170.4,180.4,0.506,0.222,0.5,0.714,169.69,0.417,0.385,0.0
1473492,2025-05-05,"Rajiv Gandhi International Stadium, Uppal, Hyderabad",Delhi Capitals,,Sunrisers Hyderabad,field,,,133,0,"KK Nair, F du Plessis, Abishek Porel, KL Rahul, AR Patel, T Stubbs, V Nigam, Ashutosh Sharma, MA Starc, PVD Chameera, Kuldeep Yadav, T Natarajan","JD Unadkat, Abhishek Sharma, Ishan Kishan, Sachin Baby, H Klaasen, Aniket Verma, A Manohar, PJ Cummins, HV Patel, Zeeshan Ansari, E Malinga, TM Head",0,0,0,0,1,0,180.8,184.0,0.0,127.0,0.479,0.429,0.0,0.0,159.9,0.457,0.667,0.0
1473493,2025-05-06,"Wankhede Stadium, Mumbai",Mumbai Indians,Gujarat Titans,Gujarat Titans,field,Gujarat Titans,won by 3 wickets,155,147,"RD Rickelton, RG Sharma, WG Jacks, SA Yadav, Tilak Varma, HH Pandya, Naman Dhir, C Bosch, DL Chahar, KV Sharma, TA Boult, JJ Bumrah, Ashwani Kumar","B Sai Sudharsan, Shubman Gill, JC Buttler, SE Rutherford, M Shahrukh Khan, R Tewatia, Rashid Khan, G Coetzee, Arshad Khan, R Sai Kishore, Mohammed Siraj, M Prasidh Krishna",2,4,0,3,5,3,184.2,151.8,203.0,189.2,0.536,0.547,0.7,0.5,165.45,0.548,0.611,0.6
1473494,2025-05-07,"Eden Gardens, Kolkata",Kolkata Knight Riders,Chennai Super Kings,Kolkata Knight Riders,bat,Chennai Super Kings,won by 2 wickets,179,183,"Harshit Rana, Rahmanullah Gurbaz, SP Narine, AM Rahane, A Raghuvanshi, MK Pandey, AD Russell, RK Singh, Ramandeep Singh, MM Ali, VG Arora, CV Varun","M Pathirana, A Mhatre, DP Conway, Urvil Patel, R Ashwin, RA Jadeja, D Brevis, S Dube, MS Dhoni, Noor Ahmad, A Kamboj, KK Ahmed",11,19,2,1,2,1,134.2,181.0,179.8,181.0,0.568,0.538,0.627,0.593,160.92,0.567,0.574,0.5
1473495,2025-05-08,"Himachal Pradesh Cricket Association Stadium, Dharamsala",Punjab Kings,,Punjab Kings,bat,,,122,0,"Priyansh Arya, P Simran Singh, JP Inglis, SS Iyer, N Wadhera, Shashank Singh, MP Stoinis, Azmatullah Omarzai, M Jansen, YS Chahal, Arshdeep Singh","F du Plessis, Sameer Rizvi, Abishek Porel, KL Rahul, AR Patel, T Stubbs, M Tiwari, MA Starc, PVD Chameera, Kuldeep Yadav, T Natarajan",0,0,0,0,3,0,177.2,130.0,0.0,128.5,0.506,0.222,0.0,0.0,173.11,0.385,0.429,0.0
1473498,2025-05-18,"Arun Jaitley Stadium, Delhi",Delhi Capitals,Gujarat Titans,Gujarat Titans,field,Gujarat Titans,won by 10 wickets,199,205,"PVD Chameera, KL Rahul, F du Plessis, Abishek Porel, AR Patel, T Stubbs, Sameer Rizvi, Ashutosh Sharma, V Nigam, T Natarajan, Kuldeep Yadav, Mustafizur Rahman","M Prasidh Krishna, B Sai Sudharsan, Shubman Gill, SE Rutherford, JC Buttler, M Shahrukh Khan, R Tewatia, Rashid Khan, K Rabada, Arshad Khan, R Sai Kishore, Mohammed Siraj",3,3,2,1,1,4,169.8,146.4,196.4,183.0,0.479,0.429,0.714,0.5,162.41,0.483,0.419,0.5
1473497,2025-05-18,"Sawai Mansingh Stadium, Jaipur",Punjab Kings,Rajasthan Royals,Punjab Kings,bat,Punjab Kings,won by 10 runs,219,209,"Harpreet Brar, Priyansh Arya, P Simran Singh, MJ Owen, N Wadhera, SS Iyer, Shashank Singh, Azmatullah Omarzai, M Jansen, XC Bartlett, Arshdeep Singh, YS Chahal","Fazalhaq Farooqi, YBK Jaiswal, V Suryavanshi, SV Samson, R Parag, Dhruv Jurel, SO Hetmyer, SB Dubey, PWH de Silva, KT Maphaka, TU Deshpande, Akash Madhwal",11,17,1,2,2,1,182.0,111.0,181.2,203.4,0.506,0.216,0.531,0.386,156.93,0.657,0.167,0.623
1473499,2025-05-19,"Bharat Ratna Shri Atal Bihari Vajpayee Ekana Cricket Stadium, Lucknow",Lucknow Super Giants,Sunrisers Hyderabad,Sunrisers Hyderabad,field,Sunrisers Hyderabad,won by 6 wickets,205,206,"MR Marsh, AK Markram, RR Pant, N Pooran, A Badoni, Abdul Samad, SN Thakur, Ravi Bishnoi, Akash Deep, Avesh Khan, DS Rathi, W O'Rourke","Zeeshan Ansari, Atharva Taide, Abhishek Sharma, Ishan Kishan, H Klaasen, PHKD Mendis, Aniket Verma, Nithish Kumar Reddy, PJ Cummins, HV Patel, Harsh Dubey, E Malinga",4,1,2,1,1,2,173.0,191.6,178.6,187.0,0.471,0.714,0.482,0.333,159.37,0.615,0.474,0.0
1473500,2025-05-20,"Arun Jaitley Stadium, Delhi",Chennai Super Kings,Rajasthan Royals,Rajasthan Royals,field,Rajasthan Royals,won by 6 wickets,187,188,"M Pathirana, A Mhatre, DP Conway, Urvil Patel, R Ashwin, RA Jadeja, D Brevis, S Dube, MS Dhoni, A Kamboj, Noor Ahmad, KK Ahmed","YBK Jaiswal, V Suryavanshi, SV Samson, R Parag, Dhruv Jurel, SO Hetmyer, PWH de Silva, KT Maphaka, Yudhvir Singh, TU Deshpande, Akash Madhwal",16,14,1,2,1,1,182.8,183.6,187.4,211.2,0.627,0.593,0.531,0.386,162.83,0.492,0.727,0.385
1473501,2025-05-21,"Wankhede Stadium, Mumbai",Mumbai Indians,Delhi Capitals,Delhi Capitals,field,Mumbai Indians,won by 59 runs,180,121,"RD Rickelton, RG Sharma, WG Jacks, SA Yadav, Tilak Varma, HH Pandya, Naman Dhir, MJ Santner, DL Chahar, TA Boult, JJ Bumrah, KV Sharma","KL Rahul, F du Plessis, Abishek Porel, Sameer Rizvi, V Nigam, T Stubbs, Ashutosh Sharma, M Tiwari, PVD Chameera, Kuldeep Yadav, Mustafizur Rahman, Mukesh Kumar",20,16,2,1,4,1,182.0,148.8,169.0,146.6,0.536,0.547,0.479,0.429,165.33,0.553,0.604,0.333
1473502,2025-05-22,"Narendra Modi Stadium, Ahmedabad",Lucknow Super Giants,Gujarat Titans,Gujarat Titans,field,Lucknow Super Giants,won by 33 runs,235,202,"AK Markram, MR Marsh, N Pooran, RR Pant, A Badoni, Abdul Samad, Himmat Singh, Shahbaz Ahmed, Avesh Khan, Akash Deep, W O'Rourke, Akash Singh","B Sai Sudharsan, Shubman Gill, JC Buttler, SE Rutherford, M Shahrukh Khan, R Tewatia, Arshad Khan, Rashid Khan, K Rabada, R Sai Kishore, Mohammed Siraj, M Prasidh Krishna",2,4,2,1,1,4,180.8,199.2,196.6,182.2,0.471,0.714,0.727,0.5,175.41,0.5,0.0,0.619
1473503,2025-05-23,"Bharat Ratna Shri Atal Bihari Vajpayee Ekana Cricket Stadium, Lucknow",Sunrisers Hyderabad,Royal Challengers Bengaluru,Royal Challengers Bengaluru,field,Sunrisers Hyderabad,won by 42 runs,231,189,"Abhishek Sharma, TM Head, Ishan Kishan, H Klaasen, Aniket Verma, Nithish Kumar Reddy, A Manohar, PJ Cummins, HV Patel, JD Unadkat, E Malinga, Harsh Dubey","PD Salt, V Kohli, MA Agarwal, RM Patidar, JM Sharma, R Shepherd, KH Pandya, TH David, B Kumar, Yash Dayal, L Ngidi, Suyash Sharma",12,11,1,2,2,4,170.4,179.0,167.4,164.4,0.491,0.333,0.522,0.486,161.68,0.643,0.5,1.0
1485779,2025-05-24,"Sawai Mansingh Stadium, Jaipur",Punjab Kings,Delhi Capitals,Delhi Capitals,field,Delhi Capitals,won by 6 wickets,206,208,"P Dubey, Priyansh Arya, P Simran Singh, JP Inglis, SS Iyer, N Wadhera, Shashank Singh, MP Stoinis, Azmatullah Omarzai, M Jansen, Harpreet Brar, Arshdeep Singh","Mukesh Kumar, KL Rahul, F du Plessis, KK Nair, Sediqullah Atal, Sameer Rizvi, T Stubbs, Ashutosh Sharma, V Nigam, Kuldeep Yadav, MM Sharma, Mustafizur Rahman",17,15,2,1,3,0,194.4,121.0,161.0,150.8,0.506,0.237,0.474,0.429,157.85,0.657,0.286,0.286
1473504,2025-05-25,"Narendra Modi Stadium, Ahmedabad",Chennai Super Kings,Gujarat Titans,Chennai Super Kings,bat,Chennai Super Kings,won by 83 runs,230,147,"M Pathirana, A Mhatre, DP Conway, Urvil Patel, S Dube, D Brevis, RA Jadeja, MS Dhoni, DJ Hooda, Noor Ahmad, A Kamboj, KK Ahmed","M Prasidh Krishna, B Sai Sudharsan, Shubman Gill, JC Buttler, SE Rutherford, M Shahrukh Khan, R Tewatia, Rashid Khan, G Coetzee, Arshad Khan, R Sai Kishore, Mohammed Siraj",3,4,2,1,1,3,185.0,185.8,197.4,197.4,0.627,0.593,0.696,0.5,176.85,0.48,0.333,0.591
1473505,2025-05-25,"Arun Jaitley Stadium, Delhi",Sunrisers Hyderabad,Kolkata Knight Riders,Sunrisers Hyderabad,bat,Sunrisers Hyderabad,won by 110 runs,278,168,"Harsh Dubey, Abhishek Sharma, TM Head, H Klaasen, Ishan Kishan, Aniket Verma, Nithish Kumar Reddy, A Manohar, PJ Cummins, HV Patel, JD Unadkat, E Malinga","CV Varun, Q de Kock, SP Narine, AM Rahane, A Raghuvanshi, RK Singh, AD Russell, MK Pandey, Ramandeep Singh, Harshit Rana, VG Arora, A Nortje",9,19,0,3,3,2,184.2,183.6,151.0,195.4,0.491,0.333,0.568,0.525,163.08,0.5,0.667,0.5
1473506,2025-05-26,"Sawai Mansingh Stadium, Jaipur",Mumbai Indians,Punjab Kings,Punjab Kings,field,Punjab Kings,won by 7 wickets,184,187,"Ashwani Kumar, RD Rickelton, RG Sharma, SA Yadav, Tilak Varma, WG Jacks, HH Pandya, Naman Dhir, MJ Santner, DL Chahar, TA Boult, JJ Bumrah","Vijaykumar Vyshak, Priyansh Arya, P Simran Singh, JP Inglis, SS Iyer, N Wadhera, Shashank Singh, MP Stoinis, M Jansen, Harpreet Brar, KA Jamieson, Arshdeep Singh",17,14,2,1,4,3,182.6,137.8,195.4,161.2,0.536,0.547,0.506,0.237,158.63,0.667,0.333,0.25
1473507,2025-05-27,"Bharat Ratna Shri Atal Bihari Vajpayee Ekana Cricket Stadium, Lucknow",Lucknow Super Giants,Royal Challengers Bengaluru,Royal Challengers Bengaluru,field,Royal Challengers Bengaluru,won by 6 wickets,227,230,"Akash Singh, MR Marsh, MP Breetzke, RR Pant, N Pooran, Abdul Samad, A Badoni, Himmat Singh, Shahbaz Ahmed, DS Rathi, Avesh Khan, W O'Rourke","Suyash Sharma, PD Salt, V Kohli, RM Patidar, LS Livingstone, MA Agarwal, JM Sharma, R Shepherd, KH Pandya, B Kumar, Yash Dayal, N Thushara",2,3,2,1,1,4,191.8,204.0,186.2,191.0,0.471,0.714,0.516,0.486,163.98,0.6,0.45,0.5
1473508,2025-05-29,"Maharaja Yadavindra Singh International Cricket Stadium, Mullanpur",Punjab Kings,Royal Challengers Bengaluru,Royal Challengers Bengaluru,field,Royal Challengers Bengaluru,won by 8 wickets,101,106,"Priyansh Arya, P Simran Singh, JP Inglis, SS Iyer, N Wadhera, MP Stoinis, Shashank Singh, Musheer Khan, Azmatullah Omarzai, Harpreet Brar, KA Jamieson, Arshdeep Singh","Suyash Sharma, PD Salt, V Kohli, MA Agarwal, RM Patidar, LS Livingstone, JM Sharma, R Shepherd, KH Pandya, B Kumar, Yash Dayal, JR Hazlewood",18,17,1,2,3,4,194.0,160.0,200.4,205.0,0.512,0.237,0.522,0.486,165.39,0.5,0.333,1.0
1473509,2025-05-30,"Maharaja Yadavindra Singh International Cricket Stadium, New Chandigarh",Mumbai Indians,Gujarat Titans,Mumbai Indians,bat,Mumbai Indians,won by 20 runs,228,208,"Ashwani Kumar, RG Sharma, JM Bairstow, SA Yadav, Tilak Varma, HH Pandya, Naman Dhir, MJ Santner, RA Bawa, TA Boult, JJ Bumrah, RJ Gleeson","Mohammed Siraj, B Sai Sudharsan, Shubman Gill, BKG Mendis, Washington Sundar, SE Rutherford, R Tewatia, M Shahrukh Khan, Rashid Khan, R Sai Kishore, G Coetzee, M Prasidh Krishna",2,5,0,3,3,3,190.2,146.6,185.0,201.0,0.536,0.547,0.696,0.5,0.0,0.0,0.0,0.0
1473510,2025-06-01,"Narendra Modi Stadium, Ahmedabad",Mumbai Indians,Punjab Kings,Punjab Kings,field,Punjab Kings,won by 5 wickets,203,207,"Ashwani Kumar, RG Sharma, JM Bairstow, Tilak Varma, SA Yadav, HH Pandya, Naman Dhir, RA Bawa, MJ Santner, TA Boult, JJ Bumrah, RJW Topley","YS Chahal, Priyansh Arya, P Simran Singh, JP Inglis, SS Iyer, N Wadhera, Shashank Singh, MP Stoinis, Azmatullah Omarzai, Vijaykumar Vyshak, KA Jamieson, Arshdeep Singh",17,15,2,1,3,2,192.8,156.0,167.0,141.4,0.536,0.556,0.512,0.237,177.23,0.48,0.0,0.6
1473511,2025-06-03,"Narendra Modi Stadium, Ahmedabad",Royal Challengers Bengaluru,Punjab Kings,Punjab Kings,field,Royal Challengers Bengaluru,won by 6 runs,190,184,"Suyash Sharma, PD Salt, V Kohli, MA Agarwal, RM Patidar, LS Livingstone, JM Sharma, R Shepherd, KH Pandya, B Kumar, Yash Dayal, JR Hazlewood","YS Chahal, Priyansh Arya, P Simran Singh, JP Inglis, SS Iyer, N Wadhera, Shashank Singh, MP Stoinis, Azmatullah Omarzai, KA Jamieson, Vijaykumar Vyshak, Arshdeep Singh",18,18,2,1,4,3,180.6,186.4,184.0,182.0,0.527,0.486,0.518,0.237,178.09,0.5,0.4,0.667
1527674,2026-03-28,"M Chinnaswamy Stadium, Bengaluru",Sunrisers Hyderabad,Royal Challengers Bengaluru,Royal Challengers Bengaluru,field,Royal Challengers Bengaluru,won by 6 wickets,201,203,"TM Head, Abhishek Sharma, Ishan Kishan, Nithish Kumar Reddy, H Klaasen, S Arora, Aniket Verma, Harsh Dubey, HV Patel, DA Payne, JD Unadkat, E Malinga","JA Duffy, PD Salt, V Kohli, D Padikkal, RM Patidar, JM Sharma, TH David, R Shepherd, KH Pandya, B Kumar, Abhinandan Singh, Suyash Sharma",13,11,2,1,4,4,211.2,188.0,185.6,190.8,0.491,0.351,0.527,0.486,162.18,0.526,0.429,0.463
1527675,2026-03-29,"Wankhede Stadium, Mumbai",Kolkata Knight Riders,Mumbai Indians,Mumbai Indians,field,Mumbai Indians,won by 6 wickets,220,224,"Kartik Tyagi, AM Rahane, FH Allen, C Green, A Raghuvanshi, RK Singh, Ramandeep Singh, AS Roy, SP Narine, CV Varun, VG Arora, B Muzarabani","JJ Bumrah, RD Rickelton, RG Sharma, SA Yadav, Tilak Varma, HH Pandya, Naman Dhir, SE Rutherford, SN Thakur, M Markande, AM Ghazanfar, TA Boult",11,24,2,1,2,2,152.8,211.4,190.0,174.0,0.568,0.525,0.536,0.556,165.22,0.547,0.278,0.609
1527676,2026-03-30,"Barsapara Cricket Stadium, Guwahati",Chennai Super Kings,Rajasthan Royals,Rajasthan Royals,field,Rajasthan Royals,won by 8 wickets,127,128,"SV Samson, RD Gaikwad, A Mhatre, MW Short, SN Khan, Kartik Sharma, S Dube, J Overton, Noor Ahmad, MJ Henry, A Kamboj, KK Ahmed","YBK Jaiswal, V Suryavanshi, Dhruv Jurel, R Parag, SO Hetmyer, RA Jadeja, JC Archer, N Burger, Sandeep Sharma, Ravi Bishnoi, Brijesh Sharma",16,15,1,2,2,2,200.2,184.2,186.2,207.6,0.627,0.6,0.537,0.386,168.1,0.25,0.0,0.4
1527677,2026-03-31,"Maharaja Yadavindra Singh International Cricket Stadium, New Chandigarh",Gujarat Titans,Punjab Kings,Punjab Kings,field,Punjab Kings,won by 3 wickets,162,165,"M Prasidh Krishna, B Sai Sudharsan, Shubman Gill, JC Buttler, GD Phillips, Washington Sundar, M Shahrukh Khan, R Tewatia, Rashid Khan, K Rabada, Ashok Sharma, Mohammed Siraj","YS Chahal, Priyansh Arya, P Simran Singh, C Connolly, SS Iyer, N Wadhera, Shashank Singh, MP Stoinis, M Jansen, XC Bartlett, Vijaykumar Vyshak, Arshdeep Singh",3,3,1,2,2,2,181.8,209.4,177.0,178.2,0.696,0.5,0.512,0.237,218.0,0.0,0.0,0.0
1527678,2026-04-01,"Bharat Ratna Shri Atal Bihari Vajpayee Ekana Cricket Stadium, Lucknow",Lucknow Super Giants,Delhi Capitals,Delhi Capitals,field,Delhi Capitals,won by 6 wickets,141,145,"MR Marsh, RR Pant, AK Markram, A Badoni, N Pooran, Abdul Samad, MD Choudhary, Shahbaz Ahmed, Mohammed Shami, A Nortje, Mohsin Khan, Prince Yadav","T Natarajan, KL Rahul, P Nissanka, N Rana, Sameer Rizvi, AR Patel, T Stubbs, V Nigam, DA Miller, L Ngidi, Kuldeep Yadav, Mukesh Kumar",3,4,0,3,1,1,205.4,217.8,170.2,159.0,0.471,0.714,0.479,0.429,166.91,0.625,0.429,0.667
1527679,2026-04-02,"Eden Gardens, Kolkata",Sunrisers Hyderabad,Kolkata Knight Riders,Kolkata Knight Riders,field,Sunrisers Hyderabad,won by 65 runs,226,161,"TM Head, Abhishek Sharma, Ishan Kishan, H Klaasen, Aniket Verma, Nithish Kumar Reddy, S Arora, Harsh Dubey, Shivang Kumar, JD Unadkat, DA Payne, E Malinga","FH Allen, AM Rahane, A Raghuvanshi, C Green, RK Singh, AS Roy, Ramandeep Singh, SP Narine, Kartik Tyagi, VG Arora, CV Varun, B Muzarabani",10,19,1,2,3,2,220.4,197.8,195.4,216.0,0.491,0.351,0.568,0.525,161.12,0.567,0.273,0.568
1527680,2026-04-03,"MA Chidambaram Stadium, Chepauk, Chennai",Chennai Super Kings,Punjab Kings,Punjab Kings,field,Punjab Kings,won by 5 wickets,209,210,"RD Chahar, SV Samson, RD Gaikwad, A Mhatre, S Dube, Kartik Sharma, SN Khan, PR Veer, Noor Ahmad, A Kamboj, MJ Henry, KK Ahmed","YS Chahal, Priyansh Arya, P Simran Singh, C Connolly, SS Iyer, N Wadhera, Shashank Singh, MP Stoinis, M Jansen, XC Bartlett, Vijaykumar Vyshak, Arshdeep Singh",16,15,1,2,2,3,187.6,171.0,168.8,169.0,0.627,0.6,0.518,0.237,156.98,0.452,0.662,0.455
1527681,2026-04-04,"Arun Jaitley Stadium, Delhi",Mumbai Indians,Delhi Capitals,Delhi Capitals,field,Delhi Capitals,won by 6 wickets,162,164,"M Markande, RD Rickelton, RG Sharma, Tilak Varma, SA Yadav, SE Rutherford, Naman Dhir, MJ Santner, C Bosch, SN Thakur, DL Chahar, JJ Bumrah","Mukesh Kumar, KL Rahul, P Nissanka, N Rana, Sameer Rizvi, DA Miller, T Stubbs, V Nigam, AR Patel, Kuldeep Yadav, L Ngidi, T Natarajan",21,16,2,1,3,2,203.8,188.6,161.2,146.4,0.541,0.556,0.485,0.429,163.7,0.5,0.5,0.414
1527682,2026-04-04,"Narendra Modi Stadium, Ahmedabad",Rajasthan Royals,Gujarat Titans,Rajasthan Royals,bat,Rajasthan Royals,won by 6 runs,210,204,"Ravi Bishnoi, YBK Jaiswal, V Suryavanshi, Dhruv Jurel, R Parag, SO Hetmyer, D Ferreira, RA Jadeja, JC Archer, N Burger, TU Deshpande, Sandeep Sharma","M Prasidh Krishna, B Sai Sudharsan, Kumar Kushagra, JC Buttler, GD Phillips, Washington Sundar, R Tewatia, M Shahrukh Khan, Rashid Khan, K Rabada, Ashok Sharma, Mohammed Siraj",2,6,1,2,2,1,169.4,191.2,184.8,211.4,0.542,0.386,0.696,0.5,178.36,0.481,0.6,0.565
1527683,2026-04-05,"Rajiv Gandhi International Stadium, Uppal, Hyderabad",Sunrisers Hyderabad,Lucknow Super Giants,Lucknow Super Giants,field,Lucknow Super Giants,won by 5 wickets,156,160,"E Malinga, TM Head, Abhishek Sharma, Ishan Kishan, LS Livingstone, H Klaasen, Nithish Kumar Reddy, Aniket Verma, Harsh Dubey, Shivang Kumar, HV Patel, JD Unadkat","Mohammed Shami, AK Markram, MR Marsh, RR Pant, A Badoni, N Pooran, Abdul Samad, MD Choudhary, M Siddharth, Avesh Khan, DS Rathi, Prince Yadav",2,4,2,1,4,1,228.4,185.2,201.4,203.8,0.491,0.351,0.471,0.714,158.78,0.447,0.597,0.667
1527684,2026-04-05,"M Chinnaswamy Stadium, Bengaluru",Royal Challengers Bengaluru,Chennai Super Kings,Chennai Super Kings,field,Royal Challengers Bengaluru,won by 43 runs,250,207,"Suyash Sharma, PD Salt, V Kohli, D Padikkal, RM Patidar, TH David, JM Sharma, R Shepherd, KH Pandya, B Kumar, Abhinandan Singh, JA Duffy","KK Ahmed, SV Samson, RD Gaikwad, A Mhatre, SN Khan, Kartik Sharma, S Dube, PR Veer, J Overton, A Kamboj, Noor Ahmad, MJ Henry",13,21,3,0,4,2,183.6,188.8,187.2,170.4,0.532,0.486,0.627,0.6,162.65,0.532,0.469,0.5
1527685,2026-04-06,"Eden Gardens, Kolkata",Kolkata Knight Riders,,Kolkata Knight Riders,bat,,,25,0,"AM Rahane, FH Allen, C Green, A Raghuvanshi, R Powell, RK Singh, Ramandeep Singh, AS Roy, Navdeep Saini, VG Arora, Kartik Tyagi","SS Iyer, P Simran Singh, N Wadhera, C Connolly, Shashank Singh, MP Stoinis, M Jansen, Vijaykumar Vyshak, XC Bartlett, Arshdeep Singh, YS Chahal",0,0,0,0,1,0,186.8,223.2,0.0,127.2,0.562,0.525,0.0,0.0,161.44,0.559,0.562,0.0
1527686,2026-04-07,"Barsapara Cricket Stadium, Guwahati",Rajasthan Royals,Mumbai Indians,Mumbai Indians,field,Rajasthan Royals,won by 27 runs,150,123,"Ravi Bishnoi, YBK Jaiswal, V Suryavanshi, Dhruv Jurel, R Parag, SO Hetmyer, RA Jadeja, D Ferreira, JC Archer, N Burger, TU Deshpande, Sandeep Sharma","AM Ghazanfar, RD Rickelton, RG Sharma, SA Yadav, Tilak Varma, HH Pandya, Naman Dhir, SE Rutherford, SN Thakur, DL Chahar, TA Boult, JJ Bumrah",14,16,2,1,3,2,188.0,188.6,200.2,197.2,0.542,0.4,0.541,0.556,161.33,0.4,0.5,0.0
1527687,2026-04-08,"Arun Jaitley Stadium, Delhi",Gujarat Titans,Delhi Capitals,Delhi Capitals,field,Gujarat Titans,won by 1 runs,210,209,"M Shahrukh Khan, B Sai Sudharsan, Shubman Gill, JC Buttler, Washington Sundar, GD Phillips, R Tewatia, Rashid Khan, K Rabada, Mohammed Siraj, Ashok Sharma, M Prasidh Krishna","Mukesh Kumar, P Nissanka, KL Rahul, N Rana, Sameer Rizvi, DA Miller, AR Patel, T Stubbs, V Nigam, Kuldeep Yadav, L Ngidi, T Natarajan",4,3,2,1,0,3,184.6,213.6,167.4,178.8,0.696,0.5,0.49,0.429,163.69,0.508,0.667,0.42
1527688,2026-04-09,"Eden Gardens, Kolkata",Kolkata Knight Riders,Lucknow Super Giants,Lucknow Super Giants,field,Lucknow Super Giants,won by 3 wickets,181,182,"VG Arora, AM Rahane, FH Allen, A Raghuvanshi, C Green, RK Singh, R Powell, Ramandeep Singh, AS Roy, SP Narine, Navdeep Saini, Kartik Tyagi","M Siddharth, MR Marsh, AK Markram, RR Pant, A Badoni, N Pooran, Abdul Samad, MD Choudhary, Mohammed Shami, Avesh Khan, DS Rathi, Prince Yadav",2,4,2,1,0,2,150.6,182.2,193.6,187.8,0.562,0.512,0.5,0.714,159.98,0.559,0.557,0.5
1527689,2026-04-10,"Barsapara Cricket Stadium, Guwahati",Royal Challengers Bengaluru,Rajasthan Royals,Rajasthan Royals,field,Rajasthan Royals,won by 6 wickets,201,202,"PD Salt, V Kohli, D Padikkal, RM Patidar, KH Pandya, JM Sharma, TH David, R Shepherd, VR Iyer, B Kumar, Abhinandan Singh, JR Hazlewood","Sandeep Sharma, YBK Jaiswal, V Suryavanshi, Dhruv Jurel, SO Hetmyer, R Parag, RA Jadeja, D Ferreira, Ravi Bishnoi, JC Archer, N Burger, Brijesh Sharma",17,14,2,1,5,4,195.8,184.0,177.0,172.0,0.532,0.486,0.542,0.4,157.79,0.333,0.0,0.571
1527690,2026-04-11,"Maharaja Yadavindra Singh International Cricket Stadium, New Chandigarh",Sunrisers Hyderabad,Punjab Kings,Punjab Kings,field,Punjab Kings,won by 6 wickets,219,223,"JD Unadkat, Abhishek Sharma, TM Head, Ishan Kishan, H Klaasen, Aniket Verma, S Arora, Nithish Kumar Reddy, Harsh Dubey, Shivang Kumar, HV Patel, E Malinga","YS Chahal, Priyansh Arya, P Simran Singh, C Connolly, SS Iyer, N Wadhera, Shashank Singh, MP Stoinis, M Jansen, XC Bartlett, Vijaykumar Vyshak, Arshdeep Singh",17,7,3,0,3,3,218.4,176.2,173.4,174.0,0.491,0.351,0.523,0.237,190.75,1.0,0.0,1.0
1527691,2026-04-11,"MA Chidambaram Stadium, Chepauk, Chennai",Chennai Super Kings,Delhi Capitals,Delhi Capitals,field,Chennai Super Kings,won by 23 runs,212,189,"AJ Hosein, SV Samson, RD Gaikwad, A Mhatre, S Dube, SN Khan, D Brevis, J Overton, Noor Ahmad, A Kamboj, Gurjapneet Singh, KK Ahmed","Mukesh Kumar, P Nissanka, KL Rahul, Sameer Rizvi, AR Patel, DA Miller, T Stubbs, Ashutosh Sharma, Auqib Nabi, Kuldeep Yadav, L Ngidi, T Natarajan",19,12,1,2,1,3,192.0,184.6,169.4,179.8,0.618,0.6,0.485,0.429,157.55,0.465,0.654,0.333
1527692,2026-04-12,"Bharat Ratna Shri Atal Bihari Vajpayee Ekana Cricket Stadium, Lucknow",Lucknow Super Giants,Gujarat Titans,Gujarat Titans,field,Gujarat Titans,won by 7 wickets,164,165,"AK Markram, MR Marsh, RR Pant, A Badoni, N Pooran, Abdul Samad, MD Choudhary, GF Linde, Mohammed Shami, Avesh Khan, DS Rathi, Prince Yadav","Mohammed Siraj, B Sai Sudharsan, Shubman Gill, JC Buttler, Washington Sundar, R Tewatia, GD Phillips, Rashid Khan, K Rabada, Ashok Sharma, M Prasidh Krishna, M Shahrukh Khan",3,4,3,0,3,1,189.0,182.8,186.2,208.4,0.526,0.714,0.696,0.5,165.87,0.647,0.409,0.333
1527693,2026-04-12,"Wankhede Stadium, Mumbai",Royal Challengers Bengaluru,Mumbai Indians,Mumbai Indians,field,Royal Challengers Bengaluru,won by 18 runs,240,222,"Rasikh Salam, PD Salt, V Kohli, RM Patidar, TH David, JM Sharma, R Shepherd, D Padikkal, KH Pandya, B Kumar, JA Duffy, Suyash Sharma","M Markande, RD Rickelton, RG Sharma, SA Yadav, Tilak Varma, HH Pandya, SE Rutherford, Naman Dhir, MJ Santner, SN Thakur, JJ Bumrah, TA Boult",14,19,1,2,4,2,190.0,179.0,188.0,189.8,0.532,0.486,0.535,0.556,165.67,0.552,0.474,0.613
1529264,2026-04-13,"Rajiv Gandhi International Stadium, Uppal, Hyderabad",Sunrisers Hyderabad,Rajasthan Royals,Rajasthan Royals,field,Sunrisers Hyderabad,won by 57 runs,216,159,"Sakib Hussain, Abhishek Sharma, TM Head, Ishan Kishan, H Klaasen, Nithish Kumar Reddy, S Arora, Aniket Verma, Harsh Dubey, Shivang Kumar, PP Hinge, E Malinga","Sandeep Sharma, YBK Jaiswal, V Suryavanshi, Dhruv Jurel, LG Pretorius, R Parag, RA Jadeja, D Ferreira, JC Archer, TU Deshpande, Ravi Bishnoi, N Burger",12,9,3,0,2,5,216.0,183.0,175.6,168.4,0.491,0.351,0.548,0.4,158.77,0.458,0.587,0.333
1529265,2026-04-14,"MA Chidambaram Stadium, Chepauk, Chennai",Chennai Super Kings,Kolkata Knight Riders,Kolkata Knight Riders,field,Chennai Super Kings,won by 32 runs,192,160,"AJ Hosein, SV Samson, RD Gaikwad, A Mhatre, D Brevis, SN Khan, S Dube, J Overton, Noor Ahmad, A Kamboj, Gurjapneet Singh, KK Ahmed","CV Varun, FH Allen, SP Narine, AM Rahane, A Raghuvanshi, RK Singh, C Green, R Powell, Ramandeep Singh, AS Roy, VG Arora, Kartik Tyagi",20,11,2,1,2,0,197.0,184.8,151.0,182.0,0.618,0.6,0.562,0.512,158.02,0.455,0.658,0.375
1529266,2026-04-15,"M Chinnaswamy Stadium, Bengaluru",Lucknow Super Giants,Royal Challengers Bengaluru,Royal Challengers Bengaluru,field,Royal Challengers Bengaluru,won by 5 wickets,146,149,"MR Marsh, AK Markram, RR Pant, N Pooran, A Badoni, Abdul Samad, MD Choudhary, GF Linde, Mohammed Shami, Avesh Khan, DS Rathi, Prince Yadav","Suyash Sharma, PD Salt, V Kohli, D Padikkal, RM Patidar, JM Sharma, TH David, R Shepherd, KH Pandya, B Kumar, Rasikh Salam, JR Hazlewood",2,4,1,2,2,4,174.8,175.4,216.8,203.2,0.526,0.714,0.532,0.486,163.41,0.526,1.0,0.476
1529267,2026-04-16,"Wankhede Stadium, Mumbai",Mumbai Indians,Punjab Kings,Punjab Kings,field,Punjab Kings,won by 7 wickets,195,198,"AM Ghazanfar, RD Rickelton, Q de Kock, SA Yadav, Naman Dhir, HH Pandya, SE Rutherford, Tilak Varma, Mayank Rawat, SN Thakur, DL Chahar, JJ Bumrah","Priyansh Arya, P Simran Singh, C Connolly, SS Iyer, MP Stoinis, Shashank Singh, M Jansen, XC Bartlett, Vijaykumar Vyshak, Arshdeep Singh, YS Chahal",17,16,1,2,1,4,186.8,196.2,197.8,196.6,0.53,0.556,0.529,0.237,166.18,0.546,0.606,0.474
1529268,2026-04-17,"Narendra Modi Stadium, Ahmedabad",Kolkata Knight Riders,Gujarat Titans,Kolkata Knight Riders,bat,Gujarat Titans,won by 5 wickets,180,181,"CV Varun, TL Seifert, AM Rahane, A Raghuvanshi, C Green, R Powell, AS Roy, RK Singh, Ramandeep Singh, SP Narine, Kartik Tyagi, VG Arora","M Prasidh Krishna, B Sai Sudharsan, Shubman Gill, JC Buttler, Washington Sundar, GD Phillips, R Tewatia, M Shahrukh Khan, Rashid Khan, Ashok Sharma, K Rabada, Mohammed Siraj",1,3,1,2,0,2,149.4,164.8,189.8,195.2,0.556,0.512,0.708,0.5,179.21,0.481,0.75,0.542
1529270,2026-04-18,"Rajiv Gandhi International Stadium, Uppal, Hyderabad",Sunrisers Hyderabad,Chennai Super Kings,Chennai Super Kings,field,Sunrisers Hyderabad,won by 10 runs,194,184,"Abhishek Sharma, TM Head, Ishan Kishan, H Klaasen, Aniket Verma, Nithish Kumar Reddy, S Arora, LS Livingstone, Shivang Kumar, PP Hinge, Sakib Hussain, E Malinga","Gurjapneet Singh, SV Samson, RD Gaikwad, A Mhatre, MW Short, SN Khan, D Brevis, S Dube, J Overton, A Kamboj, Noor Ahmad, Mukesh Choudhary",7,15,2,1,2,2,203.6,181.2,189.4,187.4,0.491,0.351,0.618,0.6,159.11,0.449,0.594,0.429
1529269,2026-04-18,"M Chinnaswamy Stadium, Bengaluru",Royal Challengers Bengaluru,Delhi Capitals,Delhi Capitals,field,Delhi Capitals,won by 6 wickets,175,179,"PD Salt, V Kohli, D Padikkal, RM Patidar, TH David, JM Sharma, R Shepherd, KH Pandya, Rasikh Salam, B Kumar, Suyash Sharma, JR Hazlewood","Mukesh Kumar, P Nissanka, KL Rahul, KK Nair, Sameer Rizvi, T Stubbs, AR Patel, DA Miller, Auqib Nabi, L Ngidi, Kuldeep Yadav, T Natarajan",19,12,2,1,4,3,208.6,195.6,183.0,186.2,0.537,0.486,0.48,0.429,163.23,0.532,0.482,0.4
1529272,2026-04-19,"Maharaja Yadavindra Singh International Cricket Stadium, New Chandigarh",Punjab Kings,Lucknow Super Giants,Lucknow Super Giants,field,Punjab Kings,won by 54 runs,254,200,"Vijaykumar Vyshak, Priyansh Arya, P Simran Singh, C Connolly, SS Iyer, MP Stoinis, N Wadhera, Shashank Singh, M Jansen, XC Bartlett, Arshdeep Singh, YS Chahal","Mohsin Khan, MR Marsh, A Badoni, RR Pant, N Pooran, AK Markram, MD Choudhary, Himmat Singh, Mohammed Shami, Avesh Khan, Prince Yadav, M Siddharth",3,3,2,1,4,2,196.0,195.0,158.6,159.2,0.534,0.237,0.526,0.714,200.83,1.0,1.0,0.0
1529271,2026-04-19,"Eden Gardens, Kolkata",Rajasthan Royals,Kolkata Knight Riders,Rajasthan Royals,bat,Kolkata Knight Riders,won by 4 wickets,155,161,"Yash Raj Punja, YBK Jaiswal, V Suryavanshi, Dhruv Jurel, R Parag, SO Hetmyer, D Ferreira, RA Jadeja, JC Archer, Ravi Bishnoi, Brijesh Sharma, N Burger","CV Varun, TL Seifert, AM Rahane, A Raghuvanshi, C Green, R Powell, RK Singh, Ramandeep Singh, AS Roy, SP Narine, VG Arora, Kartik Tyagi",12,16,1,2,4,0,169.8,174.2,141.4,156.2,0.541,0.4,0.556,0.5,160.19,0.565,0.308,0.551
1529273,2026-04-20,"Narendra Modi Stadium, Ahmedabad",Mumbai Indians,Gujarat Titans,Gujarat Titans,field,Mumbai Indians,won by 99 runs,199,100,"Q de Kock, DV Malewar, Naman Dhir, SA Yadav, Tilak Varma, HH Pandya, SE Rutherford, MJ Santner, Krish Bhagat, JJ Bumrah, AM Ghazanfar, Ashwani Kumar","M Prasidh Krishna, B Sai Sudharsan, Shubman Gill, JC Buttler, Washington Sundar, GD Phillips, R Tewatia, M Shahrukh Khan, Rashid Khan, K Rabada, Ashok Sharma, Mohammed Siraj",3,5,1,2,1,3,185.2,194.4,184.4,185.6,0.53,0.556,0.708,0.5,179.24,0.481,0.0,0.56
1529274,2026-04-21,"Rajiv Gandhi International Stadium, Uppal, Hyderabad",Sunrisers Hyderabad,Delhi Capitals,Delhi Capitals,field,Sunrisers Hyderabad,won by 47 runs,242,195,"D Madushanka, Abhishek Sharma, TM Head, Ishan Kishan, H Klaasen, S Arora, Aniket Verma, Nithish Kumar Reddy, Shivang Kumar, Harsh Dubey, Sakib Hussain, E Malinga","Mukesh Kumar, P Nissanka, KL Rahul, N Rana, Sameer Rizvi, DA Miller, T Stubbs, Ashutosh Sharma, AR Patel, Kuldeep Yadav, L Ngidi, T Natarajan",13,11,2,1,3,3,202.2,177.4,177.2,180.0,0.491,0.351,0.485,0.429,159.45,0.44,0.6,0.6
1529275,2026-04-22,"Bharat Ratna Shri Atal Bihari Vajpayee Ekana Cricket Stadium, Lucknow",Rajasthan Royals,Lucknow Super Giants,Lucknow Super Giants,field,Rajasthan Royals,won by 40 runs,159,119,"YBK Jaiswal, V Suryavanshi, Dhruv Jurel, R Parag, SO Hetmyer, RA Jadeja, D Ferreira, SB Dubey, JC Archer, N Burger, Brijesh Sharma, Ravi Bishnoi","Prince Yadav, MR Marsh, A Badoni, RR Pant, AK Markram, N Pooran, Himmat Singh, MD Choudhary, Mohammed Shami, MP Yadav, DS Rathi, Mohsin Khan",4,2,2,1,3,2,175.2,181.0,170.4,181.0,0.541,0.391,0.5,0.714,165.81,0.667,1.0,0.391
1529276,2026-04-23,"Wankhede Stadium, Mumbai",Chennai Super Kings,Mumbai Indians,Mumbai Indians,field,Chennai Super Kings,won by 103 runs,207,104,"SV Samson, RD Gaikwad, SN Khan, S Dube, D Brevis, Kartik Sharma, J Overton, AJ Hosein, Noor Ahmad, A Kamboj, Mukesh Choudhary, Gurjapneet Singh","MJ Santner, AM Ghazanfar, Q de Kock, DV Malewar, Naman Dhir, SA Yadav, Tilak Varma, HH Pandya, SE Rutherford, SN Thakur, Krish Bhagat, Ashwani Kumar, JJ Bumrah",18,21,2,1,2,1,200.8,200.6,180.2,170.4,0.609,0.6,0.53,0.556,166.42,0.551,0.5,0.6
1529277,2026-04-24,"M Chinnaswamy Stadium, Bengaluru",Gujarat Titans,Royal Challengers Bengaluru,Royal Challengers Bengaluru,field,Royal Challengers Bengaluru,won by 5 wickets,205,206,"R Tewatia, B Sai Sudharsan, Shubman Gill, JC Buttler, Washington Sundar, JO Holder, M Shahrukh Khan, Rashid Khan, MJ Suthar, K Rabada, Mohammed Siraj, M Prasidh Krishna","Suyash Sharma, JG Bethell, V Kohli, D Padikkal, RM Patidar, JM Sharma, TH David, KH Pandya, R Shepherd, B Kumar, JR Hazlewood, Rasikh Salam",3,3,1,2,3,3,172.0,192.4,203.0,191.2,0.68,0.5,0.537,0.486,163.39,0.537,0.667,0.476
1529278,2026-04-25,"Arun Jaitley Stadium, Delhi",Delhi Capitals,Punjab Kings,Delhi Capitals,bat,Punjab Kings,won by 6 wickets,264,265,"Auqib Nabi, V Nigam, P Nissanka, KL Rahul, N Rana, DA Miller, Sameer Rizvi, AR Patel, T Stubbs, L Ngidi, Kuldeep Yadav, T Natarajan, Mukesh Kumar","YS Chahal, Priyansh Arya, P Simran Singh, C Connolly, SS Iyer, N Wadhera, Shashank Singh, MP Stoinis, M Jansen, XC Bartlett, Vijaykumar Vyshak, Arshdeep Singh",16,17,2,1,2,5,187.2,200.2,210.0,197.0,0.48,0.429,0.534,0.237,164.16,0.5,0.416,0.5
1529279,2026-04-25,"Sawai Mansingh Stadium, Jaipur",Rajasthan Royals,Sunrisers Hyderabad,Sunrisers Hyderabad,field,Sunrisers Hyderabad,won by 5 wickets,228,229,"Ravi Bishnoi, YBK Jaiswal, V Suryavanshi, Dhruv Jurel, R Parag, D Ferreira, SO Hetmyer, RA Jadeja, JC Archer, TU Deshpande, N Burger, Brijesh Sharma","Sakib Hussain, TM Head, Abhishek Sharma, Ishan Kishan, H Klaasen, Nithish Kumar Reddy, S Arora, Aniket Verma, PJ Cummins, Shivang Kumar, E Malinga, PP Hinge",9,13,0,3,3,3,165.0,164.0,205.4,184.2,0.541,0.391,0.491,0.351,159.05,0.676,0.613,0.5
1529280,2026-04-26,"MA Chidambaram Stadium, Chepauk, Chennai",Chennai Super Kings,Gujarat Titans,Gujarat Titans,field,Gujarat Titans,won by 8 wickets,158,162,"SV Samson, RD Gaikwad, Urvil Patel, SN Khan, D Brevis, S Dube, Kartik Sharma, J Overton, AJ Hosein, Noor Ahmad, A Kamboj, Gurjapneet Singh","B Sai Sudharsan, Shubman Gill, JC Buttler, Washington Sundar, M Shahrukh Khan, JO Holder, Rashid Khan, Arshad Khan, K Rabada, Mohammed Siraj, MJ Suthar",4,4,2,1,3,3,200.4,179.4,172.2,191.6,0.609,0.6,0.68,0.5,158.21,0.444,0.662,0.0
1529281,2026-04-26,"Bharat Ratna Shri Atal Bihari Vajpayee Ekana Cricket Stadium, Lucknow",Kolkata Knight Riders,Lucknow Super Giants,Lucknow Super Giants,field,,,155,155,"CV Varun, AM Rahane, TL Seifert, A Raghuvanshi, C Green, R Powell, RK Singh, AS Roy, Ramandeep Singh, SP Narine, VG Arora, Kartik Tyagi","Mohsin Khan, AK Markram, MR Marsh, RR Pant, N Pooran, A Badoni, MD Choudhary, Himmat Singh, GF Linde, Mohammed Shami, Prince Yadav, DS Rathi",2,5,1,2,1,1,141.4,142.0,162.2,181.6,0.556,0.5,0.476,0.714,164.74,0.632,1.0,0.375
1529282,2026-04-27,"Arun Jaitley Stadium, Delhi",Delhi Capitals,Royal Challengers Bengaluru,Royal Challengers Bengaluru,field,Royal Challengers Bengaluru,won by 9 wickets,75,77,"SU Parakh, KL Rahul, N Rana, Sameer Rizvi, T Stubbs, AR Patel, Abishek Porel, DA Miller, KA Jamieson, Kuldeep Yadav, PVD Chameera, T Natarajan","Suyash Sharma, JG Bethell, V Kohli, D Padikkal, RM Patidar, JM Sharma, TH David, R Shepherd, KH Pandya, B Kumar, JR Hazlewood, Rasikh Salam",13,19,2,1,1,3,207.2,220.8,194.2,190.8,0.48,0.419,0.542,0.486,165.16,0.5,0.411,0.636
1529283,2026-04-28,"Maharaja Yadavindra Singh International Cricket Stadium, New Chandigarh",Punjab Kings,Rajasthan Royals,Rajasthan Royals,field,Rajasthan Royals,won by 6 wickets,222,228,"Harpreet Brar, P Simran Singh, Priyansh Arya, C Connolly, SS Iyer, MP Stoinis, Suryansh Shedge, N Wadhera, M Jansen, LH Ferguson, Arshdeep Singh, YS Chahal","Yash Raj Punja, YBK Jaiswal, V Suryavanshi, Dhruv Jurel, R Parag, D Ferreira, SB Dubey, RA Jadeja, MD Shanaka, JC Archer, N Burger, Brijesh Sharma",12,17,2,1,5,2,230.0,217.4,180.6,185.2,0.534,0.237,0.541,0.391,207.38,0.667,1.0,0.0
1529284,2026-04-29,"Wankhede Stadium, Mumbai",Mumbai Indians,Sunrisers Hyderabad,Mumbai Indians,bat,Sunrisers Hyderabad,won by 6 wickets,243,249,"SN Thakur, WG Jacks, RD Rickelton, SA Yadav, Naman Dhir, HH Pandya, Tilak Varma, R Minz, TA Boult, JJ Bumrah, AM Ghazanfar, Ashwani Kumar","Sakib Hussain, Aniket Verma, Abhishek Sharma, TM Head, Ishan Kishan, H Klaasen, Nithish Kumar Reddy, S Arora, PJ Cummins, Harsh Dubey, PP Hinge, E Malinga",14,10,3,0,1,4,168.6,179.0,220.0,197.8,0.525,0.556,0.5,0.351,166.33,0.545,0.594,0.143
1529285,2026-04-30,"Narendra Modi Stadium, Ahmedabad",Royal Challengers Bengaluru,Gujarat Titans,Gujarat Titans,field,Gujarat Titans,won by 4 wickets,155,158,"JG Bethell, V Kohli, D Padikkal, RM Patidar, JM Sharma, TH David, KH Pandya, R Shepherd, VR Iyer, B Kumar, JR Hazlewood, Suyash Sharma","Mohammed Siraj, B Sai Sudharsan, Shubman Gill, JC Buttler, Washington Sundar, M Shahrukh Khan, R Tewatia, JO Holder, Rashid Khan, Arshad Khan, K Rabada, MJ Suthar",4,3,2,1,4,3,169.4,165.4,162.6,181.4,0.546,0.486,0.692,0.5,178.42,0.464,0.5,0.538
1529286,2026-05-01,"Sawai Mansingh Stadium, Jaipur",Rajasthan Royals,Delhi Capitals,Rajasthan Royals,bat,Delhi Capitals,won by 7 wickets,225,226,"TU Deshpande, YBK Jaiswal, V Suryavanshi, Dhruv Jurel, R Parag, RA Jadeja, D Ferreira, SB Dubey, JC Archer, Ravi Bishnoi, N Burger, Brijesh Sharma","P Nissanka, KL Rahul, N Rana, T Stubbs, Ashutosh Sharma, Sameer Rizvi, AR Patel, KA Jamieson, MA Starc, Kuldeep Yadav, T Natarajan",15,14,1,1,2,1,185.8,189.4,180.4,194.2,0.547,0.391,0.48,0.419,160.12,0.684,0.603,0.375
1529287,2026-05-02,"MA Chidambaram Stadium, Chepauk, Chennai",Mumbai Indians,Chennai Super Kings,Mumbai Indians,bat,Chennai Super Kings,won by 8 wickets,159,160,"Raghu Sharma, WG Jacks, RD Rickelton, Naman Dhir, SA Yadav, Tilak Varma, HH Pandya, R Minz, Krish Bhagat, TA Boult, JJ Bumrah, AM Ghazanfar","Mukesh Choudhary, SV Samson, RD Gaikwad, Urvil Patel, Kartik Sharma, D Brevis, S Dube, J Overton, RS Ghosh, PR Veer, Noor Ahmad, A Kamboj",21,19,1,2,1,3,192.6,198.8,190.6,161.8,0.525,0.545,0.609,0.6,158.23,0.457,0.5,0.654
1529288,2026-05-03,"Rajiv Gandhi International Stadium, Uppal, Hyderabad",Sunrisers Hyderabad,Kolkata Knight Riders,Sunrisers Hyderabad,bat,Kolkata Knight Riders,won by 7 wickets,165,169,"Sakib Hussain, Abhishek Sharma, TM Head, Ishan Kishan, H Klaasen, R Smaran, Aniket Verma, S Arora, PJ Cummins, Shivang Kumar, HV Patel, E Malinga","VG Arora, AM Rahane, FH Allen, A Raghuvanshi, RK Singh, C Green, R Powell, MK Pandey, SP Narine, AS Roy, Kartik Tyagi, CV Varun",11,19,2,1,5,1,226.0,201.8,167.4,173.0,0.5,0.351,0.556,0.5,160.13,0.431,0.606,0.667
1529289,2026-05-03,"Narendra Modi Stadium, Ahmedabad",Punjab Kings,Gujarat Titans,Gujarat Titans,field,Gujarat Titans,won by 4 wickets,163,167,"Priyansh Arya, P Simran Singh, C Connolly, SS Iyer, N Wadhera, Suryansh Shedge, MP Stoinis, M Jansen, XC Bartlett, Vijaykumar Vyshak, Arshdeep Singh, YS Chahal","Mohammed Siraj, B Sai Sudharsan, Shubman Gill, JC Buttler, N Sindhu, Washington Sundar, R Tewatia, JO Holder, Arshad Khan, Rashid Khan, K Rabada, MJ Suthar",4,3,2,1,4,3,232.4,221.2,161.2,179.6,0.534,0.237,0.704,0.5,177.82,0.483,0.571,0.556
1529290,2026-05-04,"Wankhede Stadium, Mumbai",Lucknow Super Giants,Mumbai Indians,Mumbai Indians,field,Mumbai Indians,won by 6 wickets,228,229,"M Siddharth, MR Marsh, JP Inglis, N Pooran, RR Pant, AK Markram, Akshat Raghuwanshi, Himmat Singh, Mohammed Shami, Mohsin Khan, Avesh Khan, Prince Yadav","Raghu Sharma, RD Rickelton, RG Sharma, Tilak Varma, SA Yadav, Naman Dhir, WG Jacks, RA Bawa, C Bosch, DL Chahar, JJ Bumrah, AM Ghazanfar",6,2,2,1,0,1,156.8,176.4,180.0,182.8,0.455,0.714,0.525,0.536,166.95,0.545,0.5,0.588
1529291,2026-05-05,"Arun Jaitley Stadium, Delhi",Delhi Capitals,Chennai Super Kings,Delhi Capitals,bat,Chennai Super Kings,won by 8 wickets,155,159,"P Nissanka, KL Rahul, N Rana, KK Nair, AR Patel, T Stubbs, Sameer Rizvi, Ashutosh Sharma, MA Starc, L Ngidi, Kuldeep Yadav, T Natarajan","SV Samson, RD Gaikwad, Urvil Patel, Kartik Sharma, D Brevis, J Overton, AJ Hosein, Noor Ahmad, A Kamboj, Mukesh Choudhary, Gurjapneet Singh",12,20,2,1,2,3,187.8,196.8,180.2,155.8,0.48,0.419,0.609,0.6,164.28,0.508,0.407,0.667
1529292,2026-05-06,"Rajiv Gandhi International Stadium, Uppal, Hyderabad",Sunrisers Hyderabad,Punjab Kings,Punjab Kings,field,Sunrisers Hyderabad,won by 33 runs,235,202,"Harsh Dubey, Abhishek Sharma, TM Head, Ishan Kishan, H Klaasen, Nithish Kumar Reddy, S Arora, R Smaran, PJ Cummins, Shivang Kumar, E Malinga, Sakib Hussain","YS Chahal, Priyansh Arya, P Simran Singh, C Connolly, SS Iyer, MP Stoinis, Suryansh Shedge, Shashank Singh, M Jansen, Vijaykumar Vyshak, LH Ferguson, Arshdeep Singh",17,8,2,1,4,3,215.8,203.8,220.4,210.8,0.5,0.342,0.534,0.237,160.21,0.431,0.597,0.308
1529293,2026-05-07,"Bharat Ratna Shri Atal Bihari Vajpayee Ekana Cricket Stadium, Lucknow",Lucknow Super Giants,Royal Challengers Bengaluru,Royal Challengers Bengaluru,field,Lucknow Super Giants,won by 9 runs,209,203,"MP Yadav, MR Marsh, AA Kulkarni, N Pooran, RR Pant, AK Markram, Akshat Raghuwanshi, Himmat Singh, Shahbaz Ahmed, DS Rathi, Mohammed Shami, Prince Yadav","Suyash Sharma, JG Bethell, V Kohli, D Padikkal, RM Patidar, JM Sharma, TH David, KH Pandya, R Shepherd, B Kumar, JR Hazlewood, Rasikh Salam",2,5,1,2,0,3,169.6,189.2,152.4,152.6,0.455,0.714,0.546,0.486,164.37,0.6,0.36,0.667
1529294,2026-05-08,"Arun Jaitley Stadium, Delhi",Delhi Capitals,Kolkata Knight Riders,Kolkata Knight Riders,field,Kolkata Knight Riders,won by 8 wickets,142,147,"Kuldeep Yadav, P Nissanka, KL Rahul, N Rana, Sameer Rizvi, T Stubbs, AR Patel, Ashutosh Sharma, V Nigam, MA Starc, L Ngidi, Mukesh Kumar","CV Varun, AM Rahane, FH Allen, A Raghuvanshi, C Green, R Powell, MK Pandey, RK Singh, SP Narine, AS Roy, Kartik Tyagi, VG Arora",14,19,0,3,1,2,183.0,193.6,165.0,169.6,0.48,0.409,0.556,0.5,164.21,0.508,0.402,0.462
1529295,2026-05-09,"Sawai Mansingh Stadium, Jaipur",Gujarat Titans,Rajasthan Royals,Rajasthan Royals,field,Gujarat Titans,won by 77 runs,229,152,"R Sai Kishore, B Sai Sudharsan, Shubman Gill, JC Buttler, Washington Sundar, JO Holder, R Tewatia, N Sindhu, Rashid Khan, Arshad Khan, K Rabada, Mohammed Siraj","Yash Raj Punja, YBK Jaiswal, V Suryavanshi, Dhruv Jurel, SO Hetmyer, RA Jadeja, D Ferreira, SB Dubey, MD Shanaka, JC Archer, TU Deshpande, Brijesh Sharma",6,3,1,2,3,2,158.4,176.2,199.0,191.4,0.714,0.5,0.547,0.383,161.11,0.684,0.667,0.594
1529296,2026-05-10,"MA Chidambaram Stadium, Chepauk, Chennai",Lucknow Super Giants,Chennai Super Kings,Chennai Super Kings,field,Chennai Super Kings,won by 5 wickets,203,208,"JP Inglis, MR Marsh, N Pooran, RR Pant, AK Markram, Akshat Raghuwanshi, Shahbaz Ahmed, Himmat Singh, Mohammed Shami, Avesh Khan, Prince Yadav, DS Rathi","Mukesh Choudhary, SV Samson, RD Gaikwad, Urvil Patel, Kartik Sharma, D Brevis, S Dube, PR Veer, J Overton, AJ Hosein, Noor Ahmad, A Kamboj",3,2,2,1,1,3,182.2,200.0,173.6,154.8,0.455,0.714,0.609,0.6,158.24,0.457,0.333,0.659
1529297,2026-05-10,"Shaheed Veer Narayan Singh International Stadium, Raipur",Mumbai Indians,Royal Challengers Bengaluru,Royal Challengers Bengaluru,field,Royal Challengers Bengaluru,won by 2 wickets,166,167,"Raghu Sharma, RD Rickelton, RG Sharma, Naman Dhir, SA Yadav, Tilak Varma, WG Jacks, RA Bawa, C Bosch, DL Chahar, JJ Bumrah, AM Ghazanfar","Suyash Sharma, JG Bethell, V Kohli, D Padikkal, RM Patidar, KH Pandya, JM Sharma, TH David, R Shepherd, Rasikh Salam, B Kumar, JR Hazlewood",19,15,1,2,2,2,186.8,188.8,163.2,165.2,0.529,0.536,0.541,0.486,0.0,0.0,0.0,0.0
1529298,2026-05-11,"Himachal Pradesh Cricket Association Stadium, Dharamsala",Punjab Kings,Delhi Capitals,Delhi Capitals,field,Delhi Capitals,won by 3 wickets,210,216,"Yash Thakur, Priyansh Arya, P Simran Singh, SS Iyer, C Connolly, MP Stoinis, Shashank Singh, Suryansh Shedge, M Jansen, BJ Dwarshuis, Arshdeep Singh, YS Chahal","Mukesh Kumar, KL Rahul, Abishek Porel, SU Parakh, T Stubbs, AR Patel, DA Miller, Ashutosh Sharma, M Tiwari, Auqib Nabi, MA Starc, L Ngidi",18,16,2,1,2,1,221.2,218.8,172.4,174.6,0.528,0.237,0.48,0.409,165.63,0.385,0.4,0.5
1529299,2026-05-12,"Narendra Modi Stadium, Ahmedabad",Gujarat Titans,Sunrisers Hyderabad,Sunrisers Hyderabad,field,Gujarat Titans,won by 82 runs,168,86,"M Prasidh Krishna, B Sai Sudharsan, Shubman Gill, JC Buttler, N Sindhu, Washington Sundar, JO Holder, R Tewatia, Rashid Khan, Arshad Khan, K Rabada, Mohammed Siraj","Sakib Hussain, TM Head, Abhishek Sharma, Ishan Kishan, R Smaran, H Klaasen, S Arora, Nithish Kumar Reddy, PJ Cummins, Shivang Kumar, PP Hinge, E Malinga",5,1,3,0,4,4,184.2,166.8,224.0,207.4,0.714,0.5,0.5,0.342,177.49,0.5,0.571,0.0
1529300,2026-05-13,"Shaheed Veer Narayan Singh International Stadium, Raipur",Kolkata Knight Riders,Royal Challengers Bengaluru,Royal Challengers Bengaluru,field,Royal Challengers Bengaluru,won by 6 wickets,192,194,"SR Dubey, AM Rahane, FH Allen, A Raghuvanshi, C Green, RK Singh, R Powell, MK Pandey, SP Narine, AS Roy, Kartik Tyagi, VG Arora","JA Duffy, JG Bethell, V Kohli, D Padikkal, RM Patidar, TH David, JM Sharma, VR Iyer, KH Pandya, B Kumar, Rasikh Salam, JR Hazlewood",20,15,2,1,3,3,162.4,159.6,161.6,162.6,0.56,0.5,0.545,0.486,166.5,1.0,0.0,1.0
1529301,2026-05-14,"Himachal Pradesh Cricket Association Stadium, Dharamsala",Punjab Kings,Mumbai Indians,Mumbai Indians,field,Mumbai Indians,won by 6 wickets,200,205,"Priyansh Arya, P Simran Singh, C Connolly, SS Iyer, Suryansh Shedge, Shashank Singh, Azmatullah Omarzai, M Jansen, Vishnu Vinod, XC Bartlett, Arshdeep Singh, YS Chahal","Raghu Sharma, RG Sharma, RD Rickelton, Naman Dhir, Tilak Varma, SE Rutherford, WG Jacks, RA Bawa, C Bosch, DL Chahar, SN Thakur, JJ Bumrah",17,17,3,0,1,1,212.4,222.0,180.2,202.2,0.528,0.237,0.529,0.536,168.59,0.429,0.375,0.0
1529302,2026-05-15,"Bharat Ratna Shri Atal Bihari Vajpayee Ekana Cricket Stadium, Lucknow",Chennai Super Kings,Lucknow Super Giants,Lucknow Super Giants,field,Lucknow Super Giants,won by 7 wickets,187,188,"Gurjapneet Singh, SV Samson, RD Gaikwad, Urvil Patel, Kartik Sharma, D Brevis, S Dube, PR Veer, A Kamboj, Noor Ahmad, SH Johnson, Mukesh Choudhary","Prince Yadav, MR Marsh, JP Inglis, N Pooran, Abdul Samad, MD Choudhary, AK Markram, RR Pant, Shahbaz Ahmed, Mohammed Shami, MP Yadav, Akash Singh",3,3,2,1,4,1,178.4,156.6,182.8,190.8,0.614,0.6,0.455,0.714,165.91,0.571,0.5,0.385
1529303,2026-05-16,"Eden Gardens, Kolkata",Kolkata Knight Riders,Gujarat Titans,Gujarat Titans,field,Kolkata Knight Riders,won by 29 runs,247,218,"M Pathirana, AM Rahane, FH Allen, A Raghuvanshi, C Green, MK Pandey, RK Singh, SP Narine, AS Roy, CV Varun, SR Dubey, Kartik Tyagi","Mohammed Siraj, B Sai Sudharsan, Shubman Gill, N Sindhu, JC Buttler, R Tewatia, JO Holder, Washington Sundar, Rashid Khan, K Rabada, Arshad Khan, R Sai Kishore",1,4,0,3,3,5,164.8,162.2,176.8,142.8,0.56,0.5,0.714,0.5,160.17,0.565,0.556,1.0
1529305,2026-05-17,"Arun Jaitley Stadium, Delhi",Rajasthan Royals,Delhi Capitals,Delhi Capitals,field,Delhi Capitals,won by 5 wickets,193,197,"YBK Jaiswal, V Suryavanshi, Dhruv Jurel, R Parag, D Ferreira, Ravi Singh, SB Dubey, MD Shanaka, JC Archer, AF Milne, Brijesh Sharma, Yash Raj Punja","Mukesh Kumar, Abishek Porel, KL Rahul, SU Parakh, AR Patel, T Stubbs, DA Miller, Ashutosh Sharma, M Tiwari, MA Starc, L Ngidi, T Vijay",15,15,0,2,2,2,198.4,205.0,162.8,163.6,0.54,0.383,0.485,0.409,164.01,0.516,0.429,0.398
1529304,2026-05-17,"Himachal Pradesh Cricket Association Stadium, Dharamsala",Royal Challengers Bengaluru,Punjab Kings,Punjab Kings,field,Royal Challengers Bengaluru,won by 23 runs,222,199,"Rasikh Salam, JG Bethell, V Kohli, D Padikkal, VR Iyer, TH David, JM Sharma, R Shepherd, KH Pandya, B Kumar, Suyash Sharma, JR Hazlewood","YS Chahal, Priyansh Arya, P Simran Singh, C Connolly, SS Iyer, Suryansh Shedge, MP Stoinis, Shashank Singh, Azmatullah Omarzai, Harpreet Brar, LH Ferguson, Arshdeep Singh",19,18,3,0,3,0,159.2,160.0,199.4,210.2,0.55,0.486,0.528,0.237,170.59,0.467,0.5,0.353
1529306,2026-05-18,"MA Chidambaram Stadium, Chepauk, Chennai",Chennai Super Kings,Sunrisers Hyderabad,Chennai Super Kings,bat,Sunrisers Hyderabad,won by 5 wickets,180,181,"Mukesh Choudhary, SV Samson, RD Gaikwad, Urvil Patel, Kartik Sharma, D Brevis, S Dube, PR Veer, AJ Hosein, Noor Ahmad, A Kamboj, SH Johnson","Sakib Hussain, Abhishek Sharma, TM Head, Ishan Kishan, H Klaasen, Nithish Kumar Reddy, S Arora, R Smaran, PJ Cummins, Shivang Kumar, E Malinga, PP Hinge",15,8,1,2,3,3,174.4,173.4,192.8,202.0,0.614,0.6,0.492,0.342,158.73,0.468,0.663,0.231
1529307,2026-05-19,"Sawai Mansingh Stadium, Jaipur",Lucknow Super Giants,Rajasthan Royals,Rajasthan Royals,field,Rajasthan Royals,won by 7 wickets,220,225,"DS Rathi, MR Marsh, JP Inglis, N Pooran, RR Pant, Abdul Samad, A Badoni, Shahbaz Ahmed, Mohsin Khan, MP Yadav, Akash Singh, Prince Yadav","Yash Raj Punja, YBK Jaiswal, V Suryavanshi, Dhruv Jurel, LG Pretorius, D Ferreira, SB Dubey, MD Shanaka, JC Archer, Sandeep Sharma, SS Mishra, Brijesh Sharma",2,5,1,2,2,1,196.6,196.4,205.2,220.6,0.478,0.714,0.54,0.383,161.55,0.667,0.667,0.585
1529308,2026-05-20,"Eden Gardens, Kolkata",Mumbai Indians,Kolkata Knight Riders,Kolkata Knight Riders,field,Kolkata Knight Riders,won by 4 wickets,147,148,"AM Ghazanfar, RD Rickelton, RG Sharma, Naman Dhir, SA Yadav, Tilak Varma, HH Pandya, WG Jacks, C Bosch, DL Chahar, JJ Bumrah, Raghu Sharma","CV Varun, A Raghuvanshi, AM Rahane, FH Allen, MK Pandey, C Green, R Powell, RK Singh, T Dahiya, AS Roy, SP Narine, Kartik Tyagi, SR Dubey",25,11,2,1,2,3,200.4,200.8,182.0,174.8,0.534,0.536,0.56,0.5,160.86,0.557,0.714,0.56
1529309,2026-05-21,"Narendra Modi Stadium, Ahmedabad",Gujarat Titans,Chennai Super Kings,Chennai Super Kings,field,Gujarat Titans,won by 89 runs,229,140,"M Prasidh Krishna, B Sai Sudharsan, Shubman Gill, JC Buttler, R Tewatia, Washington Sundar, N Sindhu, JO Holder, Rashid Khan, K Rabada, Arshad Khan, Mohammed Siraj","Gurjapneet Singh, SV Samson, MW Short, RD Gaikwad, Urvil Patel, Kartik Sharma, D Brevis, S Dube, A Kamboj, Noor Ahmad, Mukesh Choudhary, SH Johnson",5,4,2,1,4,3,188.0,160.6,178.8,177.2,0.69,0.5,0.614,0.59,176.19,0.484,0.586,0.5
1529310,2026-05-22,"Rajiv Gandhi International Stadium, Uppal, Hyderabad",Sunrisers Hyderabad,Royal Challengers Bengaluru,Sunrisers Hyderabad,bat,Sunrisers Hyderabad,won by 55 runs,255,200,"HV Patel, Abhishek Sharma, TM Head, Ishan Kishan, H Klaasen, Nithish Kumar Reddy, S Arora, R Smaran, PJ Cummins, Shivang Kumar, E Malinga, Sakib Hussain","Suyash Sharma, VR Iyer, V Kohli, D Padikkal, RM Patidar, KH Pandya, TH David, JM Sharma, R Shepherd, B Kumar, JR Hazlewood, Rasikh Salam",13,12,1,2,3,3,183.2,192.4,188.2,184.8,0.492,0.342,0.55,0.486,160.87,0.423,0.603,0.333
1529311,2026-05-23,"Bharat Ratna Shri Atal Bihari Vajpayee Ekana Cricket Stadium, Lucknow",Lucknow Super Giants,Punjab Kings,Punjab Kings,field,Punjab Kings,won by 7 wickets,196,200,"DS Rathi, JP Inglis, AA Kulkarni, N Pooran, A Badoni, RR Pant, Abdul Samad, MD Choudhary, Arjun Tendulkar, Mohammed Shami, Prince Yadav, Mohsin Khan","YS Chahal, Priyansh Arya, P Simran Singh, C Connolly, SS Iyer, Suryansh Shedge, Shashank Singh, Azmatullah Omarzai, M Jansen, Vijaykumar Vyshak, Arshdeep Singh, MP Stoinis",3,4,0,3,2,0,209.6,210.4,194.8,209.0,0.478,0.714,0.522,0.237,166.68,0.591,0.407,0.667
1529312,2026-05-24,"Wankhede Stadium, Mumbai",Rajasthan Royals,Mumbai Indians,Mumbai Indians,field,Rajasthan Royals,won by 30 runs,205,175,"YBK Jaiswal, V Suryavanshi, Dhruv Jurel, R Parag, MD Shanaka, D Ferreira, JC Archer, SB Dubey, RA Jadeja, N Burger, Yash Raj Punja, Brijesh Sharma","Raghu Sharma, RG Sharma, RD Rickelton, Naman Dhir, SA Yadav, Tilak Varma, WG Jacks, HH Pandya, C Bosch, SN Thakur, DL Chahar, AM Ghazanfar",15,16,2,1,2,2,204.6,218.8,181.2,180.6,0.545,0.383,0.534,0.536,167.42,0.55,0.5,0.592
1529313,2026-05-24,"Eden Gardens, Kolkata",Delhi Capitals,Kolkata Knight Riders,Kolkata Knight Riders,field,Delhi Capitals,won by 40 runs,203,163,"Kuldeep Yadav, Abishek Porel, KL Rahul, SU Parakh, AR Patel, DA Miller, Ashutosh Sharma, T Stubbs, M Tiwari, Auqib Nabi, L Ngidi, MA Starc","SP Narine, AM Rahane, FH Allen, MK Pandey, C Green, R Powell, RK Singh, T Dahiya, AS Roy, Kartik Tyagi, CV Varun, SR Dubey",14,20,0,3,3,4,187.2,186.8,180.6,173.2,0.49,0.409,0.565,0.5,160.73,0.563,0.2,0.564
1535462,2026-05-26,"Himachal Pradesh Cricket Association Stadium, Dharamsala",Royal Challengers Bengaluru,Gujarat Titans,Gujarat Titans,field,Royal Challengers Bengaluru,won by 92 runs,254,162,"R Shepherd, VR Iyer, V Kohli, D Padikkal, RM Patidar, KH Pandya, TH David, JM Sharma, B Kumar, JR Hazlewood, JA Duffy, Rasikh Salam","K Khejroliya, B Sai Sudharsan, Shubman Gill, JC Buttler, N Sindhu, Washington Sundar, JO Holder, R Tewatia, Rashid Khan, K Rabada, Mohammed Siraj, M Prasidh Krishna",4,4,1,2,3,4,197.2,204.2,202.2,157.6,0.55,0.486,0.69,0.5,172.81,0.438,0.667,0.0
1535463,2026-05-27,"Maharaja Yadavindra Singh International Cricket Stadium, New Chandigarh",Rajasthan Royals,Sunrisers Hyderabad,Sunrisers Hyderabad,field,Rajasthan Royals,won by 47 runs,243,196,"YBK Jaiswal, V Suryavanshi, Dhruv Jurel, R Parag, D Ferreira, MD Shanaka, RA Jadeja, JC Archer, N Burger, SS Mishra, Brijesh Sharma, Yash Raj Punja","PP Hinge, Abhishek Sharma, TM Head, Ishan Kishan, R Smaran, H Klaasen, Nithish Kumar Reddy, Salil Arora, PJ Cummins, Shivang Kumar, E Malinga, Sakib Hussain",9,14,0,3,2,3,200.0,209.4,184.4,183.8,0.545,0.383,0.492,0.359,210.9,0.75,1.0,0.0
1535464,2026-05-29,"Maharaja Yadavindra Singh International Cricket Stadium, New Chandigarh",Rajasthan Royals,Gujarat Titans,Rajasthan Royals,bat,Gujarat Titans,won by 7 wickets,214,219,"TU Deshpande, YBK Jaiswal, V Suryavanshi, Dhruv Jurel, RA Jadeja, R Parag, MD Shanaka, JC Archer, D Ferreira, N Burger, Brijesh Sharma, Yash Raj Punja","Mohammed Siraj, B Sai Sudharsan, Shubman Gill, JC Buttler, Washington Sundar, R Tewatia, JO Holder, N Sindhu, Rashid Khan, R Sai Kishore, K Rabada, M Prasidh Krishna",3,7,2,1,3,3,203.6,203.4,201.2,175.8,0.545,0.383,0.667,0.5,212.33,0.6,1.0,0.0
1535465,2026-05-31,"Narendra Modi Stadium, Ahmedabad",Gujarat Titans,Royal Challengers Bengaluru,Royal Challengers Bengaluru,field,Royal Challengers Bengaluru,won by 5 wickets,155,161,"M Prasidh Krishna, B Sai Sudharsan, Shubman Gill, N Sindhu, JC Buttler, Washington Sundar, Arshad Khan, R Tewatia, JO Holder, Rashid Khan, K Rabada, Mohammed Siraj","JA Duffy, VR Iyer, V Kohli, D Padikkal, RM Patidar, KH Pandya, TH David, JM Sharma, R Shepherd, B Kumar, JR Hazlewood, Rasikh Salam",4,5,1,2,3,4,199.2,188.2,207.4,194.8,0.667,0.5,0.55,0.486,176.4,0.469,0.6,0.429
