match_id,team1_score,team1_total_wins_against_team2,team2_total_wins_against_team1,team1_wins_against_team2_last_three,team2_wins_against_team1_last_three,team1_form_last_5,team2_form_last_5,team1_last_5_avg_score,team1_last_5_runs_conceded,team2_last_5_avg_score,team2_last_5_runs_conceded,team1_chasing_win_rate,team1_defending_win_rate,team2_chasing_win_rate,team2_defending_win_rate,venue_avg_score,chasing_win_rate_venue,team1_win_rate_at_venue,team2_win_rate_at_venue,winner_slot,toss_winner_slot
335982,222,0,0,0,0,0,0,0.0,0.0,0.0,0.0,0.0,0.0,0.0,0.0,0.0,0.0,0.0,0.0,1,0
335983,240,0,0,0,0,0,0,0.0,0.0,0.0,0.0,0.0,0.0,0.0,0.0,0.0,0.0,0.0,0.0,1,1
335984,129,0,0,0,0,0,0,0.0,0.0,0.0,0.0,0.0,0.0,0.0,0.0,0.0,0.0,0.0,0.0,0,1
335986,110,0,0,0,0,0,1,0.0,0.0,222.0,82.0,0.0,0.0,0.0,0.0,0.0,0.0,0.0,0.0,0,1
335985,165,0,0,0,0,0,0,0.0,0.0,82.0,222.0,0.0,0.0,0.0,0.0,0.0,0.0,0.0,0.0,0,1
335987,166,0,0,0,0,0,0,207.0,240.0,129.0,132.0,0.0,0.0,0.0,0.0,0.0,0.0,0.0,0.0,0,1
335988,142,0,0,0,0,0,1,110.0,112.0,132.0,129.0,0.0,0.0,0.0,0.0,0.0,0.0,0.0,0.0,0,1
335989,208,0,0,0,0,1,0,240.0,207.0,165.0,166.0,0.0,1.0,0.0,0.0,0.0,0.0,0.0,0.0,1,0
335990,214,0,0,0,0,0,1,126.0,127.5,148.5,149.0,0.0,0.0,0.0,0.0,142.5,0.0,0.0,0.0,0,0
335991,182,0,0,0,0,0,0,186.5,204.0,183.5,187.0,0.0,0.0,0.0,0.0,223.5,0.0,0.0,0.0,1,0
335993,147,0,0,0,0,2,2,167.0,96.0,224.0,204.5,0.0,0.0,0.0,1.0,205.0,0.0,0.0,1.0,0,1
335992,135,0,0,0,0,1,2,124.0,193.5,171.33,170.67,0.0,0.0,1.0,0.0,152.0,0.0,0.0,0.0,0,0
335994,154,0,0,0,0,0,0,161.0,185.33,155.33,157.33,0.0,0.0,0.0,0.0,0.0,0.0,0.0,0.0,0,0
335995,158,0,0,0,0,2,1,137.5,135.5,185.0,174.67,0.0,0.0,0.0,0.0,186.25,0.0,0.0,0.5,0,1
335996,178,0,0,0,0,3,1,200.0,185.33,127.67,175.0,0.0,1.0,0.0,0.0,144.25,0.5,0.0,0.0,1,1
335997,137,0,0,0,0,2,0,160.33,114.67,159.25,177.75,0.0,0.0,0.0,0.0,111.0,0.0,1.0,0.0,0,1
335998,191,0,0,0,0,2,1,144.33,144.33,137.0,175.75,0.0,0.0,0.0,0.0,130.5,0.0,1.0,0.0,1,0
335999,164,0,0,0,0,1,2,155.25,156.5,179.25,170.5,1.0,0.0,0.0,0.0,179.0,1.0,0.0,0.0,0,0
336000,196,0,0,0,0,3,2,163.0,161.75,154.5,120.5,1.0,0.0,0.0,0.0,167.0,0.0,1.0,0.0,1,1
336001,169,0,0,0,0,4,3,194.5,180.25,156.0,153.5,0.0,1.0,0.0,0.0,177.25,0.0,1.0,0.0,0,1
336034,156,0,0,0,0,1,1,145.8,178.8,157.0,158.6,0.0,0.0,1.0,0.0,153.33,0.5,0.0,0.0,1,0
336003,178,0,0,0,0,3,2,176.8,169.2,153.8,135.6,1.0,0.0,0.0,0.0,177.5,0.0,0.667,0.0,1,1
336004,162,0,0,0,0,1,4,155.0,169.6,159.2,156.6,0.0,0.0,0.0,0.0,154.5,1.0,0.0,0.0,1,0
336005,109,0,0,0,0,4,4,189.4,178.6,169.6,159.6,0.0,0.667,1.0,0.5,170.25,0.0,0.0,1.0,0,1
336006,126,0,0,0,0,2,4,160.6,165.0,171.0,155.0,0.0,0.0,1.0,0.5,153.62,0.333,0.25,0.0,0,0
336007,144,0,0,0,0,3,1,163.2,159.2,165.6,167.4,0.0,0.5,0.5,0.0,175.0,0.0,0.667,0.0,0,0
336008,103,0,0,0,0,5,2,165.8,155.0,154.4,163.0,1.0,0.5,0.0,0.0,151.0,0.5,0.0,0.5,0,0
336010,129,1,0,1,0,1,1,143.2,154.8,152.6,157.4,0.0,0.0,0.0,0.0,124.25,0.0,0.5,0.0,1,1
336009,187,1,0,1,0,3,2,159.4,163.2,150.4,148.4,0.0,0.0,0.0,0.5,158.25,0.0,1.0,0.0,0,0
336011,140,0,1,0,1,2,4,166.8,167.6,152.8,142.6,0.667,0.0,1.0,0.5,150.0,0.0,0.0,1.0,0,0
336013,181,1,0,1,0,2,5,157.6,156.4,163.2,146.6,1.0,0.5,1.0,0.5,167.75,0.5,0.5,0.0,1,0
336014,204,1,0,1,0,1,2,146.6,157.6,152.0,152.4,0.0,0.333,0.667,0.0,174.5,1.0,0.0,0.0,1,1
336015,156,1,0,1,0,2,4,168.2,172.4,137.6,127.8,0.0,0.0,1.0,0.5,147.62,1.0,0.0,1.0,0,0
336016,143,0,1,0,1,1,4,150.4,155.6,159.4,159.6,0.0,0.0,0.667,0.5,176.5,0.0,0.0,0.75,0,1
336017,133,0,0,0,0,2,2,158.0,163.4,167.8,171.8,0.0,0.5,0.0,0.0,125.0,0.0,0.667,0.0,1,1
336018,156,1,0,1,0,2,3,158.2,156.0,134.8,142.0,1.0,0.5,0.333,0.0,165.5,0.0,0.0,0.0,0,0
336020,194,1,0,1,0,1,1,151.6,162.2,157.2,162.4,0.0,0.0,0.667,0.0,168.0,0.5,0.667,0.0,1,0
336021,67,0,1,0,1,3,4,157.2,157.8,143.2,136.8,0.0,0.6,0.5,0.0,161.25,1.0,0.0,0.5,0,0
336023,197,1,0,1,0,4,1,141.8,132.0,146.0,148.8,1.0,0.5,0.0,0.0,149.6,1.0,1.0,0.0,1,0
336022,118,0,1,0,1,1,4,156.0,164.8,155.8,156.6,0.0,0.0,0.667,0.5,173.0,0.333,0.75,0.0,0,1
336025,149,0,1,0,1,3,2,140.4,132.2,155.6,153.2,0.0,0.6,1.0,0.5,124.12,0.0,0.75,0.0,0,1
336024,178,0,1,0,1,5,1,126.0,119.2,160.8,167.8,0.6,0.0,0.5,0.0,179.0,1.0,0.0,0.0,1,0
336026,154,0,1,0,1,1,1,136.2,150.0,153.0,151.2,0.0,0.0,0.0,0.0,148.2,0.5,0.2,0.0,0,0
336027,147,0,1,0,1,3,4,136.4,107.6,142.0,128.2,0.0,0.5,1.0,0.5,119.7,0.0,0.6,0.0,0,0
336028,189,1,0,1,0,4,5,141.2,147.4,134.0,122.4,0.667,0.5,0.6,0.0,130.0,1.0,0.0,0.667,1,0
336029,126,0,1,0,1,0,3,135.8,151.0,144.8,161.0,0.0,0.0,1.0,0.5,168.6,0.333,0.0,0.6,1,1
336031,175,0,1,0,1,1,4,160.8,172.2,143.4,151.2,0.4,0.0,0.667,0.5,169.9,0.0,0.0,0.8,0,0
336032,176,1,0,1,0,4,2,139.2,133.6,147.2,144.4,0.5,0.0,0.5,0.0,159.6,0.333,0.0,0.6,0,0
336033,211,1,0,1,0,4,3,150.0,135.8,138.4,156.6,1.0,0.5,1.0,0.5,160.33,0.333,0.0,0.5,1,1
336002,165,0,1,0,1,0,1,166.2,179.0,135.8,148.0,0.4,0.0,0.0,0.5,176.3,0.667,0.0,0.0,0,1
336035,174,1,0,1,0,4,2,153.6,161.0,140.0,112.8,0.75,0.5,0.0,0.5,124.5,1.0,0.0,0.5,0,1
336036,145,1,0,1,0,3,5,153.6,148.8,171.6,155.2,0.5,0.0,1.0,0.667,152.08,0.667,0.0,1.0,0,0
336037,147,1,0,1,0,0,2,171.2,185.0,141.0,161.4,0.4,0.0,1.0,0.5,174.92,0.667,0.0,0.0,0,1
336019,221,0,1,0,1,4,5,155.8,159.8,172.6,156.2,0.75,0.333,1.0,0.667,171.0,0.5,0.833,0.0,1,0
336012,122,1,0,1,0,2,2,145.2,155.2,151.0,146.8,0.0,0.5,0.5,0.0,149.5,0.6,0.167,0.0,0,0
336038,192,1,1,1,1,4,3,176.8,169.2,151.8,147.8,0.857,0.667,0.667,0.0,144.62,0.667,0.0,0.0,1,0
336039,112,0,2,0,2,4,2,171.2,167.2,134.4,158.2,0.75,0.333,1.0,0.5,143.6,0.5,1.0,0.0,0,1
336040,163,0,2,0,2,3,4,126.4,149.0,175.8,160.2,1.0,0.5,0.857,0.667,135.17,0.667,0.0,0.0,0,0
392181,165,1,1,1,1,2,2,162.6,157.8,148.0,152.0,0.571,0.0,1.0,0.5,0.0,0.0,0.0,0.0,1,0
392182,133,0,2,0,2,2,4,141.0,151.6,178.6,163.4,0.0,0.5,0.875,0.667,155.5,0.0,0.0,0.0,1,1
392184,101,2,0,2,0,2,0,134.2,111.4,164.4,173.8,0.0,0.5,0.4,0.0,125.5,0.0,0.0,0.0,0,1
392183,104,2,0,2,0,3,3,174.8,166.8,147.2,159.6,0.75,0.25,0.5,0.0,117.83,0.0,0.0,0.0,0,0
392185,179,1,1,1,1,2,3,154.8,159.8,141.2,123.8,0.5,0.5,0.0,0.667,0.0,0.0,0.0,0.0,1,1
392186,158,1,1,1,1,2,1,157.8,140.8,127.8,110.2,0.75,0.25,0.0,0.429,0.0,0.0,0.0,0.0,0,0
392188,184,0,2,0,2,1,3,148.8,155.2,127.8,128.0,0.4,0.0,0.0,0.667,108.62,0.5,1.0,1.0,1,1
392189,189,1,1,1,1,3,3,120.0,144.0,150.4,135.0,0.6,0.0,0.5,0.6,118.5,1.0,0.0,0.0,1,1
392191,168,0,2,0,2,2,1,134.6,142.4,153.8,121.6,0.0,0.667,0.75,0.25,151.5,1.0,0.0,0.0,0,1
392192,168,1,1,1,1,2,2,155.0,151.6,160.0,156.4,0.4,0.2,0.571,0.0,157.83,1.0,0.0,0.0,1,1
392194,149,0,2,0,2,1,4,134.0,144.0,134.2,161.2,0.0,0.5,0.6,0.333,133.0,0.0,0.0,0.0,0,1
392195,139,1,1,1,1,2,2,153.6,120.2,148.8,150.8,0.75,0.25,0.875,0.667,126.08,0.333,0.0,0.0,1,1
392196,165,1,1,1,1,2,3,156.8,143.4,153.6,147.2,0.5,0.6,0.4,0.333,158.88,1.0,0.0,1.0,0,0
392197,187,2,0,2,0,2,2,153.6,152.2,130.4,147.2,0.571,0.0,0.5,0.429,141.25,0.0,0.0,0.0,1,1
392198,143,1,2,1,2,4,2,132.6,160.2,135.2,134.4,0.6,0.333,0.875,0.667,0.0,0.0,0.0,0.0,0,1
392200,119,2,0,2,0,2,3,137.2,106.6,155.8,135.4,0.75,0.4,0.571,0.5,160.5,1.0,0.5,0.0,1,1
392199,139,2,0,2,0,2,1,120.0,154.6,139.4,148.8,0.5,0.429,0.0,0.4,153.33,1.0,1.0,0.0,0,1
392202,164,0,3,0,3,1,2,166.6,154.8,126.2,145.6,0.5,0.6,0.875,0.667,145.0,0.0,0.0,1.0,1,0
392201,148,0,2,0,2,4,3,154.4,146.0,125.4,154.4,0.5,0.333,0.6,0.25,145.0,0.0,0.0,0.0,0,0
392203,148,3,0,3,0,3,1,150.0,130.0,112.8,148.4,0.571,0.5,0.5,0.375,0.0,0.0,0.0,0.0,1,1
392204,145,0,3,0,3,1,3,141.4,165.0,138.6,106.6,0.0,0.4,0.75,0.5,151.57,1.0,0.5,0.667,1,1
392205,141,0,2,0,2,4,1,154.6,146.4,118.6,145.8,0.5,0.333,0.778,0.667,141.17,0.0,0.0,0.0,0,1
392206,163,1,2,1,2,2,4,166.8,147.2,138.0,145.6,0.5,0.6,0.667,0.25,0.0,0.0,0.0,0.0,1,0
392208,149,1,1,1,1,3,2,154.4,133.4,153.0,156.6,0.571,0.667,0.0,0.5,154.0,0.0,0.0,0.0,0,1
392207,153,2,1,2,1,1,3,120.4,157.2,145.2,124.0,0.5,0.375,0.75,0.5,141.25,0.0,0.0,0.0,0,1
392209,178,1,2,1,2,3,3,170.2,143.2,162.0,154.6,0.5,0.6,0.5,0.286,143.5,0.0,0.0,0.0,1,1
392210,211,1,2,1,2,2,4,135.4,147.4,144.4,138.8,0.778,0.667,0.75,0.5,150.25,1.0,0.0,0.5,1,0
392211,154,1,0,1,0,0,3,135.2,156.4,155.4,157.4,0.5,0.333,0.571,0.25,152.67,0.667,0.5,1.0,0,1
392212,145,2,1,2,1,2,2,145.2,158.2,151.2,134.2,0.5,0.286,0.571,0.5,146.33,0.5,0.0,0.0,1,1
392213,105,1,2,1,2,3,3,151.0,149.6,147.6,144.0,0.0,0.5,0.778,0.667,143.62,0.5,0.0,0.5,0,0
392214,185,3,0,3,0,3,3,170.0,145.8,136.4,147.4,0.5,0.667,0.6,0.5,136.1,0.667,1.0,0.0,1,1
392215,116,1,1,1,1,2,3,145.2,129.6,149.0,152.2,0.571,0.5,0.571,0.25,141.25,0.0,1.0,0.0,0,1
392216,168,0,2,0,2,2,2,140.6,152.2,143.4,162.0,0.5,0.375,0.6,0.5,0.0,0.0,0.0,0.0,0,0
392217,140,3,1,2,1,4,4,146.6,137.2,171.0,142.8,0.8,0.667,0.5,0.714,168.5,1.0,0.0,0.0,0,1
392218,157,1,2,1,2,1,3,131.0,134.2,138.4,136.4,0.571,0.4,0.0,0.5,143.7,0.0,1.0,0.0,1,1
392219,123,1,1,1,1,0,3,136.0,157.8,142.6,145.6,0.5,0.3,0.571,0.25,151.75,0.0,0.0,0.0,0,0
392220,166,0,3,0,3,1,3,140.4,153.0,145.2,136.8,0.5,0.375,0.8,0.5,154.5,1.0,0.0,0.0,1,1
392221,173,2,1,2,1,0,3,141.6,145.4,136.8,137.8,0.5,0.3,0.0,0.5,143.33,0.667,0.0,0.0,0,0
392222,119,3,0,3,0,2,2,153.4,172.4,139.2,138.6,0.667,0.5,0.571,0.5,147.79,0.75,0.0,0.0,0,1
392223,173,3,0,3,0,4,2,139.0,140.8,144.0,145.6,0.625,0.25,0.5,0.444,152.95,0.667,1.0,1.0,1,0
392224,129,2,1,2,1,5,3,166.2,137.0,143.4,144.6,0.5,0.714,0.25,0.5,154.23,0.5,0.0,0.667,0,1
392225,145,1,1,1,1,3,2,142.6,137.2,134.0,134.6,0.8,0.5,0.571,0.5,152.25,0.5,1.0,0.0,1,1
392226,120,1,2,1,2,4,2,143.6,143.4,149.8,167.8,0.625,0.25,0.667,0.429,0.0,0.0,0.0,0.0,0,0
392227,147,2,1,2,1,2,4,132.8,133.6,159.2,138.2,0.571,0.5,0.5,0.625,144.58,0.0,1.0,1.0,0,1
392228,160,2,1,2,1,0,2,148.4,152.0,148.0,151.8,0.5,0.3,0.429,0.444,142.5,0.5,0.0,0.0,0,0
392229,134,3,0,3,0,2,3,143.6,161.2,161.2,148.2,0.714,0.429,0.5,0.444,147.62,0.667,0.0,1.0,1,0
392230,150,1,3,0,3,4,3,138.6,135.4,143.2,137.6,0.625,0.25,0.8,0.6,121.5,1.0,0.0,0.0,1,1
392231,188,2,0,2,0,4,0,156.8,138.6,152.6,155.6,0.5,0.625,0.5,0.3,144.38,0.75,1.0,0.0,0,1
392232,134,3,0,3,0,4,3,137.2,131.8,140.8,143.0,0.625,0.4,0.25,0.5,144.8,0.5,0.5,1.0,0,1
392233,101,2,0,2,0,2,1,128.2,141.0,159.8,162.4,0.8,0.6,0.5,0.3,151.62,0.5,1.0,0.333,0,0
392234,116,4,0,3,0,3,3,158.8,156.4,143.8,145.6,0.5,0.556,0.714,0.429,148.04,0.6,0.0,0.4,1,1
392236,170,2,1,2,1,3,2,137.8,140.0,158.8,149.8,0.25,0.5,0.444,0.444,149.28,0.75,0.5,0.5,1,1
392235,165,1,2,1,2,2,3,137.0,134.8,140.4,135.6,0.571,0.429,0.625,0.333,150.75,0.75,0.5,0.5,0,0
392237,153,4,0,3,0,3,2,148.6,144.0,156.8,150.0,0.667,0.333,0.444,0.444,152.09,0.8,0.667,0.333,0,0
392238,146,2,2,1,2,3,4,145.0,140.0,150.8,150.2,0.5,0.6,0.25,0.571,143.08,0.5,1.0,1.0,0,0
392239,143,1,3,1,2,2,5,154.4,158.0,152.4,148.0,0.5,0.444,0.4,0.571,143.71,0.6,0.5,1.0,1,0
419106,161,2,2,1,2,2,3,149.4,151.2,150.8,150.8,0.667,0.3,0.5,0.444,142.25,0.75,0.0,1.0,1,0
419107,212,1,2,1,2,2,1,146.8,144.4,127.0,140.4,0.571,0.429,0.8,0.6,0.0,0.0,0.0,0.0,1,1
419108,142,3,1,2,1,3,2,127.4,131.8,144.6,142.6,0.714,0.429,0.667,0.333,175.21,0.333,0.857,0.0,0,0
419109,135,2,2,2,1,4,3,144.6,142.0,157.0,156.2,0.333,0.571,0.667,0.3,131.64,1.0,0.0,0.571,0,0
419110,190,2,2,1,2,2,2,147.6,151.0,146.0,141.8,0.455,0.444,0.5,0.6,166.86,0.333,1.0,0.429,1,1
419111,141,3,2,2,1,1,3,140.6,154.6,149.8,146.4,0.8,0.6,0.7,0.333,0.0,0.0,0.0,0.0,0,0
419112,203,3,1,2,1,2,3,122.0,127.4,145.2,143.4,0.714,0.429,0.333,0.571,145.86,0.667,1.0,0.143,0,1
419113,164,2,1,2,1,2,4,152.0,153.4,149.6,148.0,0.5,0.6,0.75,0.3,132.12,1.0,1.0,0.625,1,1
419114,218,1,3,0,3,2,3,157.8,157.8,148.2,147.4,0.571,0.5,0.727,0.333,162.58,0.5,0.0,0.667,1,0
419115,92,3,1,2,1,1,3,146.2,149.8,159.0,157.2,0.8,0.6,0.333,0.571,153.06,0.667,1.0,0.25,0,0
419116,185,2,2,1,2,3,2,145.4,164.0,154.6,145.8,0.667,0.333,0.5,0.636,163.5,0.4,0.571,1.0,0,1
419117,170,0,4,0,3,3,2,159.0,156.0,138.8,143.8,0.455,0.5,0.714,0.375,0.0,0.0,0.0,0.0,1,0
419118,168,2,1,1,1,0,4,135.6,139.8,139.4,147.6,0.8,0.6,0.75,0.3,141.5,1.0,0.0,0.0,1,1
419119,151,2,2,2,1,2,3,177.0,158.0,143.6,144.0,0.571,0.5,0.429,0.571,210.0,0.0,1.0,0.0,0,1
419120,171,1,4,1,2,4,2,161.4,154.8,149.2,169.0,0.455,0.5,0.667,0.286,167.0,0.0,1.0,0.0,1,1
419122,155,0,4,0,3,3,2,128.4,143.6,178.6,160.0,0.75,0.3,0.571,0.444,181.5,0.0,0.0,0.5,0,1
419123,171,3,2,2,1,3,2,144.8,145.0,159.0,153.8,0.429,0.571,0.333,0.636,146.33,0.714,0.333,1.0,1,0
419124,183,2,2,1,2,1,0,142.0,136.6,147.4,154.4,0.8,0.667,0.625,0.375,171.31,0.5,0.0,0.75,1,0
419125,180,2,2,1,2,2,3,156.8,158.2,180.4,160.8,0.25,0.636,0.571,0.444,172.83,0.0,0.0,0.667,0,0
419128,183,3,1,2,1,2,4,150.8,172.4,151.6,143.4,0.667,0.286,0.429,0.571,147.0,0.625,1.0,0.4,1,0
419126,148,1,3,1,2,4,2,164.8,156.4,158.4,146.6,0.455,0.545,0.8,0.667,146.25,1.0,0.0,0.5,0,1
419127,183,2,2,2,1,2,0,139.0,154.6,159.4,167.8,0.75,0.273,0.556,0.375,170.89,0.4,0.0,0.667,1,1
419129,177,3,2,1,2,3,2,147.0,133.8,161.0,156.4,0.8,0.667,0.25,0.636,147.33,1.0,0.667,0.0,1,1
419130,172,1,3,1,2,4,3,183.6,163.6,165.8,159.2,0.625,0.444,0.455,0.5,144.9,0.6,0.667,0.5,1,0
419131,177,2,1,2,1,2,2,158.2,177.2,143.4,153.4,0.667,0.286,0.75,0.333,166.5,0.4,0.5,0.0,1,1
419132,163,3,1,2,1,0,4,159.8,175.2,175.6,148.2,0.556,0.375,0.625,0.444,174.75,1.0,0.0,0.75,0,0
419133,161,4,2,3,0,4,1,157.8,152.8,160.2,170.0,0.375,0.571,0.25,0.636,164.28,0.25,1.0,0.333,0,1
419134,188,3,3,2,1,2,4,165.2,176.4,154.2,137.4,0.667,0.375,0.8,0.714,165.44,0.4,0.556,0.0,1,1
419135,181,3,2,1,2,1,3,143.6,161.8,162.0,161.4,0.75,0.333,0.417,0.5,132.61,1.0,0.556,0.0,1,1
419136,181,3,2,1,2,0,3,151.8,167.2,149.2,144.6,0.556,0.375,0.375,0.5,170.15,0.4,0.6,0.0,0,1
419138,178,2,3,1,2,4,2,164.8,156.8,155.4,165.8,0.667,0.444,0.417,0.5,172.5,1.0,0.8,0.0,1,1
419137,246,2,4,2,1,1,4,154.6,165.2,160.0,156.4,0.25,0.636,0.8,0.714,164.0,0.25,0.4,1.0,1,1
419139,200,3,2,2,1,2,0,158.0,160.4,155.2,170.0,0.75,0.385,0.556,0.333,136.25,1.0,0.6,0.0,0,1
419140,184,4,1,2,1,3,3,178.8,157.0,167.4,162.4,0.667,0.444,0.375,0.5,164.35,0.4,0.6,0.0,1,1
419141,159,4,1,2,1,3,1,171.0,178.8,144.4,168.6,0.8,0.714,0.417,0.5,0.0,0.0,0.0,0.0,1,1
419142,165,2,3,1,2,2,5,176.6,182.6,170.2,148.8,0.25,0.667,0.667,0.5,170.41,0.25,0.455,0.0,1,1
419144,181,1,3,0,3,2,4,171.2,167.6,178.6,148.4,0.75,0.357,0.667,0.5,142.23,1.0,0.545,0.0,1,1
419143,153,2,3,1,2,1,3,168.8,182.8,166.2,179.8,0.556,0.333,0.8,0.75,151.14,0.75,0.0,1.0,0,1
419145,184,3,2,1,2,2,0,165.8,169.0,141.6,168.2,0.375,0.5,0.417,0.5,149.5,0.556,0.364,0.0,0,0
419146,154,2,3,2,1,4,1,167.2,150.8,169.0,177.6,0.667,0.5,0.556,0.3,171.27,0.4,0.0,0.545,0,1
419147,138,2,3,1,2,3,1,182.6,176.6,149.2,174.8,0.25,0.692,0.462,0.5,158.0,0.0,0.0,0.0,0,1
419148,160,3,2,1,2,3,1,176.4,169.8,168.4,179.2,0.75,0.4,0.375,0.5,152.46,0.6,1.0,0.333,0,0
419149,111,2,3,2,1,4,2,179.8,150.4,171.8,171.8,0.667,0.5,0.556,0.3,164.45,0.4,0.636,1.0,0,1
419150,174,2,2,1,2,3,3,161.8,146.4,167.4,180.8,0.667,0.455,0.8,0.75,151.62,0.75,0.0,1.0,1,0
419151,151,3,3,2,1,2,2,150.8,168.0,167.6,174.6,0.462,0.5,0.444,0.5,148.25,0.0,0.5,0.0,1,0
419152,183,2,3,1,2,3,3,162.2,147.6,165.4,139.6,0.667,0.455,0.667,0.455,168.17,1.0,0.833,0.0,1,1
419153,139,1,3,1,2,2,3,171.8,173.4,174.2,168.2,0.75,0.4,0.25,0.643,168.96,0.25,0.0,0.5,0,1
419154,130,3,2,1,2,2,2,159.4,183.6,163.0,172.4,0.727,0.75,0.4,0.5,152.06,0.6,0.889,0.0,0,1
419155,112,3,2,2,1,4,2,170.8,160.6,158.8,148.8,0.25,0.643,0.667,0.455,166.81,0.25,0.538,1.0,0,1
419156,174,4,1,2,1,3,3,161.6,161.2,149.6,159.4,0.556,0.3,0.462,0.5,0.0,0.0,0.0,0.0,0,0
419157,191,2,3,1,2,3,2,166.0,143.8,152.6,162.2,0.667,0.5,0.4,0.5,153.12,0.636,1.0,0.385,1,0
419158,132,3,1,1,1,2,2,161.2,172.4,172.2,166.6,0.727,0.667,0.75,0.375,144.88,1.0,1.0,0.583,0,1
419159,192,0,5,0,2,3,3,160.2,160.0,160.8,151.0,0.556,0.3,0.25,0.6,176.0,1.0,0.0,0.0,0,0
419160,145,2,4,2,1,4,2,162.2,158.6,143.8,147.0,0.5,0.5,0.667,0.455,160.04,0.4,0.0,0.583,1,1
419161,133,5,0,3,0,3,2,168.6,147.6,162.6,161.6,0.667,0.5,0.75,0.375,143.92,1.0,1.0,0.615,0,1
419162,184,3,3,2,1,3,2,167.0,141.6,150.0,163.6,0.667,0.462,0.364,0.5,146.0,0.5,0.75,0.0,1,1
419163,142,2,4,1,2,3,5,150.6,144.8,159.8,153.6,0.4,0.6,0.5,0.538,148.93,0.5,0.0,0.333,1,1
419164,82,4,3,3,0,4,2,143.4,145.2,143.0,163.2,0.5,0.538,0.364,0.5,145.69,0.5,0.25,0.0,0,1
419165,168,3,3,2,1,3,4,146.0,137.4,173.0,139.8,0.4,0.625,0.667,0.5,138.83,0.5,0.5,0.8,1,1
501198,153,4,1,2,1,4,3,152.0,138.8,149.6,147.4,0.4,0.647,0.75,0.375,162.93,0.25,0.5,0.0,1,1
501199,137,1,5,1,2,3,2,132.0,134.8,143.0,149.8,0.5,0.5,0.727,0.6,171.0,0.667,0.0,1.0,0,0
501200,161,0,0,0,0,0,2,0.0,0.0,127.8,147.6,0.0,0.0,0.364,0.5,0.0,0.0,0.0,0.0,0,1
501201,95,3,3,1,2,1,3,133.8,146.6,167.4,146.0,0.667,0.455,0.667,0.5,158.46,0.4,0.538,0.5,0,1
501202,112,0,0,0,0,2,0,157.8,159.0,0.0,0.0,0.556,0.3,0.0,0.0,140.65,0.5,0.0,0.0,0,1
501203,163,4,2,2,1,2,2,143.6,144.6,129.2,135.4,0.75,0.375,0.5,0.5,143.21,1.0,0.643,0.0,1,1
501204,151,4,3,3,0,1,2,119.4,130.2,139.4,145.8,0.667,0.417,0.75,0.6,149.95,0.6,0.0,0.8,0,1
501205,140,3,4,1,2,3,3,132.6,149.6,150.6,136.2,0.364,0.5,0.667,0.5,153.79,0.583,0.357,1.0,0,0
501206,188,6,0,2,0,4,2,154.0,141.2,149.6,150.2,0.4,0.667,0.556,0.273,170.0,0.4,1.0,0.583,0,0
501207,148,0,0,0,0,0,1,161.0,162.0,113.0,112.0,0.0,0.0,0.0,0.0,138.09,0.5,0.0,1.0,0,1
501208,175,4,4,2,1,1,2,124.4,133.2,134.2,152.2,0.5,0.5,0.364,0.5,167.0,0.75,0.0,1.0,1,0
501209,159,3,2,1,2,2,3,138.4,145.4,144.2,143.0,0.75,0.6,0.75,0.412,150.09,0.6,0.818,0.0,0,0
501210,182,0,0,0,0,3,0,141.0,137.4,154.5,156.5,0.7,0.5,0.0,0.0,138.67,0.5,0.5,0.0,0,0
501212,165,2,4,2,1,1,2,130.4,134.8,156.6,157.0,0.5,0.5,0.6,0.273,166.06,0.6,0.111,1.0,0,0
501211,183,3,4,1,2,4,2,169.2,157.2,135.8,149.0,0.4,0.667,0.333,0.5,162.2,0.25,0.533,0.5,1,1
501213,187,0,0,0,0,2,1,132.0,130.0,127.4,138.2,0.0,0.0,0.667,0.385,139.04,0.5,1.0,0.0,0,0
501214,81,3,3,1,2,2,4,142.8,142.6,148.4,146.2,0.75,0.6,0.8,0.412,144.23,1.0,0.5,0.667,0,0
501215,131,0,0,0,0,4,1,166.8,151.2,164.33,165.0,0.4,0.684,1.0,0.0,161.5,0.0,0.0,0.0,0,0
501216,168,3,4,3,0,1,2,142.6,139.6,136.6,139.0,0.5,0.5,0.692,0.385,154.07,0.4,0.5,0.5,1,1
501218,118,0,0,0,0,2,3,150.33,150.0,150.8,147.2,0.0,0.0,0.7,0.5,145.0,0.6,0.0,0.4,0,1
501219,132,0,0,0,0,2,4,157.0,156.5,138.8,136.0,1.0,0.0,0.833,0.412,140.41,1.0,0.0,0.688,1,0
501220,195,2,4,0,3,2,2,167.4,167.8,133.0,133.2,0.636,0.273,0.75,0.6,171.58,0.5,0.615,0.5,1,0
501221,164,3,4,1,2,3,3,138.8,141.0,164.6,157.4,0.7,0.5,0.4,0.684,142.0,0.6,0.5,0.5,1,0
501222,171,3,3,1,2,3,2,137.0,135.8,138.4,148.8,0.714,0.412,0.333,0.5,139.74,0.75,0.647,0.0,0,0
501223,231,2,4,1,2,1,3,144.4,150.2,171.6,161.6,0.692,0.385,0.636,0.273,154.47,0.4,0.467,1.0,1,0
501225,109,0,0,0,0,3,2,152.0,150.4,136.0,145.6,1.0,0.0,0.692,0.6,150.88,0.667,0.0,0.75,0,0
501224,172,3,3,2,1,4,2,142.4,138.6,159.8,152.8,0.7,0.5,0.5,0.533,166.0,0.667,1.0,0.1,1,0
501226,142,0,0,0,0,2,2,162.2,161.0,142.25,143.5,0.333,0.684,0.0,0.0,162.84,0.25,0.562,0.0,1,0
501227,160,5,1,2,1,2,2,163.8,161.6,156.2,166.6,0.692,0.385,0.385,0.5,158.34,0.333,0.5,0.0,0,0
501228,141,0,1,0,1,2,2,137.2,143.2,160.0,154.2,0.0,0.0,0.333,0.684,142.85,0.571,0.667,0.667,0,1
501229,129,0,0,0,0,2,3,159.4,159.0,141.6,140.2,0.467,0.533,1.0,0.0,147.25,1.0,0.0,0.5,1,0
501230,148,2,3,1,2,3,2,141.0,140.2,176.8,174.0,0.714,0.412,0.692,0.385,158.47,0.429,0.0,0.471,1,0
501231,94,3,2,2,1,4,2,157.0,146.6,130.0,140.0,0.7,0.5,0.714,0.6,147.73,0.714,0.5,0.769,0,0
501232,181,0,0,0,0,2,1,156.0,166.4,142.8,149.8,0.429,0.5,0.0,0.0,152.97,0.615,0.333,0.0,1,0
501233,157,0,0,0,0,2,3,172.8,173.2,126.8,135.8,0.643,0.385,0.667,0.0,132.0,0.5,0.0,0.333,1,1
501234,119,3,3,2,1,3,3,173.6,168.8,138.0,135.6,0.583,0.273,0.714,0.412,141.58,0.8,0.5,0.611,0,0
501235,143,0,0,0,0,0,2,143.6,156.4,118.6,128.6,0.0,0.0,0.733,0.6,143.93,0.75,0.0,0.786,0,0
501236,165,3,4,1,2,3,3,151.4,143.8,154.4,141.2,0.333,0.684,0.467,0.533,160.88,0.2,0.588,1.0,1,1
501237,159,2,4,2,1,3,3,147.2,137.6,175.0,170.2,0.7,0.5,0.583,0.273,144.0,0.5,0.571,0.5,1,0
501238,140,1,0,1,0,2,2,166.2,159.6,113.8,130.8,0.643,0.429,0.667,0.0,157.42,0.375,0.444,0.0,0,0
501239,169,5,2,3,0,3,2,130.0,127.6,148.6,145.8,0.75,0.412,0.467,0.533,164.86,0.571,1.0,0.091,1,0
501241,160,1,0,1,0,4,0,142.6,128.0,134.8,147.2,0.7,0.5,0.0,0.0,142.86,0.571,0.667,0.5,1,0
501240,147,4,3,1,2,3,3,115.6,125.2,147.8,140.6,0.75,0.6,0.333,0.7,160.58,0.2,0.5,0.611,0,1
501243,175,4,4,3,0,2,2,145.4,146.4,163.8,154.2,0.438,0.533,0.643,0.429,164.38,0.5,0.083,1.0,0,0
501242,156,1,0,1,0,2,3,115.0,132.6,146.8,141.2,0.75,0.0,0.75,0.412,133.5,0.5,0.25,0.0,1,0
501244,205,3,3,3,0,3,2,164.2,168.8,163.6,164.4,0.429,0.5,0.538,0.273,153.91,0.571,0.375,0.5,1,0
501245,114,5,1,3,0,4,3,151.4,143.0,149.4,146.0,0.333,0.7,0.667,0.412,140.42,0.833,1.0,0.632,0,1
501246,178,4,3,3,0,4,2,149.8,132.2,153.4,148.8,0.7,0.5,0.667,0.429,144.35,0.429,0.625,0.0,1,0
501247,125,0,1,0,1,2,4,119.8,135.2,176.8,157.8,0.75,0.0,0.429,0.5,154.41,0.533,0.0,0.412,0,1
501248,119,0,1,0,1,1,0,154.4,172.4,139.0,154.4,0.5,0.273,0.0,0.0,171.54,0.429,0.643,0.0,0,1
501249,196,4,4,2,1,4,3,143.0,122.4,128.8,138.0,0.333,0.667,0.75,0.545,143.9,0.778,0.0,0.8,1,0
501250,136,0,0,0,0,1,1,146.8,151.8,139.6,149.8,0.438,0.533,0.0,0.0,165.35,0.556,0.077,0.0,0,1
501251,163,4,3,1,2,0,4,139.2,167.0,152.6,130.2,0.5,0.25,0.7,0.5,168.07,0.429,0.6,0.0,1,0
501252,146,3,3,1,2,3,5,126.0,138.2,170.0,146.2,0.706,0.545,0.429,0.5,145.19,0.7,0.75,0.5,0,0
501253,176,3,3,2,1,4,2,153.8,125.6,150.6,152.2,0.333,0.667,0.625,0.429,159.92,0.2,0.632,1.0,1,1
501254,178,0,0,0,0,2,1,123.0,138.6,131.4,138.2,0.75,0.0,0.5,0.25,0.0,0.0,0.0,0.0,0,0
501255,89,3,4,1,2,4,5,127.4,133.8,165.2,141.2,0.667,0.412,0.467,0.5,152.86,0.533,0.5,0.444,0,0
501256,135,3,4,0,3,1,3,147.0,144.8,135.6,135.8,0.438,0.5,0.636,0.5,145.95,0.375,0.0,0.667,1,1
501257,170,4,3,1,2,2,2,143.8,149.8,156.0,157.8,0.533,0.25,0.625,0.429,184.75,1.0,0.0,0.0,1,0
501258,97,1,0,1,0,2,2,133.0,146.6,143.8,149.0,0.706,0.545,0.75,0.0,179.5,1.0,0.0,0.0,0,0
501259,136,1,0,1,0,2,1,138.8,148.0,148.2,155.0,0.0,0.0,0.438,0.529,143.3,0.5,0.4,0.2,0,0
501260,232,3,4,0,3,3,5,150.6,146.2,154.0,127.0,0.533,0.25,0.5,0.5,175.0,0.667,0.333,0.0,1,1
501261,152,0,1,0,1,4,3,160.0,129.0,139.6,137.0,0.333,0.682,0.8,0.0,160.28,0.2,0.65,0.0,1,1
501262,118,0,0,0,0,2,3,135.0,139.4,115.6,128.6,0.0,0.0,0.667,0.412,142.91,0.556,0.333,1.0,0,0
501263,133,3,3,2,1,3,1,141.8,143.8,133.4,147.4,0.636,0.5,0.706,0.545,144.62,0.375,0.6,1.0,0,1
501264,198,2,5,2,1,2,4,146.6,149.2,173.0,129.4,0.471,0.529,0.533,0.308,175.38,0.667,1.0,0.5,1,0
501266,128,4,4,2,1,4,4,157.4,128.0,142.0,142.4,0.333,0.696,0.5,0.5,149.92,0.562,0.5,0.474,0,0
501267,175,1,5,1,2,3,2,115.4,128.4,136.6,143.4,0.7,0.412,0.636,0.467,137.78,0.833,0.65,0.5,0,0
501268,175,5,4,1,2,4,3,126.8,144.0,153.2,124.4,0.529,0.5,0.333,0.696,143.77,0.375,1.0,0.333,0,0
501269,147,1,6,1,2,2,2,116.6,134.2,140.2,150.6,0.7,0.412,0.667,0.467,146.07,0.444,0.0,0.545,0,0
501270,185,3,5,0,3,3,2,136.2,154.4,134.2,150.8,0.529,0.5,0.692,0.467,159.62,0.2,0.333,0.0,1,0
501271,205,5,5,2,1,4,3,165.8,147.2,143.0,153.6,0.429,0.696,0.529,0.5,159.8,0.167,0.667,0.5,1,1
548306,112,4,4,2,1,4,2,167.6,150.0,145.2,155.2,0.429,0.708,0.643,0.467,160.5,0.167,0.682,0.0,0,0
548307,97,3,3,2,1,2,1,118.2,132.6,136.0,139.8,0.7,0.412,0.588,0.4,139.62,0.857,0.619,0.0,0,0
548308,129,0,2,0,2,2,3,130.0,134.4,143.2,150.6,0.0,0.0,0.667,0.467,146.17,0.5,0.0,0.583,1,0
548309,191,4,3,2,1,1,4,131.4,145.4,172.4,145.0,0.706,0.545,0.5,0.308,145.38,0.727,0.706,0.0,1,0
548311,193,4,4,2,1,3,3,154.8,141.4,156.4,138.6,0.429,0.708,0.471,0.529,0.0,0.0,0.0,0.0,1,0
548310,157,2,5,1,2,2,1,151.4,176.8,120.2,124.2,0.529,0.5,0.611,0.4,148.85,0.588,0.5,1.0,1,0
548313,166,2,0,2,0,3,3,128.0,122.6,171.8,165.8,0.0,0.0,0.471,0.308,0.0,0.0,0.0,0.0,1,1
548312,164,3,4,0,3,2,1,140.2,147.6,125.4,129.8,0.706,0.545,0.7,0.412,147.06,0.667,0.722,0.5,1,0
548314,138,4,4,1,2,3,3,145.2,141.4,136.8,149.6,0.444,0.529,0.625,0.467,156.0,0.0,0.0,0.0,0,1
548316,110,4,3,2,1,3,1,163.0,137.0,118.4,120.0,0.429,0.708,0.579,0.4,150.1,0.444,1.0,0.4,0,0
548315,165,3,5,0,3,1,3,136.0,141.6,158.6,157.8,0.636,0.412,0.529,0.5,148.76,0.556,0.333,0.524,1,0
548317,197,3,4,1,2,3,3,129.6,142.2,146.4,136.8,0.625,0.467,0.706,0.545,144.22,0.455,0.538,1.0,1,0
548318,205,5,6,1,2,2,3,157.4,165.2,159.4,133.4,0.5,0.5,0.429,0.708,158.54,0.286,0.4,0.652,0,1
548319,115,3,0,3,0,3,2,137.2,127.6,164.4,163.4,0.0,0.333,0.471,0.308,165.38,0.375,1.0,0.625,0,0
548320,131,4,4,1,2,3,1,151.2,146.0,145.2,142.6,0.667,0.545,0.636,0.412,137.75,0.875,0.333,0.591,0,1
548322,155,2,0,2,0,3,2,165.6,139.4,132.8,123.6,0.429,0.708,0.0,0.333,155.0,0.0,0.0,1.0,0,1
548323,134,3,4,1,2,2,2,153.6,158.2,137.6,133.2,0.5,0.308,0.636,0.412,137.59,0.875,0.333,0.609,1,0
548324,195,3,4,0,3,3,2,158.0,153.8,163.4,171.4,0.667,0.5,0.5,0.444,148.55,0.526,0.5,0.5,1,1
548325,92,5,3,3,0,3,2,139.4,146.8,109.0,106.8,0.625,0.467,0.6,0.4,146.53,0.417,0.571,0.0,0,0
548326,196,1,6,0,3,3,3,145.6,142.4,170.2,154.4,0.444,0.5,0.667,0.538,147.37,0.615,0.0,0.737,0,1
548327,182,0,1,0,1,3,1,136.8,127.0,153.6,182.0,0.0,0.333,0.5,0.444,149.28,0.526,0.0,0.478,0,1
548328,124,4,4,2,1,2,2,134.0,160.4,134.6,130.4,0.5,0.308,0.583,0.412,162.44,0.444,0.647,0.5,0,1
548330,164,2,1,2,1,2,3,155.6,141.2,149.6,140.4,0.429,0.68,0.0,0.25,160.46,0.286,0.667,0.0,1,0
548321,157,4,5,2,1,2,3,157.8,156.8,99.4,91.2,0.444,0.474,0.619,0.4,148.21,0.5,0.667,0.429,0,1
548331,163,4,4,1,2,2,2,135.6,146.2,161.4,177.4,0.5,0.286,0.5,0.444,160.39,0.444,0.611,0.5,0,0
548332,146,4,5,0,3,3,3,171.4,161.6,166.0,148.4,0.667,0.538,0.429,0.68,160.35,0.25,0.333,0.68,0,1
548333,192,0,1,0,1,2,4,154.0,153.0,120.6,122.6,0.0,0.25,0.619,0.4,148.73,0.5,0.0,0.455,1,0
548334,163,3,5,1,2,3,2,129.4,128.4,136.2,141.2,0.625,0.467,0.5,0.286,143.53,0.462,0.533,0.333,0,1
548335,126,2,6,0,3,1,3,161.6,162.0,140.6,135.2,0.444,0.45,0.583,0.412,166.5,0.0,1.0,0.0,0,0
548336,189,4,4,2,1,2,2,163.2,182.6,167.8,162.6,0.526,0.444,0.667,0.5,149.82,0.615,0.667,0.75,1,0
548337,146,1,1,1,1,2,3,159.2,158.6,135.0,141.6,0.0,0.25,0.591,0.4,155.25,0.0,1.0,0.0,0,1
548339,168,6,3,2,1,3,2,140.2,140.6,139.0,138.8,0.5,0.286,0.625,0.438,160.61,0.5,0.579,0.0,0,1
548341,177,1,1,1,1,0,2,147.2,164.2,165.4,165.0,0.444,0.45,0.0,0.2,152.5,0.0,0.0,0.667,1,1
548342,207,4,5,1,2,4,3,137.2,139.4,153.0,146.6,0.591,0.4,0.625,0.438,150.17,0.455,0.435,0.667,1,0
548343,156,1,6,1,1,2,3,150.6,151.8,156.8,153.8,0.5,0.267,0.429,0.68,159.83,0.25,0.0,0.692,1,1
548344,190,4,5,1,2,4,3,137.6,127.6,176.4,178.2,0.615,0.412,0.526,0.444,137.4,0.778,0.583,0.333,1,1
548345,152,4,4,2,1,4,2,156.4,151.4,162.4,161.0,0.591,0.4,0.632,0.5,151.77,0.417,0.458,0.0,1,1
548346,100,4,5,1,2,1,2,158.8,157.4,158.6,160.4,0.444,0.476,0.588,0.438,144.58,0.462,1.0,0.5,0,0
548347,139,5,2,2,1,3,4,164.6,162.8,142.6,131.6,0.429,0.68,0.615,0.444,159.57,0.25,0.667,0.0,0,1
548348,186,2,1,2,1,1,1,151.2,149.2,166.0,169.4,0.444,0.476,0.0,0.2,153.17,0.5,0.667,0.0,1,1
548349,141,4,5,1,2,2,4,166.4,164.0,168.2,163.2,0.632,0.5,0.591,0.438,150.6,0.571,0.714,0.0,0,1
548350,158,5,4,2,1,3,2,164.0,174.6,155.0,155.2,0.526,0.444,0.5,0.312,150.73,0.526,0.5,0.333,0,0
548351,120,2,1,2,1,2,1,139.4,146.4,164.2,169.4,0.611,0.438,0.0,0.2,156.38,0.0,0.0,0.5,1,1
548352,160,5,4,3,0,2,2,150.8,149.8,149.2,144.4,0.429,0.654,0.444,0.5,158.88,0.25,0.643,0.667,1,1
548353,150,1,0,1,0,4,1,143.2,133.2,157.8,160.6,0.615,0.444,0.0,0.2,138.56,0.778,0.6,0.0,1,1
548354,177,5,3,2,1,1,3,155.6,165.6,162.8,161.4,0.632,0.467,0.526,0.312,161.05,0.5,0.333,0.55,1,1
548355,173,4,5,1,2,3,3,151.8,148.6,145.0,151.6,0.429,0.667,0.611,0.471,142.38,0.5,0.5,0.529,0,0
548356,181,5,4,2,1,2,3,147.8,144.0,168.4,168.2,0.444,0.5,0.526,0.444,151.12,0.55,0.5,0.48,0,0
548357,153,4,3,1,2,4,5,164.6,160.0,146.8,135.0,0.591,0.438,0.615,0.474,151.76,0.417,0.48,0.5,0,1
548359,170,5,3,1,2,3,2,157.0,163.6,158.8,155.6,0.526,0.312,0.444,0.5,163.29,0.556,1.0,0.071,1,0
548358,125,0,1,0,1,0,1,148.0,156.2,151.6,153.2,0.0,0.2,0.632,0.5,149.0,0.0,0.4,0.0,0,1
548360,141,5,4,2,1,4,3,147.2,153.4,168.2,168.0,0.632,0.471,0.55,0.444,143.86,0.533,0.556,0.5,0,0
548361,126,4,6,0,3,2,2,147.6,148.8,153.6,153.2,0.632,0.5,0.429,0.667,150.23,0.571,0.682,0.5,0,0
548329,187,4,6,1,2,1,4,152.4,157.8,160.8,152.4,0.421,0.5,0.591,0.412,162.9,0.5,0.067,1.0,0,1
548362,173,2,0,2,0,3,0,163.4,163.6,143.8,151.8,0.571,0.444,0.0,0.167,145.08,0.0,0.0,0.333,1,0
548363,182,7,1,2,1,3,5,141.2,148.2,152.2,140.8,0.632,0.471,0.615,0.474,138.87,0.778,0.667,0.615,1,1
548364,114,4,4,2,1,4,2,169.8,160.6,149.6,149.2,0.591,0.412,0.5,0.667,158.75,0.25,0.667,0.655,0,0
548365,170,2,0,2,0,2,0,144.2,136.4,139.6,151.0,0.632,0.5,0.0,0.167,149.2,0.6,0.652,0.0,1,1
548366,190,3,6,1,2,1,3,169.8,176.2,158.2,160.0,0.421,0.478,0.526,0.312,160.79,0.5,0.0,0.524,0,1
548367,171,5,5,2,1,3,4,160.2,162.6,143.6,137.8,0.571,0.444,0.632,0.5,152.35,0.571,0.5,1.0,0,0
548368,158,3,5,2,1,4,3,157.8,152.0,142.8,140.8,0.615,0.474,0.556,0.667,139.96,0.778,0.593,0.667,0,0
548369,136,5,3,2,1,4,3,163.4,163.8,151.2,149.6,0.526,0.312,0.591,0.412,151.83,0.417,0.667,0.462,0,1
548370,140,1,8,0,3,3,4,151.4,155.4,158.0,152.0,0.615,0.474,0.65,0.5,143.75,0.562,0.0,0.526,1,0
548372,215,3,5,2,1,3,3,165.8,159.2,148.8,146.6,0.571,0.444,0.591,0.412,151.31,0.417,0.333,0.481,1,0
548371,120,6,2,1,2,4,3,147.0,144.4,159.4,162.0,0.6,0.667,0.526,0.294,171.7,0.5,1.0,0.4,0,0
548373,126,7,1,3,0,3,0,148.0,131.0,170.6,180.4,0.632,0.529,0.421,0.458,164.59,0.5,1.0,0.062,0,1
548374,141,5,4,1,2,3,2,151.4,154.4,158.8,161.4,0.55,0.294,0.565,0.412,163.33,0.6,0.5,0.0,0,0
548375,136,2,0,2,0,3,0,151.4,149.2,130.0,147.8,0.615,0.474,0.0,0.167,146.57,0.0,0.0,0.286,1,1
548377,162,4,4,2,1,3,3,145.0,127.8,155.6,156.2,0.632,0.5,0.619,0.5,149.12,0.6,0.667,0.333,0,1
548376,132,5,5,1,2,1,4,166.2,173.6,177.2,165.4,0.421,0.458,0.571,0.444,162.38,0.5,0.118,0.5,1,0
548378,162,4,4,2,1,3,3,148.6,141.0,157.2,158.8,0.615,0.5,0.583,0.412,143.12,0.0,1.0,1.0,1,1
548379,187,4,6,0,3,3,3,139.0,139.0,153.4,154.0,0.6,0.667,0.619,0.5,153.07,0.591,0.333,1.0,1,0
548380,222,5,4,2,1,4,2,141.8,134.0,147.4,153.8,0.6,0.667,0.583,0.412,157.32,0.333,0.667,0.5,1,0
548381,190,6,3,1,2,4,3,160.8,136.0,150.2,139.2,0.6,0.667,0.615,0.524,158.0,0.3,0.677,0.25,0,1
597998,128,4,5,1,2,2,4,151.8,175.2,157.6,140.8,0.56,0.412,0.615,0.524,140.64,0.8,0.333,0.571,0,0
597999,156,5,6,2,1,3,3,164.8,155.6,155.0,163.0,0.545,0.444,0.591,0.5,153.61,0.565,0.481,0.8,1,0
598000,126,0,0,0,0,0,0,0.0,0.0,126.6,151.0,0.0,0.0,0.0,0.167,160.44,0.455,0.0,1.0,1,0
598001,165,4,6,1,2,2,1,142.0,133.6,149.4,173.8,0.632,0.474,0.56,0.412,153.21,0.385,0.0,0.464,1,1
598002,148,6,5,2,1,2,3,149.4,163.2,175.8,151.6,0.565,0.5,0.6,0.643,159.0,0.3,0.25,0.656,1,1
598003,99,3,1,2,1,0,3,118.8,146.2,152.8,148.0,0.0,0.167,0.55,0.294,144.22,0.0,0.25,0.0,0,1
598005,144,4,5,1,2,2,5,149.8,140.6,151.8,134.4,0.632,0.5,0.643,0.524,149.66,0.6,0.64,0.333,1,0
598048,161,0,0,0,0,1,2,128.0,117.0,159.0,156.6,0.0,0.0,0.545,0.4,153.66,0.542,0.0,0.5,0,1
598006,209,5,5,1,2,2,1,144.4,156.8,142.6,163.8,0.565,0.526,0.56,0.412,142.89,0.529,0.5,0.333,1,1
598007,138,3,6,3,0,3,2,138.8,138.8,171.6,149.6,0.55,0.294,0.6,0.643,162.2,0.5,0.545,0.5,0,0
598008,154,5,5,2,1,4,3,148.8,141.6,157.2,154.2,0.6,0.524,0.545,0.4,153.92,0.542,0.5,0.517,0,0
598009,145,3,0,3,0,3,0,153.4,140.2,113.6,141.0,0.632,0.5,0.0,0.143,139.75,0.0,1.0,0.222,0,1
598010,114,0,0,0,0,0,1,146.6,177.4,139.0,132.0,0.56,0.412,0.0,0.0,153.53,0.385,0.448,0.0,0,1
598012,165,5,7,0,3,3,3,145.8,146.2,175.4,152.6,0.565,0.4,0.636,0.643,158.54,0.3,0.333,0.636,0,0
598011,183,3,1,2,1,3,1,164.6,161.8,115.6,135.4,0.565,0.55,0.0,0.143,144.73,0.529,0.524,0.5,1,1
598013,180,0,0,0,0,3,2,152.4,152.8,133.0,127.5,0.6,0.524,0.0,0.0,140.22,0.818,0.586,0.0,1,1
598014,124,3,6,1,2,2,2,127.6,128.6,148.4,144.8,0.55,0.294,0.632,0.476,149.08,0.562,0.0,0.654,0,0
598015,159,1,3,1,2,1,3,119.0,138.0,171.2,155.8,0.0,0.143,0.667,0.643,158.74,0.364,0.0,0.647,1,1
598016,157,4,5,1,2,2,3,125.2,125.8,156.0,150.4,0.55,0.294,0.6,0.545,161.17,0.545,0.522,0.667,1,0
598018,119,1,0,1,0,2,2,132.8,138.0,130.4,137.8,0.0,0.0,0.0,0.25,0.0,0.0,0.0,0.0,1,0
598019,179,4,5,1,2,3,3,148.4,144.0,168.6,157.8,0.65,0.476,0.565,0.571,148.19,0.588,0.667,0.5,1,1
598020,169,6,4,2,1,2,0,153.8,160.4,143.8,154.0,0.667,0.643,0.56,0.389,152.23,0.385,0.667,0.433,1,1
598021,123,0,0,0,0,2,2,132.0,132.4,131.4,138.8,0.55,0.294,0.0,0.0,156.65,0.417,1.0,0.5,0,1
598022,119,4,6,2,1,2,3,148.2,143.8,149.6,138.6,0.562,0.545,0.667,0.655,140.75,0.818,0.6,0.75,0,1
598023,117,4,5,1,2,4,2,151.8,129.8,153.4,152.6,0.65,0.5,0.542,0.4,153.92,0.538,0.667,0.516,0,0
598024,161,6,5,1,2,3,0,157.2,156.2,134.8,162.0,0.565,0.571,0.56,0.389,151.39,0.385,0.5,0.419,0,1
598025,185,3,2,1,2,2,2,131.2,136.4,128.4,128.8,0.0,0.25,0.55,0.278,160.92,0.5,0.5,0.542,0,0
598026,185,4,7,0,3,3,4,142.2,122.4,146.6,132.8,0.65,0.5,0.667,0.655,158.42,0.364,0.25,0.629,0,1
598059,120,5,5,2,1,1,2,135.8,161.2,145.6,146.0,0.56,0.389,0.571,0.278,151.75,0.385,0.438,0.5,0,0
598027,263,3,0,3,0,3,2,152.0,150.0,148.4,153.6,0.56,0.4,0.0,0.25,152.89,0.556,0.531,0.0,1,0
598029,159,2,8,1,2,1,3,146.2,143.0,158.6,158.0,0.562,0.522,0.565,0.545,140.13,0.818,0.581,0.75,0,1
598030,159,0,0,0,0,3,4,130.8,137.4,156.0,142.2,0.0,0.0,0.667,0.655,159.15,0.364,0.0,0.639,0,1
598031,149,5,5,2,1,3,1,142.2,142.2,153.0,146.6,0.591,0.278,0.562,0.5,140.77,0.818,0.5,0.562,0,1
598032,144,0,0,0,0,3,2,130.4,137.0,150.4,134.6,0.0,0.0,0.65,0.478,147.73,0.588,0.0,0.679,0,1
598033,194,6,6,1,2,3,3,161.4,162.0,172.2,144.4,0.565,0.545,0.56,0.4,145.44,0.529,0.545,0.667,1,1
598034,200,7,4,2,1,4,2,154.8,141.0,152.2,144.8,0.667,0.655,0.562,0.5,159.16,0.364,0.649,0.4,1,0
598035,164,2,1,2,1,1,1,126.8,143.6,145.4,177.2,0.56,0.389,0.0,0.25,0.0,0.0,0.0,0.0,1,0
598036,171,6,4,2,1,2,3,167.8,152.4,150.6,133.8,0.56,0.4,0.65,0.478,147.64,0.588,0.75,0.69,0,0
598037,174,4,6,1,2,3,3,158.4,156.2,147.2,147.0,0.565,0.565,0.591,0.263,146.19,0.529,0.565,0.5,1,1
598038,164,3,2,1,2,5,1,167.8,146.4,146.8,173.4,0.667,0.655,0.0,0.25,140.36,0.0,0.0,0.3,1,1
598039,129,0,0,0,0,3,2,156.6,161.8,136.2,143.4,0.565,0.583,0.0,0.0,155.14,0.417,1.0,0.667,0,1
598040,136,6,4,3,0,1,2,153.4,158.4,136.8,150.4,0.529,0.5,0.56,0.389,156.5,0.0,0.0,1.0,0,1
598041,186,7,3,1,2,5,2,166.8,155.2,149.8,151.2,0.667,0.667,0.591,0.263,160.03,0.333,0.658,0.333,1,1
598042,187,4,0,3,0,2,0,169.0,153.8,140.4,179.2,0.56,0.4,0.0,0.25,140.79,0.0,1.0,0.273,1,1
598043,132,5,5,2,1,3,1,160.0,143.2,150.0,154.4,0.667,0.478,0.529,0.48,141.03,0.818,0.25,0.576,0,1
598044,80,0,1,0,1,3,3,133.8,147.2,135.8,133.2,0.56,0.389,0.0,0.0,153.98,0.417,1.0,0.75,0,1
598046,139,7,5,2,1,3,5,164.0,152.0,179.2,165.6,0.565,0.56,0.667,0.677,147.15,0.529,0.583,0.4,1,1
598047,178,1,3,1,2,0,2,152.8,192.8,150.6,151.4,0.0,0.25,0.667,0.458,148.45,0.611,0.0,0.7,0,1
598064,190,5,5,1,2,3,2,176.0,157.4,159.4,163.0,0.56,0.455,0.591,0.263,161.9,0.538,0.667,0.56,0,0
598049,154,6,5,2,1,3,3,133.2,129.6,163.6,162.4,0.56,0.368,0.667,0.458,149.47,0.611,0.333,0.71,0,1
598050,170,9,2,2,1,4,2,159.6,134.8,152.8,156.0,0.565,0.577,0.529,0.48,145.79,0.529,0.6,0.333,1,1
598051,223,1,0,1,0,4,3,157.8,156.4,128.2,127.6,0.667,0.677,0.0,0.0,150.78,0.417,1.0,0.8,1,0
598052,145,3,7,0,3,2,4,161.0,164.0,157.6,156.0,0.609,0.263,0.667,0.458,163.06,0.571,0.577,0.5,0,0
598053,152,3,0,3,0,2,0,142.0,157.6,151.4,192.0,0.529,0.48,0.0,0.222,143.69,0.0,1.0,0.25,1,1
598054,183,4,5,2,0,2,2,189.4,172.8,131.0,128.4,0.56,0.455,0.56,0.35,150.8,0.429,0.5,0.424,1,0
598055,112,1,4,1,2,0,4,146.0,169.8,161.2,124.0,0.0,0.222,0.565,0.593,142.64,0.0,0.231,1.0,0,1
598056,150,1,0,1,0,2,1,132.0,147.6,165.8,169.4,0.0,0.0,0.609,0.263,162.43,0.6,0.0,0.556,1,0
598057,115,6,5,1,2,2,2,173.4,182.0,142.4,149.0,0.56,0.455,0.529,0.5,0.0,0.0,0.0,0.0,0,0
598058,141,8,4,3,0,4,4,170.4,153.8,157.8,156.2,0.667,0.677,0.682,0.458,149.62,0.611,0.667,0.719,0,0
598060,178,1,0,1,0,3,4,130.2,139.6,145.6,119.2,0.0,0.0,0.565,0.593,145.5,0.529,0.0,0.615,0,1
598045,174,5,6,1,2,2,1,169.2,166.4,160.0,169.4,0.56,0.455,0.583,0.263,154.22,0.536,0.545,0.5,0,0
598062,168,7,4,3,0,3,2,158.6,145.4,142.8,140.8,0.667,0.677,0.538,0.35,160.49,0.333,0.667,0.4,1,1
598063,166,5,5,2,1,4,4,147.6,120.8,152.0,150.2,0.565,0.593,0.696,0.458,146.68,0.529,0.63,0.667,1,0
598061,170,0,4,0,3,0,3,138.6,160.2,128.4,132.0,0.0,0.2,0.556,0.5,115.5,1.0,0.0,1.0,1,0
598028,171,6,5,1,2,2,1,161.2,169.4,137.0,144.6,0.6,0.263,0.538,0.35,160.43,0.667,0.429,0.5,1,0
598065,136,0,1,0,1,3,4,137.0,147.2,156.0,156.8,0.0,0.0,0.667,0.458,152.19,0.385,0.667,0.667,1,1
598066,183,6,5,1,2,3,5,161.2,165.0,155.0,125.2,0.6,0.263,0.565,0.593,161.31,0.571,0.5,0.0,1,0
598068,106,5,8,0,3,2,3,169.8,167.0,159.4,147.0,0.56,0.455,0.667,0.688,154.81,0.552,0.529,0.5,1,0
598067,172,1,3,1,2,1,0,147.2,160.0,142.4,151.6,0.0,0.2,0.519,0.35,140.73,0.0,0.214,0.5,1,1
598069,130,1,0,1,0,3,3,133.8,138.6,138.2,144.0,0.526,0.5,0.0,0.2,151.08,0.385,1.0,0.714,0,1
598070,192,5,8,1,2,2,4,138.6,134.0,153.8,146.0,0.615,0.688,0.542,0.593,151.69,0.4,0.75,0.4,1,1
598071,132,1,1,1,1,3,3,148.4,154.0,142.2,148.4,0.0,0.2,0.667,0.458,152.16,0.4,1.0,0.25,0,1
598072,165,5,6,1,2,3,3,138.2,144.0,148.6,163.4,0.667,0.458,0.542,0.593,140.78,0.818,0.2,0.8,0,1
598073,148,8,6,2,1,3,3,159.2,174.0,161.2,135.0,0.542,0.593,0.615,0.697,141.53,0.818,0.833,0.8,1,1
729279,163,2,10,1,2,2,3,133.2,138.6,152.0,163.4,0.526,0.481,0.542,0.607,0.0,0.0,0.0,0.0,1,1
729281,145,5,5,0,2,0,2,153.2,169.8,153.6,149.4,0.519,0.35,0.56,0.455,0.0,0.0,0.0,0.0,0,0
729285,133,1,2,1,2,3,2,145.6,136.4,141.8,148.8,0.0,0.167,0.667,0.44,142.5,0.0,0.0,0.0,0,0
729283,205,8,3,2,1,2,3,141.6,135.4,159.0,153.6,0.615,0.697,0.6,0.263,138.25,1.0,0.0,0.0,0,1
729287,115,7,6,2,1,2,3,143.2,165.6,144.8,139.6,0.542,0.607,0.577,0.455,0.0,0.0,0.0,0.0,0,0
729289,166,6,5,2,1,3,0,144.8,129.0,151.4,168.0,0.526,0.5,0.519,0.35,115.5,1.0,0.0,0.0,0,1
729291,191,8,3,3,0,2,4,140.0,147.2,171.2,165.2,0.68,0.44,0.6,0.263,145.5,1.0,0.0,0.0,0,0
729293,177,8,4,3,0,2,1,154.4,147.8,149.0,164.6,0.615,0.676,0.519,0.35,160.67,1.0,0.0,0.0,1,1
729295,193,0,2,0,2,5,2,185.8,173.4,142.2,139.4,0.615,0.263,0.0,0.167,168.75,1.0,1.0,0.0,1,0
729297,140,8,5,2,1,2,2,156.2,137.6,147.8,152.6,0.615,0.686,0.68,0.44,141.0,1.0,0.0,0.0,1,0
729299,150,6,6,2,1,2,3,147.6,141.2,131.4,126.8,0.526,0.483,0.593,0.455,164.83,0.667,0.0,1.0,1,0
729301,184,2,0,2,0,2,1,130.8,141.2,138.8,166.4,0.0,0.167,0.519,0.35,139.5,0.5,0.0,1.0,1,1
729303,141,9,6,2,1,2,3,139.6,152.2,167.8,143.0,0.542,0.607,0.615,0.686,150.12,0.5,0.0,1.0,0,1
729305,70,6,5,2,1,3,2,138.0,133.6,151.8,153.4,0.571,0.455,0.654,0.44,153.12,1.0,0.0,1.0,0,0
729307,132,5,6,1,2,5,2,189.2,162.8,154.4,147.8,0.615,0.263,0.526,0.483,136.6,1.0,1.0,1.0,1,0
729309,125,6,6,1,2,2,1,139.0,142.2,142.0,169.0,0.542,0.586,0.519,0.35,160.88,0.5,0.0,0.0,0,1
729311,145,0,2,0,2,2,3,140.4,154.6,157.8,142.4,0.0,0.286,0.615,0.686,153.8,0.5,0.0,0.0,0,1
729313,124,5,7,0,3,3,5,117.2,112.6,181.4,151.8,0.571,0.455,0.615,0.263,148.4,0.5,1.0,0.0,0,0
729317,172,1,1,1,1,1,1,143.0,157.8,130.2,134.4,0.0,0.25,0.542,0.567,144.58,0.667,1.0,0.0,1,0
733971,148,8,4,2,1,4,2,162.0,141.8,148.0,144.2,0.615,0.686,0.5,0.483,141.0,0.5,0.0,0.5,1,1
733975,152,6,6,1,2,2,2,140.4,159.6,136.4,137.6,0.519,0.35,0.667,0.423,151.64,0.4,0.412,0.4,0,0
733973,168,7,5,1,2,5,0,170.2,150.0,132.0,143.8,0.63,0.263,0.52,0.567,147.08,0.5,0.4,0.643,0,1
733977,155,0,1,0,1,2,2,151.0,162.2,120.8,121.6,0.0,0.25,0.571,0.455,153.12,0.533,0.0,0.543,0,0
733979,170,5,6,1,1,2,1,140.6,141.4,138.2,149.4,0.679,0.423,0.5,0.483,152.62,1.0,0.75,0.0,1,0
733981,178,4,9,0,3,2,5,141.8,161.6,150.6,123.4,0.519,0.35,0.615,0.694,151.7,0.438,0.4,0.8,0,0
733983,187,7,7,1,2,1,2,141.6,144.8,123.2,123.6,0.52,0.567,0.586,0.455,147.77,0.5,0.655,0.5,1,0
733985,160,6,6,2,1,1,1,144.0,164.6,137.0,150.0,0.519,0.35,0.476,0.483,152.43,0.471,0.389,0.667,0,1
733987,231,4,8,1,2,4,5,162.6,143.0,151.4,142.2,0.63,0.25,0.643,0.694,159.75,0.5,0.0,0.0,1,0
733989,134,1,3,1,2,2,3,155.4,166.8,136.4,134.8,0.0,0.25,0.679,0.423,155.1,0.5,0.0,0.8,1,0
733991,198,8,5,3,0,4,1,170.2,142.2,133.6,138.0,0.63,0.25,0.567,0.455,153.22,0.548,0.6,0.556,1,0
733993,143,0,3,0,3,1,3,159.2,161.4,158.0,148.6,0.519,0.333,0.0,0.25,152.64,0.471,0.378,0.5,0,0
733995,157,9,7,1,2,2,4,156.0,155.2,160.8,161.8,0.52,0.567,0.6,0.694,148.67,0.474,0.667,0.333,0,0
733999,190,6,6,1,2,1,3,137.2,147.6,130.2,133.6,0.548,0.455,0.655,0.423,153.97,0.531,0.541,0.5,0,1
733997,149,6,6,2,1,4,1,171.2,151.2,139.2,152.4,0.63,0.25,0.476,0.483,169.6,0.333,0.5,1.0,0,0
734001,157,2,1,2,1,3,2,130.0,141.2,159.2,158.8,0.333,0.25,0.52,0.567,150.31,0.385,0.75,0.667,0,1
734003,148,5,9,1,2,3,4,154.2,157.6,164.4,165.0,0.655,0.423,0.625,0.694,137.67,0.5,0.0,1.0,0,1
734005,186,6,5,2,0,1,1,161.2,171.6,151.8,133.4,0.548,0.417,0.519,0.333,154.91,0.531,0.526,0.5,1,0
734009,141,10,3,2,1,3,2,166.2,165.0,147.4,155.8,0.52,0.567,0.5,0.483,166.25,0.5,0.0,1.0,0,0
734007,205,2,1,2,1,3,3,132.4,144.0,174.6,159.4,0.333,0.222,0.63,0.25,150.61,0.385,0.667,0.75,0,0
734011,201,7,6,3,0,3,0,153.4,157.0,160.6,145.6,0.655,0.407,0.5,0.333,148.92,0.333,0.667,1.0,1,0
734013,138,8,6,2,1,4,2,165.0,165.6,173.6,180.2,0.625,0.694,0.548,0.417,140.38,0.5,1.0,0.0,0,1
734015,142,1,1,1,1,2,3,139.0,154.8,145.4,153.6,0.333,0.222,0.522,0.483,152.66,0.429,0.6,0.667,0,1
734017,178,7,5,2,1,3,3,163.0,159.0,162.4,154.4,0.52,0.567,0.655,0.407,151.93,0.25,0.0,0.714,1,1
734019,164,5,7,1,2,0,3,158.0,154.6,191.4,175.6,0.483,0.333,0.643,0.25,151.16,0.5,0.368,0.6,0,0
734021,160,2,0,2,0,2,2,170.4,176.8,136.4,152.4,0.548,0.417,0.333,0.2,152.36,0.429,0.25,0.545,0,1
734023,154,9,4,3,0,3,4,163.0,171.2,151.8,152.4,0.625,0.676,0.522,0.483,141.39,0.818,0.667,0.588,0,0
734025,156,7,6,1,2,4,3,190.8,174.4,164.6,156.0,0.655,0.25,0.52,0.581,161.45,0.562,0.536,0.25,0,0
734027,195,7,6,2,1,5,2,151.0,149.2,168.8,171.6,0.542,0.483,0.548,0.385,141.76,0.833,0.6,0.25,1,0
734029,185,3,0,3,0,2,2,157.6,166.8,141.8,164.0,0.625,0.676,0.333,0.2,140.3,0.5,0.667,0.0,0,0
734031,173,6,7,1,2,3,0,159.0,153.6,155.2,151.4,0.538,0.581,0.483,0.333,148.96,0.5,0.645,0.25,1,0
734033,179,4,8,1,2,3,2,175.8,168.8,159.0,158.0,0.655,0.25,0.655,0.407,161.31,0.588,0.517,0.6,1,0
734035,154,7,8,2,1,2,2,168.6,171.0,157.2,158.4,0.531,0.385,0.625,0.676,155.49,0.515,0.538,0.4,0,0
734037,160,1,2,1,2,2,5,170.8,172.4,157.8,150.2,0.5,0.2,0.542,0.483,142.76,0.769,0.0,0.611,0,0
734039,115,5,8,0,3,0,3,154.8,153.8,172.0,168.2,0.467,0.333,0.655,0.25,161.63,0.556,0.5,0.533,0,0
734041,189,5,8,0,3,2,4,171.2,167.0,162.2,153.2,0.633,0.407,0.538,0.581,149.43,0.476,0.5,0.656,0,0
734043,163,7,6,2,1,5,4,160.0,152.4,166.0,161.2,0.56,0.483,0.667,0.25,143.22,0.786,0.622,0.4,1,0
734045,173,9,8,1,2,4,2,169.2,159.6,157.2,157.8,0.556,0.581,0.647,0.676,167.5,1.0,0.857,0.0,0,0
734047,226,5,8,2,1,3,2,150.8,152.8,162.6,162.8,0.645,0.25,0.667,0.676,150.61,0.5,0.333,0.429,1,0
734049,199,6,8,1,2,3,5,163.0,160.4,164.2,151.2,0.645,0.25,0.56,0.483,155.52,0.529,0.667,0.4,0,0
829705,168,10,4,1,2,4,5,175.6,166.4,175.0,162.6,0.556,0.581,0.577,0.483,143.36,0.733,0.857,0.632,0,0
829707,150,10,4,3,0,2,0,175.4,179.6,149.2,168.8,0.632,0.676,0.467,0.333,160.27,0.333,0.675,0.333,1,0
829709,162,8,5,1,2,1,3,170.8,168.0,171.6,168.6,0.633,0.407,0.645,0.25,113.5,0.0,0.0,0.0,1,0
829711,209,3,1,2,1,3,2,174.6,178.2,171.4,172.6,0.632,0.676,0.5,0.2,160.01,0.308,0.683,0.0,1,1
829713,177,8,6,3,0,5,2,177.8,165.4,161.4,164.8,0.593,0.483,0.531,0.385,143.99,0.75,0.641,0.2,0,0
829715,184,6,8,0,3,0,2,145.0,161.6,173.6,165.4,0.452,0.333,0.633,0.407,151.49,0.526,0.359,0.5,0,0
829717,177,7,7,1,2,2,3,163.0,168.4,173.6,169.8,0.625,0.25,0.556,0.581,152.32,0.478,0.429,0.667,1,0
829719,166,2,1,2,1,2,2,160.0,166.2,163.2,172.2,0.545,0.385,0.5,0.2,156.57,0.543,0.525,0.0,0,0
829721,164,9,5,3,0,2,2,173.6,174.0,170.6,174.4,0.536,0.581,0.645,0.407,153.62,0.25,1.0,0.625,0,1
829725,165,9,5,3,0,2,0,174.6,177.2,154.0,158.6,0.625,0.25,0.452,0.333,131.25,0.0,0.0,0.0,0,1
829727,127,2,3,1,2,3,3,169.2,176.2,173.0,171.6,0.6,0.2,0.645,0.407,148.0,0.0,0.0,0.0,0,0
829729,183,9,9,0,3,1,4,171.8,175.4,179.4,173.2,0.536,0.562,0.632,0.684,152.74,0.458,0.647,0.375,0,1
829731,167,0,4,0,3,1,2,155.0,158.6,162.4,170.4,0.452,0.333,0.6,0.2,141.67,0.5,0.0,0.0,1,1
829733,155,6,9,0,3,2,4,180.6,178.4,174.2,168.2,0.625,0.238,0.593,0.483,143.17,0.0,0.0,0.0,0,0
829735,156,10,5,2,1,4,4,185.2,179.0,166.6,161.2,0.632,0.684,0.656,0.407,154.83,0.25,0.0,0.667,0,1
829737,209,8,7,2,1,0,1,169.4,175.4,164.8,173.0,0.536,0.545,0.545,0.385,156.86,0.556,0.667,0.512,1,0
829739,146,6,7,2,1,2,4,156.8,156.6,173.8,167.2,0.452,0.364,0.607,0.483,152.29,0.55,0.35,0.75,0,0
829743,176,1,3,1,2,1,4,157.2,166.8,170.6,169.4,0.6,0.2,0.621,0.483,147.5,0.5,0.0,0.0,1,0
829745,181,9,7,1,2,3,1,181.2,175.8,171.0,182.6,0.632,0.667,0.529,0.385,157.84,0.541,0.5,0.5,1,0
829747,190,7,7,2,1,2,1,163.0,162.2,176.6,178.4,0.452,0.364,0.536,0.545,152.15,0.571,0.341,0.333,1,0
829749,130,7,6,3,0,4,1,166.0,164.4,168.8,179.8,0.656,0.407,0.514,0.385,158.27,0.2,0.636,0.0,0,0
829751,157,2,2,2,1,1,2,173.6,182.4,160.4,154.8,0.517,0.545,0.6,0.2,153.59,0.458,0.629,0.0,1,1
829753,192,8,6,0,3,4,1,177.0,161.4,164.8,168.0,0.632,0.667,0.606,0.238,160.63,0.308,0.69,0.25,1,1
829757,95,5,7,0,3,3,2,171.2,162.8,164.8,173.8,0.452,0.364,0.528,0.385,152.59,0.545,0.357,0.6,0,0
829759,150,2,2,1,2,2,1,155.0,144.4,156.6,174.0,0.6,0.2,0.606,0.238,160.19,0.579,1.0,0.548,1,0
829765,134,9,5,2,1,4,3,185.4,150.6,150.8,164.8,0.632,0.675,0.6,0.483,160.24,0.308,0.698,0.333,1,0
829723,165,10,5,2,1,4,2,170.4,144.2,143.2,158.0,0.632,0.675,0.581,0.483,144.8,0.765,0.571,0.625,0,0
829769,187,9,6,2,1,2,3,173.2,174.4,154.8,154.4,0.517,0.559,0.656,0.407,153.43,0.458,0.639,0.4,1,0
829767,118,9,6,2,1,0,3,147.2,172.2,153.4,145.4,0.588,0.238,0.452,0.364,151.36,0.565,0.667,0.349,0,0
829771,111,8,7,2,1,3,2,141.6,155.2,155.6,123.0,0.594,0.483,0.541,0.385,156.79,0.513,0.5,0.477,0,0
829773,192,1,4,1,2,2,3,150.6,137.2,165.6,141.4,0.6,0.2,0.632,0.675,152.63,0.429,0.583,1.0,1,0
829775,172,7,8,2,1,3,0,177.8,177.2,137.8,162.2,0.517,0.559,0.588,0.238,159.56,0.55,0.4,0.531,1,1
829777,189,9,6,3,0,2,3,157.6,159.0,143.4,136.0,0.636,0.407,0.469,0.364,168.38,1.0,0.0,0.0,1,0
829779,148,10,7,2,1,3,3,168.4,148.4,140.4,103.4,0.6,0.675,0.553,0.385,159.63,0.286,0.705,0.286,1,1
829781,167,3,2,2,1,2,3,132.0,147.2,163.6,145.0,0.594,0.483,0.6,0.2,145.31,0.778,0.634,0.0,1,0
829783,152,8,7,2,1,2,4,145.0,141.2,175.6,169.2,0.455,0.364,0.517,0.571,154.15,0.44,0.2,0.649,0,1
829785,226,5,9,0,3,3,0,134.4,96.8,136.6,164.8,0.553,0.385,0.588,0.238,155.86,0.525,0.489,0.571,1,0
829787,201,2,4,1,2,3,2,157.4,145.0,169.2,168.6,0.5,0.2,0.636,0.407,169.89,0.75,0.0,0.5,1,0
829761,171,8,6,2,1,2,2,136.0,144.4,146.2,142.4,0.594,0.483,0.455,0.348,145.41,0.737,0.643,0.25,1,1
829789,158,10,9,3,0,3,4,161.8,142.4,164.4,161.4,0.6,0.683,0.517,0.571,159.12,0.286,0.711,0.4,0,1
829791,183,6,10,0,3,0,3,116.0,171.8,150.0,140.8,0.571,0.238,0.594,0.5,145.83,0.737,0.333,0.651,0,1
829793,163,4,1,2,1,3,1,162.4,163.6,139.8,146.0,0.5,0.2,0.455,0.348,146.5,0.0,0.0,1.0,1,1
829795,235,7,9,1,2,3,5,152.8,88.4,165.6,155.0,0.553,0.385,0.517,0.571,154.11,0.44,0.4,0.658,1,1
829797,157,10,6,2,1,2,1,155.0,155.2,176.6,177.6,0.6,0.667,0.618,0.407,159.11,0.286,0.696,0.2,1,1
829799,185,3,2,1,2,4,0,167.6,163.6,133.6,170.2,0.5,0.273,0.571,0.227,153.55,0.4,0.615,0.8,1,1
829801,119,11,4,3,0,2,1,159.6,157.8,152.2,158.8,0.6,0.674,0.455,0.348,151.0,0.0,0.0,0.667,0,1
829803,106,9,6,2,1,0,3,143.6,177.2,180.0,108.6,0.571,0.227,0.553,0.429,159.59,0.55,0.515,0.5,1,0
829805,171,10,5,0,3,4,4,173.4,174.6,160.4,150.6,0.517,0.571,0.594,0.5,155.53,0.44,0.641,0.25,1,0
829807,135,2,2,2,1,4,3,174.6,173.6,156.8,129.8,0.5,0.333,0.538,0.429,154.45,0.4,0.643,0.2,0,1
829811,199,6,6,1,1,1,3,167.4,170.8,159.8,151.8,0.618,0.407,0.576,0.5,172.65,0.6,0.333,0.0,1,1
829809,130,6,9,2,1,1,2,141.2,170.2,150.4,148.0,0.571,0.227,0.6,0.659,157.69,0.524,0.529,0.667,0,1
829815,113,2,3,1,2,3,4,163.2,156.2,170.2,172.0,0.5,0.308,0.517,0.571,153.08,0.4,0.6,0.75,0,1
829817,187,10,10,1,2,4,3,158.6,164.8,143.2,135.6,0.517,0.571,0.6,0.659,155.83,0.423,0.65,0.444,1,1
829819,180,7,7,1,2,3,2,126.0,142.4,181.2,182.0,0.525,0.429,0.618,0.429,146.62,0.333,0.0,1.0,1,1
829821,139,7,11,0,3,3,2,116.8,146.6,146.0,148.2,0.525,0.467,0.6,0.659,148.08,0.667,0.5,0.5,0,0
829823,202,11,10,2,1,4,3,165.4,166.8,142.4,144.2,0.517,0.583,0.619,0.659,146.65,0.737,0.75,0.5,1,0
980901,121,0,0,0,0,4,0,174.0,167.4,0.0,0.0,0.517,0.583,0.0,0.0,156.24,0.423,0.659,0.0,0,1
980903,98,6,9,0,3,1,3,154.8,121.6,175.6,168.6,0.455,0.348,0.576,0.5,147.39,0.7,0.2,0.659,0,0
980905,161,0,0,0,0,1,0,137.4,162.6,0.0,0.0,0.571,0.217,0.0,0.0,156.96,0.524,0.514,0.0,0,0
980907,227,3,2,1,2,2,3,97.6,135.4,159.4,145.6,0.525,0.467,0.5,0.286,154.63,0.5,0.489,0.333,1,0
980909,187,5,11,2,1,3,4,162.0,161.8,159.0,145.6,0.588,0.5,0.517,0.568,146.38,0.714,0.667,0.778,0,0
980911,163,0,0,0,0,1,1,126.0,121.0,162.0,161.0,0.0,0.0,1.0,0.0,0.0,0.0,0.0,0.0,0,1
980913,111,9,7,1,2,1,1,152.0,149.8,144.0,110.8,0.571,0.217,0.455,0.348,150.64,0.583,0.571,0.364,0,0
980915,142,2,4,1,2,2,2,155.6,152.2,165.2,167.8,0.429,0.286,0.588,0.5,151.91,0.4,0.562,0.75,0,1
980917,143,0,0,0,0,4,2,162.4,149.8,163.0,162.0,0.533,0.568,1.0,0.0,155.53,0.423,0.643,0.0,0,0
980921,191,8,5,2,0,3,2,126.2,150.6,135.0,98.8,0.525,0.467,0.471,0.348,155.63,0.488,0.5,0.333,0,0
980919,152,0,0,0,0,1,1,144.5,142.5,137.6,135.6,0.0,0.0,0.571,0.217,157.08,0.545,0.0,0.5,0,1
980923,142,4,2,3,0,3,1,168.2,156.6,151.4,150.0,0.533,0.568,0.429,0.267,151.69,0.4,0.8,0.529,0,0
980925,138,6,11,0,3,2,2,132.2,129.0,157.6,159.6,0.571,0.217,0.588,0.5,156.96,0.545,0.514,0.5,0,0
980927,170,8,9,1,2,2,2,147.8,162.0,159.2,153.2,0.525,0.467,0.533,0.568,155.31,0.444,0.5,0.628,0,0
980929,135,0,0,0,0,3,1,157.67,155.67,143.4,142.4,1.0,0.0,0.5,0.267,163.5,0.0,1.0,0.0,0,0
980931,185,0,0,0,0,2,1,181.4,158.8,147.0,146.0,0.525,0.467,0.0,0.0,146.2,0.333,1.0,0.0,1,0
980933,164,8,8,1,2,3,2,142.0,104.4,153.0,155.0,0.486,0.348,0.548,0.568,149.82,0.6,0.378,0.286,1,0
980935,143,2,4,1,2,1,2,138.6,140.4,143.8,152.8,0.571,0.217,0.556,0.267,151.46,0.438,0.667,0.556,0,0
980937,180,0,0,0,0,2,3,182.4,171.4,152.0,151.0,0.525,0.467,1.0,0.0,149.75,1.0,0.0,0.5,0,1
980939,160,0,0,0,0,1,3,153.25,155.75,152.6,153.0,0.0,0.0,0.6,0.5,151.58,0.25,0.0,1.0,0,0
980941,189,8,8,2,1,2,1,159.6,162.6,141.2,142.8,0.531,0.568,0.571,0.217,156.5,0.565,0.5,0.5,1,0
980943,118,0,0,0,0,3,1,150.4,158.6,154.6,157.0,0.6,0.267,0.0,0.0,151.27,0.471,0.579,0.0,0,0
980945,172,0,0,0,0,4,3,158.0,156.8,150.8,111.4,1.0,0.0,0.486,0.348,150.01,0.577,0.0,0.391,1,0
980947,174,5,12,1,2,4,2,147.0,145.2,159.8,158.0,0.611,0.5,0.531,0.568,155.62,0.464,0.2,0.636,0,0
980949,195,0,1,0,1,1,4,148.2,156.4,160.0,158.8,0.5,0.0,1.0,0.0,152.93,0.4,0.0,0.0,0,0
980953,194,2,4,1,2,3,2,137.6,132.0,190.6,179.8,0.6,0.267,0.525,0.438,150.08,0.5,0.55,0.333,1,0
980951,186,6,10,0,3,3,3,147.6,145.4,162.0,161.2,0.472,0.348,0.611,0.5,150.45,0.556,0.383,0.8,1,0
980955,154,0,1,0,1,1,4,141.8,148.2,166.4,165.2,0.556,0.217,1.0,0.0,160.17,1.0,0.0,0.667,1,0
980957,159,1,0,1,0,1,3,154.6,162.8,166.8,163.4,0.5,0.0,0.545,0.568,158.25,0.5,0.0,0.0,0,0
980959,185,8,8,2,1,1,3,181.0,182.2,156.4,160.8,0.512,0.438,0.595,0.5,156.33,0.5,0.49,0.429,0,0
980961,149,1,0,1,0,3,4,163.2,167.4,165.2,157.4,0.75,0.0,0.472,0.348,155.75,0.5,0.5,0.0,0,0
980963,164,12,6,3,0,3,2,165.0,169.4,150.4,151.8,0.605,0.5,0.556,0.217,147.21,0.727,0.652,0.286,1,0
980965,162,0,0,0,0,4,1,172.6,165.0,156.0,164.4,0.486,0.348,0.5,0.0,150.89,0.536,0.396,0.0,0,0
980967,126,0,1,0,1,3,4,166.0,170.0,148.0,138.6,0.75,0.0,0.6,0.267,151.01,0.474,0.0,0.571,0,0
980969,191,0,1,0,1,2,1,154.8,159.8,179.8,181.6,0.667,0.0,0.512,0.438,156.92,0.511,0.0,0.48,0,0
980971,181,9,8,0,3,1,3,151.2,154.2,166.6,160.0,0.541,0.217,0.486,0.348,157.01,0.542,0.487,0.333,1,0
980973,177,3,4,1,2,4,4,144.8,135.4,170.6,166.2,0.636,0.267,0.559,0.568,145.7,0.333,0.333,1.0,1,0
980975,158,0,0,0,0,3,2,169.6,173.2,154.8,159.8,0.605,0.5,0.75,0.0,147.48,0.696,0.66,0.0,0,0
980977,175,6,10,1,2,2,2,184.8,185.6,159.8,160.4,0.524,0.438,0.541,0.217,157.5,0.52,0.4,0.5,1,0
980979,137,0,1,0,1,4,2,152.8,126.8,161.0,166.4,0.636,0.267,0.667,0.0,143.83,0.25,0.5,0.0,1,1
980981,151,8,10,1,2,2,3,182.8,186.0,154.8,167.6,0.524,0.438,0.543,0.568,157.6,0.522,0.49,0.714,0,0
980983,146,5,1,2,1,4,2,151.0,124.8,168.2,165.4,0.636,0.312,0.474,0.348,150.43,0.5,0.591,0.75,0,0
980985,124,9,8,2,1,4,2,154.6,165.0,166.0,166.2,0.556,0.568,0.526,0.217,142.57,0.25,0.5,0.0,0,1
980987,248,0,1,0,1,2,2,177.0,180.2,153.2,157.2,0.524,0.438,0.8,0.0,157.5,0.532,0.481,0.0,1,0
980989,103,0,1,0,1,1,2,168.8,170.2,168.8,174.0,0.667,0.0,0.605,0.5,147.75,0.708,0.0,0.646,0,1
980993,206,8,9,1,2,3,3,141.6,157.6,164.0,160.2,0.556,0.553,0.487,0.348,140.44,0.25,0.333,1.0,1,0
980991,179,2,5,0,3,3,4,158.6,153.2,156.6,136.0,0.526,0.217,0.636,0.312,157.91,0.5,0.488,1.0,0,1
980995,183,9,8,1,2,3,3,147.2,159.0,190.8,162.2,0.605,0.5,0.524,0.438,146.53,0.708,0.653,0.333,0,0
980997,121,0,1,0,1,2,1,152.0,169.6,150.4,144.2,0.475,0.348,0.667,0.0,143.28,0.2,0.5,0.0,0,0
980999,211,7,10,2,1,4,2,191.0,161.0,163.6,163.0,0.535,0.438,0.526,0.208,157.84,0.521,0.491,0.5,1,0
981001,124,0,1,0,1,3,1,152.0,159.0,134.8,167.8,0.605,0.5,0.667,0.0,0.0,0.0,0.0,0.0,0,0
981003,158,5,2,1,2,4,1,153.8,136.0,146.2,155.0,0.636,0.312,0.475,0.348,143.12,0.0,1.0,0.75,0,0
981005,172,1,0,1,0,2,2,156.2,172.4,133.8,136.2,0.513,0.208,0.75,0.0,138.8,0.333,1.0,0.5,0,1
981007,172,0,1,0,1,3,2,147.2,148.0,133.6,161.8,0.556,0.553,0.714,0.0,124.5,1.0,0.0,1.0,0,0
981009,171,5,2,2,1,2,3,139.0,147.0,159.6,143.0,0.605,0.5,0.636,0.312,147.25,0.72,0.64,0.0,1,0
981011,138,6,8,1,1,2,4,146.0,153.4,194.2,146.8,0.488,0.348,0.535,0.438,146.4,0.5,0.8,0.0,0,0
981013,158,1,1,1,1,3,4,138.4,166.2,187.0,139.6,0.75,0.0,0.545,0.438,157.97,0.51,0.0,0.5,0,0
981015,162,2,6,0,3,2,2,154.0,158.8,140.4,145.4,0.583,0.312,0.605,0.5,151.15,0.552,0.667,0.667,1,0
981017,162,0,2,0,2,3,2,144.8,172.2,159.0,160.2,0.75,0.0,0.583,0.312,151.14,0.533,1.0,0.75,0,0
981019,208,3,4,1,2,3,5,162.4,162.6,188.6,140.6,0.615,0.312,0.556,0.438,157.98,0.52,0.25,0.509,1,1
1082591,207,4,4,2,1,3,4,168.0,166.8,179.0,161.4,0.615,0.353,0.556,0.438,150.37,0.524,0.565,0.286,1,0
1082592,184,1,1,1,1,2,2,149.4,150.8,135.2,138.2,0.556,0.553,0.75,0.0,158.44,0.571,1.0,0.0,0,0
1082593,183,2,0,2,0,2,2,144.4,173.2,136.8,145.0,0.75,0.0,0.59,0.5,154.5,0.667,0.4,0.0,0,0
1082594,163,1,1,1,1,3,1,134.4,136.0,154.4,172.6,0.8,0.0,0.513,0.2,138.5,1.0,0.0,1.0,0,0
1082595,157,9,6,1,1,3,2,176.2,166.2,139.2,145.0,0.543,0.438,0.488,0.348,0.0,0.0,0.0,0.0,1,1
1082596,135,0,3,0,3,2,4,160.2,160.4,177.8,169.0,0.75,0.0,0.615,0.353,151.3,0.5,0.0,0.583,0,0
1082597,178,5,13,0,3,2,2,160.4,161.0,167.8,152.8,0.6,0.5,0.556,0.553,156.04,0.483,0.167,0.644,0,0
1082598,148,8,10,2,1,3,2,165.4,170.6,152.4,170.2,0.543,0.471,0.525,0.2,146.83,1.0,0.0,1.0,0,1
1082599,205,0,2,0,2,1,3,137.6,147.2,140.4,141.4,0.488,0.348,0.8,0.0,161.15,0.625,1.0,0.2,1,0
1082600,158,4,4,2,1,5,2,176.0,161.8,173.2,158.2,0.643,0.353,0.568,0.553,156.5,0.5,0.0,0.652,0,0
1082601,170,6,13,0,3,2,2,157.0,175.0,159.4,159.8,0.525,0.2,0.6,0.5,147.48,0.692,0.25,0.647,0,0
1082602,142,8,11,1,2,2,3,167.2,173.0,180.2,164.4,0.543,0.444,0.579,0.553,158.78,0.52,0.5,0.75,0,0
1082603,171,0,2,0,2,3,1,141.4,169.2,162.2,163.6,0.667,0.0,0.75,0.0,159.33,0.75,0.0,0.333,0,0
1082604,172,6,3,2,1,3,4,168.8,168.8,175.2,165.6,0.61,0.5,0.643,0.353,147.9,0.704,0.654,0.0,1,0
1082605,188,8,10,2,1,2,2,153.4,127.6,155.2,173.2,0.488,0.348,0.525,0.2,151.36,0.548,0.388,0.5,1,1
1082607,161,0,2,0,2,2,1,160.4,179.4,163.8,170.4,0.667,0.0,0.543,0.444,158.52,0.529,0.0,0.491,1,0
1082606,176,2,0,2,0,1,3,162.0,163.4,168.0,167.6,0.778,0.0,0.59,0.553,156.54,0.516,1.0,0.66,0,0
1082609,159,6,2,3,0,3,2,173.6,167.6,158.6,168.6,0.6,0.353,0.525,0.2,150.98,0.522,0.6,0.571,1,0
1082608,168,7,10,1,2,3,3,166.8,139.8,169.0,170.0,0.488,0.375,0.61,0.5,151.56,0.548,0.4,0.571,0,1
1082610,213,2,1,2,1,1,1,150.6,161.0,165.6,167.0,0.532,0.444,0.778,0.0,161.07,0.8,0.0,0.429,1,0
1082611,191,5,3,1,2,3,2,163.8,158.4,168.2,142.0,0.6,0.353,0.488,0.36,151.1,0.5,0.615,0.8,1,1
1082612,198,9,9,1,2,2,4,155.0,165.8,169.0,168.2,0.512,0.2,0.6,0.553,147.38,1.0,1.0,0.0,0,0
1082613,187,1,2,1,2,4,1,174.8,171.2,171.6,177.0,0.61,0.5,0.7,0.0,148.18,0.679,0.66,1.0,0,0
1082614,142,9,9,2,1,5,2,172.0,170.4,175.8,152.4,0.61,0.553,0.488,0.36,156.92,0.531,0.667,0.167,1,0
1082615,176,1,1,1,1,3,2,160.6,159.2,158.0,171.8,0.6,0.389,0.667,0.0,160.73,0.556,1.0,0.167,0,0
1082616,188,1,1,1,1,1,2,161.8,173.0,172.6,177.6,0.512,0.2,0.727,0.0,166.25,0.667,1.0,0.375,1,0
1082617,131,9,9,1,2,3,2,175.4,172.2,158.8,158.0,0.61,0.5,0.532,0.444,148.87,0.69,0.648,0.429,1,0
1082618,160,2,1,2,1,2,5,156.4,170.2,164.4,160.4,0.714,0.0,0.61,0.553,156.51,0.515,1.0,0.673,1,0
1082620,182,0,2,0,2,3,4,155.8,168.8,166.0,146.0,0.714,0.0,0.61,0.5,162.12,0.6,0.286,1.0,0,0
1082621,134,3,1,3,0,1,2,137.2,155.8,178.0,187.2,0.521,0.444,0.667,0.0,158.33,0.519,0.483,0.0,0,0
1082622,160,7,11,1,2,2,4,173.0,149.4,168.6,148.4,0.476,0.36,0.619,0.5,147.85,0.667,0.167,0.655,0,0
1082623,207,7,2,3,0,2,1,167.8,168.0,169.4,175.8,0.6,0.389,0.512,0.2,158.43,0.5,1.0,0.476,1,0
1082624,157,1,2,1,2,3,1,170.6,164.6,134.4,152.8,0.714,0.0,0.521,0.444,163.73,0.636,0.25,1.0,1,0
1082627,209,3,7,1,2,3,4,177.6,172.4,166.4,149.4,0.6,0.389,0.628,0.5,151.82,0.5,0.63,0.8,1,0
1082626,67,9,10,2,1,1,1,164.0,160.0,171.6,183.0,0.476,0.36,0.5,0.2,159.26,0.481,0.25,0.465,0,0
1082629,161,3,0,3,0,2,4,166.0,175.0,167.8,149.4,0.692,0.0,0.714,0.0,161.07,0.583,1.0,0.333,0,0
1082628,162,8,12,0,3,1,3,125.2,155.2,165.6,163.0,0.51,0.444,0.595,0.553,156.55,0.5,0.429,0.66,0,1
1082630,185,6,3,1,2,4,0,188.4,170.2,139.8,146.2,0.6,0.389,0.476,0.36,151.87,0.548,0.8,0.392,0,0
1082631,155,3,0,3,0,3,4,164.8,157.6,169.0,154.8,0.614,0.5,0.75,0.0,148.07,0.677,0.661,0.0,0,0
1082632,208,1,1,1,1,2,1,159.8,165.8,144.0,149.4,0.692,0.0,0.488,0.36,152.5,0.562,0.5,0.404,0,0
1082633,138,11,8,1,2,2,1,157.8,158.8,130.8,156.0,0.512,0.2,0.51,0.421,157.94,0.528,0.444,0.475,1,0
1082635,212,10,9,2,1,3,2,163.2,160.2,151.6,152.8,0.595,0.553,0.5,0.36,153.53,0.576,0.25,0.415,1,0
1082634,148,2,1,2,1,4,3,164.8,150.6,193.6,177.2,0.778,0.0,0.6,0.389,152.54,0.48,1.0,0.643,1,0
1082636,158,9,10,1,2,0,3,112.0,145.2,158.4,151.6,0.5,0.421,0.614,0.5,157.47,0.519,0.467,0.5,0,0
1082637,189,2,1,2,1,3,1,154.6,150.8,163.8,171.2,0.512,0.2,0.692,0.0,157.17,0.5,0.477,1.0,0,0
1082638,138,5,4,1,2,3,2,165.8,133.8,182.6,171.6,0.595,0.553,0.562,0.389,152.32,0.462,0.667,0.621,0,1
1082639,167,6,14,0,3,3,3,152.8,149.4,164.0,173.4,0.512,0.2,0.622,0.5,157.91,0.517,0.467,0.6,1,0
1082640,195,1,2,1,2,2,2,169.8,171.4,139.2,166.8,0.714,0.0,0.489,0.36,148.5,1.0,1.0,0.0,0,0
1082641,230,9,10,1,2,3,2,148.6,147.6,165.0,136.2,0.512,0.2,0.595,0.538,156.67,0.5,0.5,0.667,1,0
1082642,168,1,2,1,2,3,4,146.6,173.6,162.4,146.4,0.5,0.36,0.778,0.0,153.28,0.559,0.407,1.0,1,1
1082643,154,0,4,0,3,1,3,181.8,184.0,175.4,163.4,0.714,0.0,0.562,0.389,164.33,1.0,0.667,0.0,0,0
1082644,173,14,5,3,0,2,2,178.2,150.2,157.8,170.4,0.581,0.538,0.609,0.5,148.21,0.688,0.8,0.649,1,0
1082645,73,2,1,2,1,4,4,158.4,150.8,158.2,143.2,0.512,0.2,0.778,0.0,161.27,0.615,0.0,0.4,0,0
1082646,161,10,6,2,1,0,4,133.8,150.8,166.8,192.2,0.5,0.421,0.5,0.385,153.47,0.559,0.667,0.418,1,1
1082647,162,3,1,2,1,4,3,142.4,138.6,182.2,152.4,0.8,0.0,0.581,0.538,157.92,0.486,1.0,0.654,1,0
1082648,128,4,7,2,1,3,1,165.6,158.0,158.4,173.0,0.588,0.389,0.596,0.5,157.48,0.527,0.4,0.556,0,0
1082649,107,5,15,0,3,2,2,135.8,156.8,177.6,152.4,0.604,0.5,0.568,0.538,156.4,0.536,0.6,0.778,0,0
1082650,129,1,4,0,3,2,4,157.4,160.6,141.4,134.8,0.578,0.538,0.8,0.0,152.04,0.462,0.571,1.0,1,1
1136561,165,12,10,3,0,3,2,155.6,158.2,143.2,155.6,0.578,0.55,0.591,0.659,157.82,0.472,0.642,0.4,0,0
1136563,176,9,11,1,2,1,2,139.2,154.0,126.2,147.4,0.5,0.45,0.604,0.5,148.54,0.667,0.375,0.638,0,0
1136562,166,9,11,1,2,3,3,159.2,187.4,159.4,153.0,0.5,0.385,0.512,0.2,157.96,0.5,0.2,0.478,0,0
1136564,125,4,3,1,2,2,2,167.2,180.6,149.4,135.4,0.618,0.429,0.588,0.389,151.56,0.462,0.5,0.633,0,0
1136565,202,6,10,2,1,2,3,129.8,151.0,153.2,164.6,0.612,0.5,0.609,0.659,158.94,0.286,0.286,0.702,0,0
1136566,153,10,6,3,0,1,2,154.4,171.0,149.6,179.2,0.618,0.429,0.5,0.385,149.41,0.632,0.727,0.25,1,0
1136567,147,5,5,1,2,3,3,144.0,146.0,137.8,122.6,0.578,0.55,0.611,0.389,151.05,0.481,0.625,0.645,0,0
1136568,155,12,8,2,1,3,1,165.2,162.4,155.2,158.0,0.523,0.2,0.5,0.45,149.5,0.0,0.0,1.0,0,0
1136569,194,11,9,3,0,2,2,138.8,143.4,148.4,167.4,0.578,0.55,0.489,0.385,157.97,0.486,0.63,0.143,0,0
1136570,138,8,4,2,1,2,4,139.6,158.6,140.8,122.4,0.612,0.5,0.632,0.389,148.99,0.676,0.644,0.0,0,0
1136571,217,7,8,1,2,2,2,146.2,142.8,154.6,156.0,0.618,0.429,0.51,0.45,153.25,1.0,0.0,1.0,1,0
1136572,197,6,10,1,2,3,3,158.4,155.8,167.4,179.0,0.523,0.2,0.625,0.659,158.14,0.516,0.489,0.75,1,0
1136573,200,12,7,2,1,2,2,134.4,151.8,148.0,167.2,0.612,0.5,0.5,0.385,148.83,0.686,0.633,0.143,1,0
1136574,213,13,8,3,0,2,2,149.2,150.0,170.4,171.8,0.578,0.55,0.5,0.45,158.59,0.5,0.618,0.375,1,0
1136575,160,7,6,2,0,3,2,160.6,151.0,164.8,152.0,0.618,0.429,0.612,0.5,148.15,0.6,0.735,0.25,0,0
1136576,193,2,8,0,3,3,4,164.4,163.8,140.6,122.4,0.523,0.2,0.65,0.389,158.91,0.5,0.5,1.0,1,1
1136577,204,11,6,2,1,3,2,173.6,181.0,152.8,145.6,0.6,0.659,0.618,0.429,155.91,0.643,0.0,0.5,1,0
1136578,191,14,7,2,1,3,3,176.0,161.8,157.0,154.8,0.62,0.5,0.523,0.231,149.07,0.667,0.639,0.222,0,0
1136579,174,6,11,0,3,1,2,140.2,175.0,172.2,182.6,0.49,0.385,0.491,0.45,171.33,0.5,0.0,0.667,0,0
1136581,167,10,6,2,1,2,2,169.6,162.0,159.0,150.4,0.578,0.55,0.6,0.429,148.53,0.619,0.4,0.714,0,1
1136580,182,4,2,1,2,3,3,186.4,181.2,144.6,130.2,0.6,0.659,0.65,0.389,151.01,0.5,0.667,0.656,1,0
1136582,143,12,9,2,1,4,1,167.6,177.4,144.8,178.0,0.533,0.231,0.49,0.385,153.51,0.559,0.444,0.411,1,0
1136583,118,6,5,2,1,3,1,154.6,157.0,177.2,170.0,0.619,0.389,0.578,0.537,159.12,0.487,0.0,0.625,1,0
1136584,205,7,12,0,3,2,4,175.2,187.2,190.6,176.4,0.5,0.45,0.6,0.659,172.25,0.667,0.75,0.0,0,0
1136585,132,8,3,2,1,3,4,152.8,149.4,162.8,172.0,0.619,0.389,0.533,0.231,151.57,0.483,0.636,0.5,1,0
1136586,219,7,13,0,3,1,2,139.4,173.2,178.8,151.8,0.48,0.385,0.62,0.5,153.3,0.543,0.404,0.625,1,0
1136587,169,11,12,1,2,4,1,198.2,184.4,161.6,159.8,0.615,0.659,0.565,0.537,156.85,0.6,1.0,0.5,0,0
1136588,151,4,4,2,1,3,3,149.0,143.8,167.6,158.4,0.619,0.389,0.6,0.429,149.06,0.619,0.0,0.722,1,1
1136589,175,9,12,0,3,2,2,181.0,193.2,171.2,154.6,0.5,0.45,0.608,0.5,179.0,0.75,0.6,0.0,0,0
1136590,211,11,5,2,1,3,2,191.0,178.0,171.2,175.4,0.615,0.659,0.48,0.385,157.56,0.625,0.5,1.0,1,0
1136591,167,8,14,0,3,1,2,184.2,197.4,166.2,163.4,0.5,0.45,0.574,0.537,178.42,0.8,0.5,0.0,1,0
1136592,196,6,11,0,3,1,2,171.8,178.8,165.0,176.6,0.471,0.385,0.6,0.429,153.92,0.528,0.414,0.571,1,0
1136593,177,11,6,2,1,4,3,194.6,178.2,178.8,161.8,0.615,0.659,0.615,0.5,149.22,0.676,0.444,0.629,0,0
1136594,174,10,10,2,1,4,2,155.6,166.6,158.0,157.8,0.522,0.231,0.562,0.537,157.6,1.0,0.75,1.0,0,0
1136595,127,7,13,0,3,2,3,178.0,184.6,189.2,186.2,0.5,0.45,0.615,0.659,160.03,0.588,0.667,0.667,0,0
1136596,163,4,6,2,1,2,3,185.2,168.0,151.4,144.2,0.471,0.385,0.619,0.421,151.08,0.467,0.667,0.647,0,1
1136597,181,16,5,3,0,2,3,150.6,159.2,174.8,171.4,0.571,0.537,0.623,0.5,158.19,0.475,0.614,0.143,1,0
1136598,152,9,5,1,1,1,3,150.8,176.2,151.0,163.2,0.583,0.429,0.522,0.231,160.5,1.0,0.0,0.6,0,0
1136599,146,5,4,3,0,4,2,148.6,138.2,170.0,167.6,0.619,0.421,0.5,0.45,151.31,0.467,0.657,0.25,1,0
1136600,158,9,6,1,1,1,3,149.2,174.6,143.4,158.0,0.583,0.429,0.532,0.231,148.96,0.619,0.703,0.0,1,1
1136601,210,17,5,3,0,3,2,153.4,159.2,175.8,175.6,0.571,0.537,0.611,0.5,149.66,0.684,0.818,0.635,1,0
1136602,187,4,7,1,2,2,5,183.0,165.6,142.2,130.0,0.471,0.37,0.619,0.421,154.19,0.514,0.424,0.667,0,1
1136603,176,12,6,2,1,3,2,178.4,176.0,152.8,162.4,0.63,0.659,0.583,0.448,149.0,0.619,0.5,0.711,0,1
1136604,245,14,8,1,2,2,2,159.2,192.4,146.8,151.4,0.6,0.5,0.532,0.231,159.5,1.0,0.0,0.667,1,0
1136605,181,6,12,0,3,2,1,192.6,175.2,163.0,162.0,0.471,0.357,0.491,0.45,154.73,0.514,0.417,0.714,0,0
1136606,179,2,5,1,2,5,2,156.8,150.0,172.2,170.4,0.619,0.421,0.63,0.644,158.4,0.611,0.5,0.75,0,0
1136607,168,10,7,1,2,4,2,178.0,157.2,154.6,164.2,0.571,0.537,0.583,0.448,158.45,0.463,0.621,0.333,0,0
1136608,88,12,9,2,1,1,2,161.0,172.6,159.4,156.8,0.521,0.231,0.5,0.45,168.25,0.857,0.571,0.0,0,0
1136609,142,7,7,2,1,3,3,160.8,167.6,175.4,191.4,0.595,0.448,0.6,0.5,149.8,0.667,0.167,0.625,0,0
1136610,186,11,10,2,1,3,1,177.6,157.6,154.8,164.6,0.571,0.537,0.521,0.231,158.63,0.476,0.61,0.556,1,0
1136611,218,4,6,0,3,3,4,142.8,139.2,166.2,162.2,0.509,0.45,0.619,0.421,175.79,0.667,0.571,0.0,1,0
1136612,162,5,12,1,2,1,3,185.0,179.8,174.4,172.2,0.471,0.357,0.643,0.644,155.18,0.526,0.41,0.833,1,0
1136613,164,8,8,1,2,3,3,160.0,157.4,153.0,149.4,0.595,0.448,0.509,0.45,149.71,0.619,0.718,0.6,1,1
1136614,172,5,8,2,1,3,3,176.8,177.8,169.2,184.8,0.591,0.421,0.607,0.5,151.16,0.452,0.667,0.667,0,1
1136615,174,10,11,1,2,2,4,177.8,163.2,184.2,160.8,0.471,0.357,0.571,0.537,155.03,0.513,0.419,0.333,1,1
1136616,153,7,10,1,2,1,2,156.6,166.6,157.8,165.0,0.51,0.231,0.621,0.644,159.4,0.632,0.0,0.8,0,0
1136617,139,2,6,1,2,2,3,178.4,179.8,154.2,159.6,0.591,0.4,0.633,0.644,159.03,0.465,0.25,0.455,0,0
1136618,169,8,7,2,1,3,4,167.8,183.8,162.4,153.2,0.607,0.5,0.595,0.467,149.71,0.675,0.631,0.143,1,0
1136619,174,5,9,1,2,1,4,177.0,179.6,168.0,176.4,0.591,0.4,0.607,0.5,149.8,0.659,0.167,0.636,1,0
1136620,178,2,7,0,3,1,3,173.6,174.2,156.6,162.0,0.591,0.4,0.645,0.644,158.73,0.477,0.2,0.5,0,0
1175356,70,7,14,0,3,3,4,154.4,156.6,157.6,162.2,0.509,0.45,0.656,0.644,159.85,0.333,0.25,0.708,0,0
1175357,181,6,9,2,1,1,4,173.4,174.4,178.4,169.2,0.591,0.4,0.596,0.5,150.05,0.643,0.286,0.627,0,0
1175358,213,11,11,2,1,2,3,173.4,166.6,181.6,160.8,0.471,0.379,0.571,0.537,159.05,0.489,0.25,0.617,1,0
1175359,184,6,10,1,1,0,3,156.2,168.0,159.6,158.4,0.51,0.231,0.579,0.467,149.69,0.619,0.0,0.725,1,0
1175360,147,6,12,2,1,3,4,183.4,169.0,135.8,140.4,0.471,0.379,0.667,0.644,155.23,0.513,0.429,0.714,0,1
1175361,218,15,8,1,2,4,1,166.0,162.6,164.4,170.4,0.603,0.5,0.51,0.231,150.5,0.651,0.632,0.3,1,0
1175362,187,14,9,2,1,2,3,180.6,169.8,140.2,141.6,0.56,0.537,0.509,0.45,180.19,0.571,0.0,0.625,1,0
1175363,198,4,5,0,3,2,1,158.2,160.0,168.8,167.4,0.564,0.467,0.591,0.4,151.54,0.452,0.4,0.649,0,1
1175364,176,12,10,2,1,2,1,176.0,184.4,159.6,165.0,0.56,0.537,0.5,0.231,159.45,0.5,0.571,0.51,0,0
1175366,231,6,5,2,1,2,2,174.6,172.4,139.0,142.8,0.591,0.4,0.5,0.45,152.39,0.452,0.658,0.222,1,0
1175367,175,12,7,2,1,5,1,140.2,137.4,163.6,166.6,0.667,0.644,0.564,0.452,158.06,0.375,0.714,0.167,1,0
1175368,166,13,9,3,0,2,3,177.4,181.8,176.2,160.4,0.51,0.231,0.462,0.367,159.79,0.515,0.52,0.167,1,0
1175369,158,8,9,1,2,1,1,143.2,171.4,168.6,172.6,0.492,0.45,0.55,0.452,150.35,0.591,0.5,0.707,0,0
1175370,170,13,11,2,1,2,5,177.6,185.6,143.4,140.2,0.56,0.537,0.667,0.644,159.57,0.478,0.607,0.538,1,0
1175371,129,4,8,1,2,2,3,174.2,168.0,193.0,167.0,0.453,0.367,0.591,0.4,155.57,0.5,0.415,0.714,0,0
1175372,205,9,13,0,3,0,3,131.2,163.4,183.0,174.8,0.492,0.45,0.603,0.5,180.61,0.5,0.556,1.0,0,0
1178393,160,11,7,2,1,4,3,142.0,146.4,174.0,175.0,0.647,0.644,0.51,0.231,158.31,0.353,0.72,0.2,1,1
1178394,136,5,7,0,3,2,3,174.4,175.6,184.4,160.8,0.56,0.537,0.609,0.4,152.72,0.438,0.556,0.667,1,0
1178395,149,13,6,3,0,0,1,145.4,171.8,165.2,161.6,0.492,0.45,0.453,0.367,183.1,0.556,0.5,0.0,0,0
1178396,139,7,9,0,3,1,3,168.6,177.4,190.4,187.0,0.561,0.452,0.61,0.5,150.61,0.609,0.714,0.4,0,0
1178397,150,9,3,2,1,3,3,168.0,151.8,171.0,175.2,0.583,0.4,0.51,0.231,159.77,0.5,0.8,0.529,0,0
1178398,108,7,11,2,1,4,4,186.4,180.0,137.8,138.4,0.617,0.5,0.647,0.652,158.13,0.353,0.25,0.725,0,0
1178399,197,11,12,1,2,3,3,164.4,171.2,169.0,160.0,0.519,0.231,0.56,0.537,159.46,0.468,0.5,0.613,0,0
1178400,151,7,13,1,2,1,4,167.6,171.6,145.8,146.0,0.561,0.452,0.657,0.652,150.35,0.625,0.698,0.4,0,0
1178401,178,13,8,1,1,3,1,171.4,166.0,153.0,156.2,0.617,0.5,0.463,0.367,151.24,0.636,0.638,0.125,0,0
1178403,173,12,10,1,2,3,0,165.8,167.2,161.2,188.0,0.519,0.231,0.492,0.45,159.6,0.514,0.538,0.5,0,0
1178402,187,10,8,1,2,4,1,173.4,156.8,163.8,165.8,0.569,0.537,0.561,0.452,160.01,0.479,0.619,0.429,0,0
1178405,155,4,9,0,3,2,3,159.6,161.8,161.8,145.4,0.473,0.367,0.583,0.4,152.1,0.424,0.571,0.65,1,0
1178404,161,7,12,1,2,2,4,163.4,164.0,146.8,146.8,0.617,0.5,0.667,0.652,151.62,0.644,0.629,0.4,0,0
1178406,171,9,15,1,2,1,3,159.8,185.2,173.4,158.2,0.5,0.45,0.569,0.537,160.4,0.49,0.333,0.609,0,0
1178407,182,7,10,2,1,2,2,165.0,166.8,161.8,163.0,0.519,0.231,0.571,0.452,159.86,0.528,0.528,0.5,1,0
1178408,132,8,2,3,0,4,2,144.2,145.6,144.8,136.8,0.676,0.652,0.56,0.4,151.82,0.412,0.75,0.634,0,1
1178409,168,11,12,0,3,4,3,172.6,157.0,153.6,148.0,0.577,0.537,0.473,0.367,155.2,0.512,0.3,0.409,1,1
1178410,213,9,14,0,3,1,2,171.4,173.4,158.6,159.4,0.5,0.45,0.617,0.5,151.76,0.652,0.333,0.62,1,0
1178411,161,10,9,0,3,4,2,172.2,156.0,162.4,164.4,0.577,0.548,0.558,0.452,150.41,0.64,0.333,0.682,0,0
1178412,163,14,9,3,0,2,3,168.2,170.4,148.8,148.4,0.519,0.231,0.473,0.367,155.1,0.512,0.5,0.403,0,0
1178413,159,10,6,2,1,1,2,158.0,161.0,126.0,140.6,0.607,0.5,0.56,0.4,151.54,0.412,0.714,0.643,0,0
1178414,161,7,15,0,3,2,4,182.4,181.2,144.0,139.0,0.5,0.45,0.676,0.638,180.14,0.6,0.455,1.0,1,0
1178415,191,11,7,2,1,2,4,162.0,165.0,156.2,154.8,0.568,0.452,0.482,0.367,150.66,0.654,0.689,0.2,0,0
1178416,175,3,8,1,2,2,3,132.0,146.6,144.0,143.6,0.577,0.4,0.658,0.638,157.22,0.389,0.0,0.731,0,0
1178417,202,11,12,3,0,3,2,173.6,172.0,173.2,171.6,0.5,0.45,0.519,0.231,178.5,0.545,0.5,0.0,1,0
1178418,175,10,7,3,0,0,2,161.8,165.4,172.4,175.6,0.607,0.5,0.568,0.452,152.51,0.638,0.611,0.125,0,0
1178419,155,14,11,2,1,3,3,177.2,169.2,157.0,157.0,0.577,0.548,0.667,0.638,157.56,0.421,0.5,0.736,1,0
1178420,160,6,4,3,0,2,3,147.8,154.6,177.6,179.6,0.577,0.4,0.578,0.452,151.55,0.667,0.5,0.674,0,0
1178422,232,5,18,0,3,0,3,175.2,178.6,168.6,151.6,0.607,0.5,0.577,0.548,152.82,0.646,0.603,0.833,1,0
1178421,187,7,13,1,2,4,4,164.4,163.2,184.2,178.6,0.491,0.367,0.5,0.45,155.23,0.524,0.412,0.75,1,1
1178423,212,9,4,1,2,2,1,149.8,156.6,180.0,182.0,0.577,0.4,0.509,0.231,151.68,0.429,0.651,0.444,1,0
1178425,179,13,6,2,1,2,4,147.8,157.8,165.8,161.8,0.65,0.638,0.491,0.387,157.09,0.4,0.722,0.286,1,0
1178427,183,8,16,1,2,1,1,174.0,184.8,186.0,182.2,0.5,0.231,0.607,0.5,160.16,0.514,0.537,0.5,0,0
1178428,115,11,8,1,2,3,3,146.4,150.2,154.6,174.4,0.574,0.452,0.483,0.387,155.55,0.524,0.5,0.42,0,1
1178429,175,7,5,2,1,2,3,174.0,165.0,161.8,155.2,0.577,0.4,0.5,0.45,170.5,0.462,0.0,0.5,0,0
1178430,170,12,7,2,1,2,1,151.2,145.4,176.0,187.0,0.65,0.638,0.5,0.231,160.59,0.526,0.6,0.527,0,0
1178431,133,6,18,1,2,2,2,190.8,186.4,168.8,158.6,0.613,0.5,0.566,0.535,160.58,0.5,0.125,0.606,0,0
1181764,131,11,15,0,3,2,2,158.8,152.6,162.0,159.6,0.65,0.638,0.574,0.535,156.77,0.381,0.727,0.571,0,1
1181766,162,9,5,2,1,1,4,176.8,168.8,153.2,163.8,0.577,0.4,0.483,0.387,141.86,0.333,0.6,0.333,0,0
1181767,147,6,14,1,2,4,2,153.0,163.6,153.0,146.8,0.492,0.387,0.65,0.625,143.67,0.429,0.5,1.0,0,0
1181768,149,16,11,3,0,3,2,156.2,153.4,148.0,141.2,0.574,0.535,0.659,0.625,152.28,0.417,0.6,0.6,1,1
1216492,162,17,11,3,0,3,2,155.0,161.2,155.8,140.0,0.574,0.545,0.659,0.625,136.5,0.667,0.0,0.5,0,0
1216534,163,6,7,2,1,3,1,154.8,149.6,174.2,166.6,0.508,0.45,0.577,0.4,148.62,0.4,0.5,1.0,1,0
1216496,216,7,14,1,2,2,2,137.0,142.2,153.2,152.6,0.574,0.438,0.667,0.625,152.42,0.5,0.0,1.0,1,0
1216508,195,19,6,2,1,3,2,147.8,148.0,176.8,170.6,0.574,0.545,0.613,0.5,139.94,0.75,0.0,0.333,1,0
1216510,206,12,12,0,3,1,3,173.0,185.2,155.2,148.2,0.5,0.231,0.508,0.45,149.67,0.333,0.5,0.667,1,0
1216539,175,6,15,0,3,2,2,137.8,152.8,159.2,161.2,0.492,0.387,0.651,0.625,150.45,0.286,0.333,1.0,1,0
1216545,142,7,10,2,1,1,2,172.8,167.0,174.2,177.4,0.556,0.4,0.603,0.5,143.33,0.6,0.0,0.25,0,1
1216527,223,8,10,2,1,2,3,177.2,166.6,142.0,143.6,0.5,0.231,0.574,0.438,160.36,0.4,1.0,0.5,0,0
1216532,162,9,6,1,2,0,3,158.8,162.6,153.0,143.2,0.556,0.381,0.492,0.387,143.35,0.6,0.0,0.0,1,0
1216504,174,10,8,2,1,3,3,168.2,170.4,151.8,153.2,0.603,0.5,0.583,0.438,154.88,0.222,0.0,0.0,1,0
1216503,191,13,11,2,1,3,2,167.8,158.4,188.4,169.4,0.564,0.545,0.5,0.231,144.36,0.5,0.333,1.0,1,0
1216516,164,3,9,1,2,1,2,158.8,159.6,159.2,169.8,0.556,0.381,0.636,0.625,154.92,0.2,0.667,0.667,1,1
1216515,228,9,13,2,0,2,3,158.2,152.6,156.6,158.2,0.483,0.387,0.603,0.5,168.38,0.5,0.5,1.0,1,0
1216514,154,10,8,2,0,2,2,147.0,156.0,142.6,155.2,0.571,0.438,0.5,0.45,146.25,0.429,0.667,0.0,0,1
1216513,178,8,12,1,2,2,1,180.4,170.6,160.4,173.2,0.491,0.231,0.636,0.625,155.32,0.2,0.667,0.5,0,1
1216538,208,6,7,1,1,3,2,179.6,160.8,156.6,155.4,0.564,0.545,0.556,0.409,174.0,0.429,0.0,0.0,1,1
1216519,196,8,13,2,1,2,3,170.8,162.2,161.8,177.8,0.483,0.387,0.5,0.45,156.93,0.2,0.5,0.4,1,0
1216511,193,10,10,0,3,3,2,191.4,166.0,169.6,175.2,0.564,0.556,0.571,0.424,147.0,0.429,0.5,0.5,1,1
1216501,167,7,13,1,2,2,2,161.6,167.2,167.0,179.0,0.594,0.5,0.636,0.625,148.25,0.429,0.4,0.667,1,1
1216542,201,10,4,2,1,2,1,159.0,164.0,181.4,172.8,0.556,0.409,0.491,0.222,157.53,0.182,0.75,0.5,1,1
1216500,184,9,11,3,0,3,2,180.6,159.4,173.8,189.6,0.483,0.387,0.571,0.424,175.7,0.429,0.667,0.667,1,0
1216523,164,17,8,3,0,3,1,168.4,171.8,176.4,181.6,0.594,0.516,0.491,0.222,149.17,0.429,0.5,0.667,1,1
1216525,169,8,15,1,2,2,1,153.6,182.0,165.2,180.0,0.492,0.45,0.636,0.625,158.06,0.182,0.333,0.6,1,1
1216529,162,12,12,2,1,4,4,186.0,155.6,197.6,160.0,0.483,0.387,0.564,0.565,150.03,0.429,0.0,0.6,0,1
1216507,158,6,5,2,1,3,1,168.6,157.8,158.2,186.4,0.556,0.435,0.56,0.424,157.64,0.182,0.8,0.0,0,1
1216540,194,10,14,1,2,2,4,154.8,177.8,172.0,165.2,0.492,0.476,0.594,0.531,174.36,0.375,0.5,0.5,1,1
1216528,167,9,4,1,2,1,3,151.6,170.6,171.8,161.4,0.636,0.625,0.556,0.417,157.79,0.182,0.5,0.667,1,1
1216543,161,10,11,3,0,3,1,183.4,162.6,145.6,173.4,0.483,0.375,0.56,0.424,157.75,0.182,0.6,0.333,1,1
1216531,171,12,13,2,1,3,0,171.8,159.0,167.6,192.6,0.492,0.5,0.491,0.222,172.58,0.375,0.667,0.667,0,1
1216526,148,6,20,1,2,3,4,165.4,175.6,191.8,163.2,0.594,0.531,0.564,0.565,150.85,0.429,0.571,0.667,0,1
1216522,177,10,9,1,1,1,3,147.8,170.8,165.8,154.2,0.56,0.424,0.492,0.478,157.6,0.182,0.25,0.429,0,1
1216509,179,15,7,2,1,2,4,158.8,165.0,186.2,159.8,0.636,0.633,0.483,0.394,172.69,0.375,0.5,0.75,0,1
1216533,125,14,8,2,1,2,1,163.2,169.2,152.4,175.0,0.636,0.62,0.56,0.412,151.37,0.375,0.5,0.4,0,1
1216546,164,10,14,1,1,4,1,177.6,153.6,165.0,178.6,0.483,0.394,0.491,0.222,159.28,0.182,0.667,0.333,0,1
1216494,84,14,11,1,2,2,3,150.8,165.0,170.0,158.8,0.594,0.515,0.492,0.478,150.07,0.375,0.444,0.5,0,1
1216518,154,6,6,2,1,2,1,150.4,161.4,168.6,166.6,0.56,0.412,0.536,0.417,159.54,0.182,0.2,0.571,0,0
1216521,114,12,17,1,2,1,4,152.0,158.8,178.4,159.2,0.636,0.608,0.564,0.553,173.36,0.375,0.333,0.5,0,0
1216498,126,4,11,1,2,2,2,162.8,175.2,165.0,155.8,0.491,0.222,0.552,0.417,159.36,0.25,0.429,0.625,1,0
1216497,194,13,10,0,2,1,3,134.2,150.6,171.2,159.6,0.594,0.5,0.483,0.382,146.95,0.375,0.4,0.0,1,0
1216541,195,11,10,1,2,4,2,160.0,147.2,153.6,155.8,0.571,0.553,0.56,0.412,147.75,0.333,0.714,0.5,0,1
1216544,145,9,15,2,1,4,1,159.6,136.4,143.4,148.6,0.492,0.478,0.636,0.608,157.85,0.231,0.5,0.571,0,1
1216520,149,18,8,3,0,1,3,140.2,145.2,161.6,157.8,0.594,0.5,0.491,0.222,169.47,0.444,0.333,0.75,0,0
1216524,219,10,6,1,2,1,2,147.6,154.6,161.4,170.8,0.533,0.417,0.475,0.382,157.46,0.231,0.556,0.571,1,0
1216499,164,9,16,0,2,3,3,154.8,140.0,160.4,159.2,0.492,0.458,0.571,0.542,149.83,0.333,0.667,0.625,0,0
1216536,172,8,13,1,2,1,2,147.6,136.4,147.0,143.8,0.594,0.5,0.636,0.608,158.09,0.214,0.5,0.625,0,0
1216537,185,8,11,2,1,4,2,159.2,154.8,160.2,163.2,0.5,0.222,0.56,0.412,150.46,0.4,0.5,0.571,0,0
1216502,120,7,7,2,1,2,2,148.8,150.8,159.8,148.2,0.492,0.458,0.533,0.417,168.22,0.5,0.5,0.0,0,0
1216535,110,12,13,1,2,2,3,155.2,181.4,160.4,159.6,0.468,0.382,0.579,0.542,158.67,0.267,0.5,0.0,0,0
1216506,153,8,13,1,2,3,2,160.8,157.8,149.2,148.8,0.5,0.222,0.644,0.608,151.86,0.455,0.4,0.4,0,0
1216530,191,11,8,2,1,1,3,152.4,142.2,167.8,168.0,0.594,0.5,0.569,0.412,157.07,0.312,0.333,0.167,1,0
1216505,152,13,9,0,3,2,1,138.6,139.6,145.0,174.0,0.492,0.458,0.468,0.382,151.92,0.5,0.5,0.0,0,0
1216495,149,7,7,2,0,3,3,152.8,152.0,154.6,138.8,0.586,0.542,0.548,0.417,165.41,0.545,0.667,0.25,0,0
1237177,200,14,12,3,0,3,1,147.4,147.0,138.8,168.6,0.586,0.542,0.476,0.382,157.19,0.294,0.167,0.444,1,0
1237178,131,7,8,2,1,1,4,133.2,135.0,152.2,136.0,0.492,0.458,0.562,0.417,151.96,0.538,0.4,0.25,0,0
1237180,189,6,11,1,2,1,4,134.6,175.2,147.4,131.4,0.469,0.382,0.576,0.417,151.23,0.571,0.2,0.4,1,1
1237181,156,12,15,0,3,2,3,145.4,170.8,164.2,152.8,0.469,0.4,0.586,0.542,157.64,0.278,0.4,0.286,0,1
1254058,159,17,9,2,0,4,0,156.6,144.8,142.4,144.6,0.586,0.542,0.492,0.458,156.32,0.381,0.625,0.222,0,0
1254059,188,15,8,1,2,3,2,144.2,142.4,150.4,158.4,0.652,0.608,0.469,0.389,160.21,0.51,0.5,0.333,0,0
1254060,187,11,7,1,1,2,4,158.0,135.8,159.0,144.0,0.594,0.5,0.576,0.417,156.38,0.409,0.222,0.0,1,0
1254061,221,8,12,1,2,3,3,156.2,153.4,158.6,170.4,0.5,0.222,0.558,0.412,160.59,0.519,0.455,0.5,1,0
1254062,152,21,6,3,0,3,3,155.2,144.0,178.6,154.2,0.586,0.542,0.594,0.5,156.81,0.391,0.556,0.3,1,0
1254063,149,7,9,1,2,1,3,145.4,146.4,150.6,155.2,0.5,0.458,0.559,0.417,156.65,0.375,0.3,0.0,1,0
1254064,147,11,11,3,0,3,2,166.4,173.8,176.8,189.6,0.477,0.389,0.547,0.412,161.37,0.509,0.4,0.444,0,0
1254065,106,8,14,1,2,3,3,167.0,164.0,156.8,155.2,0.5,0.222,0.652,0.608,161.2,0.519,0.5,0.467,0,0
1254066,150,7,8,1,1,3,2,163.4,150.4,155.0,161.0,0.586,0.542,0.543,0.417,156.48,0.36,0.6,0.0,1,1
1254068,195,15,10,1,1,2,2,163.0,162.6,165.0,173.4,0.5,0.222,0.477,0.389,160.49,0.527,0.462,0.364,0,0
1254067,204,12,14,3,0,2,2,142.4,141.8,168.2,157.6,0.5,0.458,0.585,0.5,156.27,0.36,0.364,0.273,1,1
1254069,188,14,9,1,2,4,3,155.4,153.2,176.0,187.8,0.66,0.608,0.556,0.412,160.96,0.536,0.5,0.5,1,0
1254070,137,16,12,3,0,4,3,163.6,147.6,176.0,172.4,0.586,0.551,0.485,0.389,156.72,0.36,0.636,0.25,0,1
1254071,120,5,11,1,2,1,1,172.0,172.4,152.2,161.2,0.5,0.222,0.543,0.417,156.42,0.36,0.167,0.0,0,1
1254072,220,14,8,2,1,4,2,163.0,152.8,171.6,168.4,0.66,0.608,0.585,0.5,161.01,0.526,0.529,0.111,1,0
1254073,177,10,10,0,2,2,3,165.4,186.4,159.2,150.8,0.545,0.412,0.5,0.48,161.64,0.517,0.455,0.3,0,0
1254074,131,14,11,2,0,3,1,151.0,146.6,159.0,159.4,0.586,0.54,0.5,0.214,155.87,0.36,0.583,0.143,0,0
1254075,133,12,8,2,1,2,1,177.6,176.8,163.6,185.6,0.576,0.5,0.545,0.412,161.85,0.525,0.1,0.417,0,0
1254076,191,16,9,1,2,4,4,171.4,158.8,165.0,155.4,0.66,0.608,0.508,0.48,161.51,0.533,0.556,0.364,1,1
1254078,123,9,18,1,2,2,1,154.8,154.8,166.0,177.4,0.508,0.214,0.576,0.5,0.0,0.0,0.0,0.0,0,0
1254079,171,13,10,0,3,4,3,163.2,167.2,166.4,165.8,0.508,0.48,0.485,0.378,124.5,1.0,0.0,0.0,1,0
1254080,171,4,10,1,2,1,4,147.4,153.0,178.8,152.6,0.543,0.417,0.66,0.615,155.05,0.524,0.75,0.75,0,1
1254082,154,14,10,1,2,1,2,153.8,166.6,162.4,162.4,0.582,0.5,0.478,0.378,147.5,0.5,1.0,0.0,0,0
1254081,171,11,11,2,1,2,2,164.2,174.0,145.8,141.8,0.554,0.412,0.586,0.54,155.27,0.524,0.444,0.364,0,0
1254083,179,14,12,2,1,1,4,135.2,136.6,165.4,169.4,0.508,0.214,0.508,0.48,150.0,0.667,0.0,1.0,1,0
1254084,218,12,18,1,2,5,3,175.8,148.8,148.4,144.0,0.66,0.615,0.593,0.54,155.49,0.535,0.778,0.417,0,0
1254085,220,6,7,2,1,2,1,155.0,164.2,146.2,150.2,0.554,0.412,0.543,0.4,156.31,0.545,0.4,0.667,1,0
1254086,166,15,11,1,1,2,3,149.8,144.2,164.2,163.2,0.508,0.214,0.485,0.378,153.0,0.5,0.5,0.5,0,0
1254104,156,12,19,1,2,4,3,198.0,171.4,161.8,159.2,0.66,0.615,0.6,0.54,157.61,0.278,0.667,0.375,1,1
1254087,92,13,14,3,0,3,1,164.6,176.6,156.2,167.4,0.5,0.48,0.582,0.5,152.24,0.571,0.333,0.455,0,1
1254111,185,12,9,2,1,2,2,169.0,167.8,144.0,138.0,0.554,0.412,0.508,0.214,157.26,0.278,0.143,0.5,1,0
1254105,134,11,7,1,1,1,3,150.6,164.4,158.0,157.4,0.528,0.4,0.493,0.378,158.03,0.263,0.6,0.364,0,1
1254096,155,22,6,3,0,2,2,159.0,163.0,141.8,145.0,0.6,0.54,0.582,0.5,150.27,0.571,0.667,0.5,0,0
1254113,156,9,17,1,2,2,4,142.2,162.2,191.6,170.0,0.5,0.462,0.66,0.623,164.56,0.583,0.4,0.25,0,0
1254107,125,5,12,1,2,2,1,156.6,150.8,150.0,162.2,0.5,0.214,0.528,0.385,164.13,0.615,0.8,0.4,1,0
1254097,154,11,12,2,1,3,3,158.2,156.8,177.4,166.8,0.493,0.378,0.554,0.412,150.48,0.6,0.333,0.625,1,0
1254098,171,8,15,1,2,3,4,133.2,132.0,179.0,160.8,0.588,0.5,0.667,0.623,150.08,0.562,0.538,0.5,0,1
1254108,165,10,17,1,1,1,2,137.2,158.2,162.6,167.2,0.5,0.462,0.6,0.54,157.43,0.263,0.444,0.333,1,0
1254100,164,7,7,2,1,3,0,166.2,161.4,149.8,163.2,0.544,0.412,0.514,0.385,156.91,0.25,0.25,0.545,0,1
1254099,135,12,14,1,1,2,2,155.2,148.6,158.6,173.8,0.5,0.214,0.59,0.54,150.73,0.562,0.333,0.6,0,0
1254092,127,11,14,2,1,4,3,157.2,149.2,140.8,139.6,0.493,0.378,0.588,0.486,162.05,0.571,0.8,0.25,0,0
1254103,149,10,11,0,3,2,2,172.2,168.2,145.8,142.2,0.544,0.4,0.5,0.462,157.13,0.25,0.222,0.5,0,0
1254091,134,4,11,1,2,1,4,151.4,164.2,175.2,170.6,0.514,0.385,0.667,0.623,160.45,0.6,0.333,0.4,0,0
1254102,165,19,9,2,1,3,2,141.6,140.4,157.6,150.8,0.594,0.486,0.5,0.214,156.97,0.286,0.5,0.444,0,0
1254112,129,16,13,2,1,2,4,151.6,166.6,148.6,141.0,0.597,0.54,0.493,0.378,159.36,0.625,0.5,0.667,0,0
1254089,189,15,9,1,2,4,2,168.4,163.2,167.8,164.4,0.673,0.623,0.544,0.4,150.29,0.588,0.571,0.556,0,0
1254109,115,7,12,0,2,1,3,144.0,157.4,143.8,142.8,0.514,0.385,0.594,0.486,157.21,0.318,0.583,0.4,0,1
1254090,164,12,15,0,3,2,2,142.2,138.0,155.4,154.8,0.507,0.462,0.508,0.214,158.11,0.647,0.333,0.833,1,1
1254110,136,15,9,0,3,4,4,162.6,157.4,143.8,136.0,0.673,0.623,0.5,0.378,156.23,0.318,0.7,0.417,0,0
1254093,90,11,12,1,2,2,1,161.8,169.2,133.6,149.4,0.552,0.4,0.597,0.54,158.23,0.647,0.5,0.4,0,0
1254095,141,9,8,2,1,1,3,134.0,137.2,146.0,133.8,0.514,0.37,0.507,0.481,151.41,0.611,0.333,0.286,1,0
1254094,134,15,8,3,0,3,2,158.6,158.0,153.8,154.2,0.673,0.623,0.508,0.214,155.79,0.348,0.636,0.5,0,0
1254106,171,12,9,2,1,3,1,148.8,147.4,142.8,151.4,0.594,0.486,0.552,0.4,155.58,0.667,0.4,0.4,1,0
1254101,164,10,14,2,1,4,3,138.2,130.0,155.0,143.2,0.507,0.378,0.5,0.481,155.34,0.375,0.462,0.545,0,0
1254088,235,8,8,2,1,2,2,125.2,136.2,135.4,136.8,0.603,0.54,0.514,0.37,151.07,0.579,0.636,0.429,1,1
1254114,172,10,15,3,0,3,2,143.2,136.4,154.0,154.6,0.507,0.378,0.673,0.623,155.56,0.4,0.429,0.583,0,0
1254115,138,13,15,2,1,4,3,157.0,144.6,151.2,133.4,0.507,0.481,0.594,0.486,154.52,0.632,0.429,0.5,0,1
1254116,135,11,15,1,2,2,4,146.8,146.8,144.8,126.6,0.507,0.378,0.594,0.486,153.93,0.632,0.714,0.571,0,0
1254117,192,16,8,3,0,2,4,154.2,154.8,146.0,128.2,0.68,0.623,0.6,0.486,155.93,0.423,0.615,0.5,1,0
1304047,131,17,8,3,0,2,4,164.8,161.0,146.0,133.0,0.68,0.623,0.592,0.486,161.45,0.533,0.579,0.091,0,0
1304048,177,16,14,1,2,3,2,141.2,143.0,148.4,148.0,0.603,0.549,0.507,0.378,174.64,0.6,0.75,0.0,0,0
1304049,205,13,15,1,2,3,3,151.6,150.2,145.0,144.0,0.507,0.464,0.516,0.214,141.47,0.6,0.5,0.0,0,0
1304050,158,0,0,0,0,0,0,0.0,0.0,0.0,0.0,0.0,0.0,0.0,0.0,161.1,0.541,0.0,0.0,0,0
1304051,210,7,8,1,2,1,2,135.6,154.8,150.0,158.8,0.542,0.4,0.514,0.37,159.25,0.65,0.333,0.333,1,0
1304052,128,16,13,2,1,4,2,148.8,136.2,162.0,162.0,0.597,0.486,0.507,0.464,145.08,0.636,1.0,0.333,0,0
1304053,210,0,0,0,0,2,0,153.2,149.6,158.0,161.0,0.68,0.623,0.0,0.0,174.92,0.667,0.5,0.0,0,0
1304054,137,10,19,2,1,3,3,161.6,161.0,140.2,145.6,0.524,0.214,0.597,0.486,161.08,0.548,0.429,0.167,0,0
1304055,193,11,13,1,2,2,3,144.8,151.2,154.4,145.8,0.542,0.4,0.603,0.549,144.29,0.667,0.5,0.714,1,0
1304056,171,0,0,0,0,1,2,161.0,158.0,157.8,157.6,1.0,0.0,0.514,0.378,160.13,0.619,0.0,0.667,1,0
1304057,180,9,15,1,2,3,2,162.0,161.8,168.0,164.0,0.524,0.214,0.68,0.623,177.65,0.714,0.0,0.333,1,0
1304058,169,0,0,0,0,1,1,184.5,185.5,146.4,168.0,1.0,0.0,0.5,0.37,146.15,0.615,0.0,0.0,1,0
1304059,169,10,12,0,3,3,2,153.6,154.6,155.6,156.0,0.542,0.4,0.514,0.464,160.82,0.556,0.462,0.333,0,0
1304060,161,22,7,2,1,2,3,161.0,157.4,140.6,145.4,0.594,0.549,0.603,0.486,160.29,0.591,0.667,1.0,0,0
1304061,149,0,0,0,0,1,2,161.4,164.6,179.33,176.0,0.507,0.378,1.0,0.0,146.95,0.571,0.5,1.0,0,0
1304062,189,0,0,0,0,3,2,164.4,154.0,166.0,157.5,0.524,0.214,1.0,0.0,175.89,0.625,0.5,0.0,0,0
1304064,151,17,11,1,2,2,3,167.4,163.4,162.8,161.6,0.594,0.549,0.521,0.464,160.34,0.609,0.5,0.5,0,0
1304063,154,12,4,3,0,2,1,166.4,172.2,151.0,174.0,0.667,0.623,0.487,0.37,147.18,0.6,0.75,0.0,0,0
1304065,215,11,16,1,2,1,3,158.4,162.4,145.8,150.6,0.507,0.378,0.608,0.486,176.8,0.667,0.333,0.0,1,0
1304066,165,0,0,0,0,2,3,149.4,151.4,173.25,169.25,0.542,0.4,1.0,0.0,160.94,0.562,0.429,0.0,1,0
1304067,162,0,0,0,0,3,2,174.0,168.0,159.0,181.0,1.0,0.0,0.5,0.37,147.5,0.625,0.0,0.5,0,0
1304068,216,18,9,3,0,1,3,162.6,168.8,160.0,159.0,0.667,0.623,0.528,0.464,148.23,0.647,0.6,0.5,1,0
1304069,198,12,15,1,1,3,1,170.6,159.2,178.8,175.8,0.524,0.214,0.594,0.549,160.0,0.625,0.0,0.4,1,0
1304070,192,0,0,0,0,3,3,171.0,168.0,164.4,165.0,1.0,0.0,0.542,0.4,150.48,0.611,0.0,0.667,1,0
1304071,175,13,7,2,0,3,2,147.0,155.2,164.4,186.0,0.6,0.486,0.512,0.37,177.81,0.6,0.0,1.0,0,0
1304072,199,0,0,0,0,3,0,171.0,168.4,169.0,176.8,0.667,0.0,0.585,0.549,177.68,0.636,1.0,0.667,1,0
1304073,189,15,10,2,1,3,2,171.0,174.4,167.0,162.0,0.521,0.464,0.507,0.378,160.97,0.554,0.385,0.417,1,0
1304075,169,0,0,0,0,1,4,167.4,174.4,175.2,165.4,0.667,0.623,1.0,0.0,161.19,0.6,0.833,1.0,0,0
1304074,151,6,12,2,1,3,3,182.4,169.6,161.0,174.0,0.524,0.214,0.524,0.37,151.37,0.579,0.5,0.667,0,0
1304076,217,9,13,1,2,3,2,178.4,169.2,155.4,164.2,0.533,0.4,0.6,0.486,178.36,0.583,0.5,0.0,1,0
1304077,181,0,0,0,0,4,4,167.8,167.4,179.2,172.4,0.521,0.464,0.667,0.0,151.37,0.6,0.4,1.0,1,0
1304078,115,15,12,1,2,2,2,171.0,159.0,174.6,172.6,0.524,0.214,0.5,0.378,180.21,0.538,0.333,0.5,0,0
1304079,155,19,13,2,1,0,1,169.8,180.8,175.0,181.8,0.576,0.549,0.667,0.623,152.11,0.571,0.625,0.667,0,0
1304080,222,12,12,1,2,3,2,179.8,181.4,162.6,160.2,0.533,0.4,0.507,0.378,161.19,0.545,0.467,0.385,1,0
1304081,156,0,0,0,0,4,2,177.0,167.6,171.8,181.2,1.0,0.0,0.592,0.486,152.22,0.591,0.5,0.667,1,1
1304082,68,8,10,1,2,4,4,177.6,174.4,161.6,162.2,0.521,0.464,0.535,0.37,177.05,0.571,1.0,1.0,0,0
1304083,168,1,0,1,0,3,0,169.6,166.6,166.8,173.4,0.5,0.0,0.576,0.549,161.78,0.537,0.0,0.612,1,0
1304084,187,10,15,2,1,2,2,166.6,154.6,164.2,170.6,0.524,0.214,0.673,0.623,161.65,0.529,0.4,0.55,1,0
1304085,144,10,13,0,3,3,3,185.6,188.8,156.6,155.0,0.533,0.4,0.521,0.464,161.48,0.615,0.5,0.6,1,0
1304086,195,1,0,1,0,5,4,144.6,142.0,174.0,165.8,0.545,0.37,1.0,1.0,161.87,0.522,0.143,1.0,0,0
1304087,146,16,12,2,1,1,2,173.2,185.0,172.6,170.4,0.592,0.486,0.5,0.378,162.25,0.529,0.231,0.357,0,0
1304088,153,0,0,0,0,3,2,169.4,161.6,168.0,164.6,0.5,0.0,0.524,0.214,160.38,0.593,0.0,0.167,1,0
1304090,158,12,13,1,2,4,0,180.6,177.2,161.0,174.6,0.533,0.4,0.567,0.549,152.22,0.591,0.5,0.556,0,0
1304089,170,0,0,0,0,2,4,149.2,153.6,175.8,167.0,0.514,0.464,1.0,1.0,171.95,0.6,0.5,1.0,0,1
1304091,195,1,0,1,0,3,3,169.0,158.4,172.8,168.6,0.5,0.0,0.506,0.378,162.1,0.535,0.333,0.4,1,1
1304092,202,12,5,2,1,2,4,174.2,172.0,152.6,151.0,0.66,0.623,0.545,0.37,159.8,0.571,0.714,0.25,1,0
1304093,152,10,13,2,1,3,0,179.2,177.0,170.0,182.8,0.533,0.4,0.592,0.486,162.41,0.535,0.5,0.214,0,0
1304094,143,1,0,1,0,5,2,178.2,167.4,156.8,157.2,1.0,1.0,0.516,0.214,152.45,0.609,0.667,0.333,0,1
1304095,173,9,19,0,3,2,3,144.6,145.2,183.8,178.8,0.514,0.448,0.66,0.623,160.95,0.552,0.5,0.75,1,0
1304096,207,8,11,2,0,2,3,167.6,173.4,156.8,159.0,0.506,0.378,0.533,0.37,171.95,0.6,0.6,1.0,1,0
1304097,177,0,0,0,0,1,4,163.0,175.8,168.4,165.4,0.574,0.549,1.0,0.5,173.02,0.562,0.6,1.0,1,0
1304099,176,0,0,0,0,4,1,175.6,163.2,167.4,170.2,0.5,1.0,0.597,0.486,161.12,0.533,1.0,1.0,1,0
1304098,189,9,13,1,2,2,3,146.2,148.6,178.6,170.2,0.516,0.214,0.533,0.4,162.33,0.542,0.438,0.471,0,1
1304101,208,16,10,1,2,2,3,172.6,174.8,174.4,172.8,0.648,0.623,0.506,0.378,152.19,0.609,0.714,0.333,1,0
1304100,192,8,11,1,2,2,2,141.4,142.6,158.8,165.4,0.514,0.448,0.522,0.37,162.61,0.542,0.429,0.125,1,1
1304102,165,8,22,2,1,1,2,152.6,170.2,161.2,170.6,0.59,0.486,0.574,0.549,152.5,0.583,0.5,0.6,1,0
1304103,144,1,0,1,0,3,4,168.8,167.0,171.0,147.2,0.8,0.5,0.5,1.0,160.44,0.516,1.0,1.0,1,1
1304104,160,13,12,2,1,3,2,173.2,166.0,174.0,191.4,0.533,0.4,0.5,0.378,152.1,0.56,0.4,0.25,0,0
1304105,97,14,19,2,1,3,2,180.4,164.2,147.6,163.8,0.648,0.623,0.565,0.549,162.57,0.542,0.524,0.603,0,0
1304106,209,16,13,2,1,2,2,153.8,156.2,143.6,135.0,0.516,0.207,0.514,0.467,173.08,0.529,0.25,0.333,1,0
1304107,177,13,8,2,1,2,1,143.6,149.4,153.4,173.6,0.59,0.486,0.522,0.37,159.04,0.516,0.8,0.2,1,1
1304108,133,0,1,0,1,2,3,168.6,153.8,166.4,153.8,0.648,0.623,0.8,0.667,161.94,0.548,0.5,1.0,0,1
1304109,178,1,0,1,0,2,4,160.8,156.8,154.8,139.8,0.533,0.4,0.5,1.0,173.44,0.5,0.6,1.0,1,1
1304110,159,13,15,3,0,3,3,164.8,179.0,172.6,163.4,0.506,0.378,0.516,0.207,152.34,0.577,0.4,0.5,1,0
1304111,193,8,9,1,2,0,3,163.6,195.4,137.2,152.0,0.522,0.37,0.571,0.549,161.67,0.548,0.111,0.609,1,0
1304112,210,1,0,1,0,3,3,152.0,149.0,149.4,142.8,0.5,1.0,0.59,0.5,152.29,0.556,0.667,0.6,1,1
1304113,168,1,0,1,0,3,2,154.0,141.4,161.0,162.4,0.8,0.667,0.507,0.467,161.97,0.541,1.0,0.467,0,1
1304114,150,15,10,1,2,2,2,160.0,143.8,167.6,164.6,0.648,0.611,0.533,0.417,173.15,0.5,0.25,0.667,0,1
1304115,159,15,16,3,0,3,3,166.6,178.2,148.8,157.0,0.506,0.378,0.563,0.549,162.03,0.541,0.375,0.6,0,0
1304116,157,13,6,2,1,1,2,163.2,193.6,163.6,160.0,0.522,0.37,0.508,0.207,162.01,0.547,0.2,0.412,0,1
1312197,188,0,1,0,1,3,2,166.2,162.4,152.8,141.4,0.533,0.417,0.8,0.5,153.62,0.633,0.222,0.0,0,0
1312198,207,1,0,1,0,3,3,172.0,167.2,163.4,164.0,0.507,0.467,0.5,1.0,154.08,0.64,0.4,0.0,1,0
1312199,157,13,11,2,1,4,3,179.4,171.0,173.4,169.0,0.507,0.467,0.533,0.417,155.7,0.6,0.5,0.0,0,0
1312200,130,0,2,0,2,3,3,167.6,162.6,162.4,150.0,0.541,0.417,0.833,0.5,156.25,0.667,1.0,0.0,0,1
1359475,178,0,2,0,2,1,4,149.6,136.2,154.6,140.6,0.648,0.6,0.833,0.5,152.71,0.667,0.0,1.0,0,0
1359477,193,2,0,2,0,2,3,163.0,167.6,160.6,171.2,0.4,1.0,0.506,0.378,0.0,0.0,0.0,0.0,1,0
1359476,191,10,20,1,2,3,3,169.0,160.8,161.8,154.8,0.508,0.207,0.59,0.5,160.79,0.538,0.536,0.571,1,0
1359478,203,8,8,2,1,3,1,161.6,157.0,156.8,185.2,0.541,0.405,0.522,0.357,152.22,0.417,0.333,0.659,1,0
1359479,171,17,12,0,3,3,3,148.6,157.2,176.2,171.2,0.569,0.549,0.507,0.467,155.67,0.544,0.8,0.459,0,0
1359480,217,0,1,0,1,1,2,153.2,138.0,166.4,176.0,0.648,0.6,0.4,1.0,155.55,0.385,0.714,0.0,1,0
1359481,162,0,1,0,1,2,4,147.8,172.6,162.2,159.8,0.5,0.378,0.857,0.5,156.77,0.533,0.429,0.0,0,0
1359482,197,9,14,1,2,3,3,178.2,161.4,166.6,152.4,0.508,0.207,0.541,0.405,0.0,0.0,0.0,0.0,1,0
1359483,204,16,14,2,1,2,3,159.4,162.6,172.2,180.4,0.582,0.5,0.513,0.467,154.66,0.627,0.608,0.455,1,0
1359484,121,0,1,0,1,1,2,145.8,184.4,191.0,190.6,0.511,0.357,0.333,1.0,168.0,0.0,0.0,1.0,0,1
1359485,199,13,13,1,2,2,2,174.8,161.8,156.8,163.6,0.532,0.405,0.5,0.378,194.5,0.0,0.0,0.0,1,0
1359486,157,20,14,1,2,2,1,147.4,157.2,155.0,155.6,0.569,0.549,0.648,0.6,161.98,0.547,0.606,0.478,0,0
1359487,204,1,0,1,0,4,3,167.4,165.6,180.0,152.0,0.875,0.5,0.582,0.5,156.12,0.714,1.0,0.5,0,1
1359488,143,7,13,2,1,4,1,179.8,161.8,145.0,171.4,0.508,0.207,0.511,0.345,152.45,0.405,0.4,0.644,0,0
1359489,212,2,0,2,0,3,3,165.8,179.4,185.6,179.2,0.506,0.467,0.333,1.0,155.91,0.552,0.468,0.0,0,0
1359490,172,15,17,2,1,1,2,153.0,171.4,156.2,156.0,0.494,0.378,0.569,0.549,156.84,0.543,0.423,0.462,0,0
1359491,175,11,15,2,1,3,2,177.0,152.0,167.4,166.4,0.532,0.405,0.655,0.6,156.37,0.37,0.143,0.719,1,0
1359492,153,1,1,1,1,3,4,166.6,159.8,174.6,173.0,0.508,0.207,0.875,0.4,160.92,0.525,0.544,0.0,0,0
1359493,228,8,14,1,2,2,3,149.4,164.6,188.4,170.2,0.521,0.345,0.582,0.5,154.78,0.615,0.25,0.613,1,0
1359494,174,16,10,3,0,2,0,174.2,188.4,155.6,177.6,0.506,0.467,0.494,0.378,156.75,0.559,0.46,0.429,1,0
1359495,159,1,0,1,0,3,3,186.2,180.0,168.8,158.8,0.429,1.0,0.508,0.207,146.0,0.0,1.0,0.0,0,0
1359497,177,3,0,3,0,4,3,167.2,166.0,179.8,155.0,0.889,0.4,0.532,0.405,161.61,0.714,0.667,0.5,0,0
1359496,185,9,22,3,0,2,2,194.0,191.2,170.2,171.0,0.575,0.5,0.575,0.549,161.94,0.553,0.267,0.597,0,0
1359498,226,19,10,2,1,2,2,175.2,174.0,167.6,180.0,0.643,0.6,0.506,0.467,156.84,0.55,0.571,0.469,1,0
1359499,192,9,9,2,1,3,2,169.4,169.4,156.4,167.6,0.581,0.549,0.521,0.345,152.32,0.421,0.636,0.652,1,0
1359500,154,0,2,0,2,3,4,179.4,170.8,189.6,163.8,0.429,1.0,0.54,0.405,151.74,0.679,0.0,0.681,1,0
1359502,127,16,13,1,2,2,0,189.4,186.4,154.0,180.4,0.575,0.5,0.488,0.378,157.04,0.553,0.5,0.417,0,0
1359501,174,13,17,1,2,2,3,179.8,193.0,169.0,159.2,0.5,0.467,0.515,0.207,160.79,0.537,0.571,0.534,1,0
1359503,134,5,13,1,2,2,3,160.6,174.0,190.4,187.4,0.51,0.345,0.643,0.6,156.62,0.357,0.125,0.707,0,0
1359504,135,2,0,2,0,3,3,176.0,175.8,171.6,171.0,0.889,0.4,0.429,1.0,150.67,0.5,0.0,0.667,1,1
1359505,214,13,15,2,1,2,3,160.8,164.8,175.8,173.2,0.507,0.207,0.581,0.549,162.16,0.558,0.444,0.603,1,0
1359506,189,13,12,1,2,2,3,180.2,188.8,177.8,168.4,0.5,0.467,0.531,0.405,157.78,0.541,0.462,0.6,1,0
1359507,235,17,9,2,1,4,2,182.4,177.8,185.6,173.8,0.649,0.6,0.575,0.5,155.54,0.604,0.455,0.605,1,0
1359508,144,9,11,2,0,1,2,151.0,167.2,161.2,161.0,0.494,0.378,0.51,0.345,152.81,0.41,0.625,0.638,1,1
1359509,207,0,1,0,1,3,3,166.6,165.8,181.8,181.6,0.889,0.5,0.573,0.549,163.25,0.75,0.5,0.0,1,0
1359510,200,17,14,2,1,1,3,182.0,196.2,193.4,184.4,0.568,0.5,0.5,0.467,158.18,0.532,0.545,0.47,1,0
1359511,202,12,15,3,0,3,4,175.8,166.8,186.0,174.0,0.523,0.405,0.649,0.6,151.69,0.655,0.667,0.5,1,1
1359512,257,1,1,1,1,3,2,156.2,154.6,164.2,166.6,0.429,1.0,0.507,0.207,160.81,0.524,0.0,0.525,1,0
1359513,179,1,1,1,1,1,3,180.6,191.2,175.4,163.8,0.568,0.5,0.889,0.5,156.21,0.593,0.597,1.0,0,0
1359514,197,11,10,0,3,2,2,164.4,164.4,147.4,162.0,0.51,0.345,0.494,0.395,156.67,0.562,0.6,0.425,1,1
1359516,212,12,14,1,2,3,3,176.4,172.4,180.8,191.2,0.523,0.421,0.566,0.549,162.58,0.551,0.5,0.595,0,1
1359515,200,15,11,0,3,3,2,188.2,183.0,175.8,189.0,0.649,0.6,0.5,0.207,156.32,0.379,0.712,0.25,0,1
1359517,126,2,1,2,1,3,3,186.8,181.8,182.2,170.6,0.494,0.467,0.429,1.0,145.88,0.5,0.0,0.5,1,1
1359518,130,0,2,0,2,2,4,156.6,161.6,170.6,158.2,0.494,0.395,0.9,0.5,164.73,0.667,0.667,0.6,1,1
1359520,214,14,15,2,1,3,3,185.4,198.2,189.0,199.2,0.5,0.207,0.566,0.549,161.95,0.512,0.517,0.5,0,0
1359521,171,14,9,1,2,1,2,175.4,181.6,174.8,173.4,0.568,0.5,0.51,0.367,152.62,0.41,0.625,0.625,1,1
1359522,118,1,3,1,2,2,3,183.8,180.8,164.8,153.6,0.523,0.41,0.9,0.5,152.39,0.655,0.673,0.0,0,1
1359523,139,20,15,1,2,3,3,195.0,205.0,193.8,188.2,0.571,0.549,0.649,0.589,156.94,0.379,0.538,0.7,0,0
1359524,181,17,10,3,0,3,3,177.2,173.2,148.2,152.0,0.494,0.484,0.494,0.41,157.11,0.562,0.667,0.419,0,1
1359525,227,3,0,3,0,4,2,153.2,141.4,154.4,121.2,0.9,0.5,0.429,1.0,161.62,0.667,0.5,0.0,1,0
1359526,214,9,8,2,1,1,1,171.6,169.2,162.4,166.6,0.523,0.4,0.51,0.367,151.71,0.655,0.66,0.333,0,1
1359527,179,11,20,2,1,2,2,196.0,209.6,172.6,177.6,0.5,0.207,0.568,0.514,156.49,0.6,0.273,0.59,0,1
1359528,199,13,17,3,0,3,2,169.8,165.4,184.4,197.4,0.494,0.469,0.571,0.549,163.05,0.551,0.5,0.6,0,0
1359529,167,17,10,2,1,3,4,176.6,172.4,155.4,153.4,0.655,0.589,0.494,0.41,156.7,0.4,0.705,0.3,1,1
1359530,149,14,10,2,1,3,1,183.6,187.8,185.6,181.8,0.568,0.514,0.523,0.39,156.77,0.6,0.595,0.2,0,0
1359531,218,1,1,1,1,3,4,184.2,194.4,171.6,150.0,0.577,0.549,0.9,0.5,163.39,0.557,0.605,0.75,1,0
1359532,182,0,2,0,2,2,1,170.2,171.0,157.8,137.8,0.51,0.367,0.375,1.0,152.86,0.41,0.612,0.0,0,1
1359533,167,15,14,0,3,2,3,201.8,211.2,157.8,161.4,0.5,0.2,0.494,0.41,157.43,0.562,0.455,0.427,1,0
1359534,171,14,12,1,2,2,2,174.8,175.4,179.4,173.8,0.494,0.469,0.53,0.39,152.96,0.655,0.429,0.647,1,1
1359535,144,18,9,2,1,3,3,182.4,173.6,176.2,171.0,0.655,0.596,0.568,0.514,156.66,0.4,0.71,0.25,0,1
1359536,188,1,1,1,1,3,2,168.4,163.2,179.8,180.4,0.818,0.5,0.51,0.355,164.5,0.6,0.571,0.0,1,0
1359537,177,2,0,2,0,2,4,169.2,147.2,197.4,191.2,0.375,1.0,0.577,0.549,127.17,0.333,0.333,0.0,1,0
1359538,213,14,16,2,1,2,2,156.2,167.4,192.4,198.2,0.488,0.41,0.5,0.2,160.94,0.5,0.333,0.556,1,0
1359539,186,11,9,2,1,2,2,183.2,189.2,171.2,150.8,0.5,0.355,0.494,0.485,153.29,0.41,0.6,0.2,0,0
1359540,187,10,14,1,2,2,1,191.8,189.4,150.8,174.0,0.493,0.2,0.53,0.39,165.4,0.444,0.5,0.0,0,0
1359542,176,2,0,2,0,2,3,153.2,141.4,165.6,164.0,0.375,1.0,0.568,0.514,156.69,0.607,0.0,0.588,1,0
1359541,223,18,10,3,0,2,3,164.2,165.8,161.2,167.6,0.655,0.586,0.488,0.41,157.36,0.551,0.7,0.421,1,1
1359543,200,9,10,1,2,1,3,181.0,189.0,189.0,184.2,0.5,0.355,0.57,0.549,163.76,0.55,0.182,0.61,0,0
1359544,197,1,1,1,1,3,3,172.8,148.0,170.0,158.2,0.5,0.485,0.818,0.5,158.62,0.524,0.463,0.0,0,0
1370350,172,0,3,0,3,3,4,174.8,154.6,184.6,171.6,0.655,0.593,0.833,0.5,156.51,0.4,0.698,0.0,1,0
1370351,182,0,3,0,3,3,3,186.0,181.4,166.8,151.2,0.575,0.549,0.375,1.0,156.61,0.387,0.5,0.0,1,1
1370352,233,1,2,1,2,3,4,192.2,182.4,194.6,173.6,0.769,0.5,0.575,0.558,164.96,0.545,0.625,0.0,1,0
1370353,214,3,1,2,1,3,4,193.4,182.4,169.2,145.8,0.769,0.5,0.655,0.593,167.43,0.5,0.667,0.0,0,0
1422119,173,10,20,1,2,2,4,187.0,166.0,175.4,160.8,0.5,0.485,0.661,0.593,156.41,0.387,0.417,0.703,0,1
1422120,174,15,16,2,1,2,1,164.4,187.2,189.0,187.2,0.488,0.41,0.493,0.2,0.0,0.0,0.0,0.0,0,0
1422121,208,15,9,2,1,3,1,164.8,163.2,187.8,195.0,0.561,0.514,0.5,0.355,156.91,0.596,0.58,0.333,1,0
1422122,193,2,1,2,1,2,3,146.2,168.6,162.0,187.6,0.537,0.39,0.375,1.0,152.23,0.655,0.635,1.0,1,1
1422123,168,2,2,2,1,3,3,198.0,173.0,188.8,180.4,0.769,0.5,0.568,0.558,169.0,0.538,0.6,0.0,1,0
1422124,176,17,14,2,1,2,2,181.6,178.8,185.4,163.8,0.5,0.2,0.5,0.471,159.16,0.531,0.5,0.456,0,0
1422125,206,2,3,2,1,4,3,177.2,167.4,194.0,174.6,0.661,0.593,0.769,0.5,156.65,0.387,0.708,0.0,1,0
1422126,277,9,11,1,2,0,2,185.2,193.8,177.6,175.8,0.49,0.355,0.561,0.558,153.76,0.425,0.588,0.667,1,0
1422127,185,14,13,2,1,3,1,161.2,179.4,161.8,186.4,0.537,0.405,0.488,0.41,152.81,0.655,0.642,0.333,1,0
1422128,182,14,18,1,2,3,3,181.2,159.0,172.2,170.8,0.506,0.471,0.561,0.514,159.4,0.538,0.464,0.583,0,0
1422129,199,2,1,2,1,3,2,162.4,180.8,181.0,178.0,0.375,1.0,0.5,0.2,133.93,0.25,0.429,1.0,1,1
1422131,191,10,19,0,3,1,5,168.4,190.0,189.6,166.6,0.482,0.41,0.661,0.593,144.08,0.5,0.4,1.0,1,1
1422130,162,1,2,1,2,1,2,204.2,206.0,183.0,176.4,0.49,0.355,0.714,0.5,168.76,0.5,0.0,0.636,0,1
1422132,125,15,12,2,1,2,4,192.4,195.8,155.4,170.6,0.554,0.558,0.537,0.405,164.09,0.556,0.615,0.474,0,0
1422133,181,1,3,1,2,3,2,165.2,180.0,183.4,184.4,0.375,1.0,0.506,0.471,159.74,0.545,1.0,0.457,1,0
1422134,272,16,14,0,3,3,2,173.0,171.4,179.4,190.8,0.566,0.514,0.482,0.425,146.71,0.5,0.0,0.5,1,1
1422135,199,2,1,2,1,3,1,185.2,174.4,183.2,190.6,0.714,0.5,0.5,0.2,168.56,0.5,0.667,0.333,0,0
1422136,165,14,5,2,1,4,1,179.2,175.6,205.8,202.0,0.661,0.593,0.49,0.344,155.26,0.415,0.5,0.596,0,0
1422137,183,15,12,2,1,1,4,176.6,183.4,150.6,165.8,0.5,0.471,0.544,0.405,153.3,0.633,0.5,0.648,0,0
1422139,163,0,4,0,3,3,2,166.0,176.2,178.4,180.2,0.375,1.0,0.714,0.5,140.75,0.25,0.5,1.0,1,1
1422138,234,18,15,2,1,1,1,177.2,181.2,170.0,205.6,0.554,0.558,0.482,0.425,163.75,0.561,0.608,0.353,1,0
1426260,137,10,18,2,1,4,3,197.6,174.4,177.8,177.4,0.566,0.526,0.661,0.593,156.88,0.375,0.308,0.712,0,0
1426261,182,14,7,2,1,2,2,201.8,197.6,183.6,187.8,0.5,0.344,0.507,0.2,175.5,1.0,0.0,1.0,1,0
1426262,196,1,4,1,2,5,2,176.6,168.2,161.6,178.6,0.551,0.405,0.714,0.5,153.89,0.645,0.655,1.0,0,0
1426263,196,13,18,2,1,1,1,173.8,181.6,187.6,202.0,0.5,0.471,0.554,0.558,164.24,0.554,0.471,0.613,0,0
1426264,167,3,0,3,0,3,1,163.4,167.2,181.8,207.8,0.375,1.0,0.477,0.425,141.39,0.25,0.556,0.0,0,1
1426265,147,10,15,1,2,2,4,182.2,186.4,178.0,170.6,0.5,0.2,0.551,0.405,178.25,0.5,0.5,0.0,0,0
1426266,161,3,0,3,0,3,3,176.6,164.8,195.6,173.8,0.375,0.8,0.566,0.526,157.48,0.586,0.5,0.585,0,0
1426267,206,16,20,2,1,3,2,171.8,162.0,193.2,194.6,0.667,0.593,0.56,0.558,164.54,0.56,0.5,0.617,1,0
1426268,287,11,10,1,2,3,1,198.2,193.4,178.4,186.2,0.5,0.344,0.5,0.471,159.83,0.537,0.333,0.451,1,0
1426269,223,14,11,1,2,4,4,193.0,170.8,169.8,165.4,0.571,0.526,0.557,0.405,157.52,0.593,0.59,0.273,0,0
1426270,89,2,1,2,1,2,2,167.8,185.4,181.0,205.8,0.733,0.5,0.477,0.425,170.18,0.533,0.615,0.75,0,0
1426271,192,16,14,1,2,2,1,198.0,202.2,176.2,182.0,0.553,0.558,0.5,0.2,168.67,0.667,0.0,0.333,1,0
1426272,176,1,1,1,1,3,3,177.8,164.6,174.2,158.6,0.667,0.593,0.375,0.8,144.1,0.25,0.0,0.5,0,0
1426273,266,12,10,1,2,4,3,214.8,204.2,164.8,186.6,0.5,0.344,0.483,0.425,157.68,0.551,0.636,0.416,1,0
1426275,142,2,2,2,1,1,2,177.6,184.8,157.0,162.6,0.493,0.2,0.733,0.5,173.38,0.5,0.25,0.0,0,1
1426274,222,19,14,3,0,3,0,196.0,174.8,195.2,208.4,0.571,0.526,0.494,0.471,158.26,0.6,0.583,0.417,1,0
1426276,179,15,13,2,1,3,4,187.2,183.4,177.6,175.4,0.553,0.558,0.563,0.405,154.67,0.656,0.286,0.643,0,1
1426277,210,1,2,1,2,2,3,171.8,172.0,170.4,158.2,0.667,0.593,0.444,0.8,156.65,0.394,0.716,0.0,0,0
1426278,224,2,2,2,1,2,2,166.4,205.6,152.6,158.6,0.477,0.425,0.733,0.5,158.55,0.54,0.41,1.0,1,0
1426279,206,10,12,2,1,0,4,203.0,215.6,212.6,194.8,0.488,0.471,0.5,0.344,155.4,0.429,0.273,0.604,1,1
1426280,261,21,11,2,1,3,1,203.2,182.6,170.4,174.2,0.571,0.526,0.493,0.194,158.97,0.59,0.588,0.25,0,0
1426282,196,1,3,1,2,3,4,176.8,169.6,188.8,186.2,0.5,0.8,0.563,0.405,147.18,0.4,0.545,0.0,0,0
1426281,257,15,19,0,3,3,3,178.0,195.2,198.0,194.6,0.477,0.425,0.553,0.547,159.28,0.529,0.418,0.5,1,0
1426283,200,2,1,2,1,2,1,156.8,163.4,213.6,213.6,0.688,0.5,0.488,0.486,166.2,0.562,0.571,0.333,0,0
1426284,212,14,6,2,1,2,4,179.6,176.4,214.4,202.4,0.667,0.593,0.5,0.344,157.34,0.412,0.706,0.111,1,0
1426285,153,14,17,2,1,4,2,188.4,197.8,201.0,201.8,0.477,0.425,0.571,0.526,160.09,0.597,0.222,0.581,0,1
1426286,144,1,3,1,2,2,2,200.6,205.0,183.4,183.4,0.547,0.547,0.5,0.8,151.38,0.5,0.0,0.5,0,0
1426287,162,15,12,0,3,3,1,189.0,170.0,182.8,186.6,0.667,0.593,0.5,0.194,157.53,0.4,0.71,0.333,0,0
1426288,201,9,9,1,2,3,4,208.0,211.8,190.8,188.8,0.491,0.344,0.569,0.405,155.84,0.429,0.593,0.429,1,1
1426289,169,9,23,2,1,3,1,205.0,204.2,189.6,194.8,0.571,0.526,0.547,0.547,164.81,0.553,0.25,0.61,1,0
1426290,147,2,2,1,2,2,2,170.8,172.0,218.2,215.8,0.688,0.5,0.494,0.486,161.34,0.529,1.0,0.444,0,0
1426292,235,1,3,1,2,3,3,206.4,201.0,179.0,178.2,0.571,0.526,0.545,0.8,150.85,0.571,0.0,0.538,1,0
1426291,167,15,13,0,3,2,2,193.2,175.2,179.4,182.6,0.667,0.593,0.507,0.194,167.45,0.5,0.5,0.455,1,0
1426293,173,10,11,1,2,3,1,211.8,215.8,181.4,187.4,0.491,0.364,0.54,0.547,164.74,0.547,0.167,0.602,0,0
1426294,221,13,15,1,2,3,4,185.0,195.8,191.6,189.2,0.477,0.415,0.569,0.405,160.34,0.519,0.425,0.455,1,0
1426295,165,3,0,3,0,3,2,174.2,192.8,189.0,198.2,0.5,0.8,0.491,0.364,156.44,0.429,1.0,0.6,0,1
1426296,241,15,17,2,1,3,2,209.4,205.4,177.8,185.6,0.5,0.486,0.5,0.194,166.25,0.455,0.0,0.417,1,0
1426297,231,3,3,0,3,1,2,160.4,163.2,185.4,165.8,0.688,0.5,0.667,0.593,167.95,0.588,0.533,0.5,1,0
1426298,157,10,23,2,1,4,1,208.8,183.6,177.8,185.4,0.571,0.526,0.545,0.547,160.04,0.597,0.586,0.769,1,0
1426299,141,13,15,3,0,3,2,201.4,204.0,189.4,176.0,0.562,0.405,0.656,0.593,157.59,0.417,0.25,0.7,0,1
1426300,187,17,11,2,1,4,3,205.2,184.2,210.8,218.2,0.5,0.486,0.477,0.415,161.19,0.536,0.452,0.375,1,0
1426302,208,1,3,1,2,3,2,199.0,202.4,171.2,191.0,0.472,0.415,0.5,0.667,160.9,0.509,0.432,0.0,1,0
1426303,144,16,10,2,1,2,2,184.8,188.4,177.4,195.4,0.562,0.395,0.494,0.194,182.5,0.0,0.5,1.0,0,1
1426305,214,4,1,2,1,1,1,166.4,190.6,169.8,180.2,0.462,0.667,0.539,0.547,164.82,0.552,0.5,0.607,1,0
1426306,218,10,21,1,2,5,3,198.4,167.8,176.4,161.6,0.5,0.486,0.656,0.593,161.22,0.529,0.459,0.625,1,0
1426307,214,7,15,1,2,3,2,178.0,195.0,169.2,191.4,0.494,0.194,0.491,0.364,156.57,0.429,0.364,0.607,0,1
1426309,159,9,16,1,2,3,4,178.0,193.0,195.8,167.2,0.491,0.364,0.571,0.526,170.02,0.556,0.0,0.667,0,1
1426310,172,15,13,2,1,5,1,200.8,171.8,177.0,181.6,0.5,0.486,0.562,0.386,169.65,0.556,0.5,0.667,0,0
1426311,175,10,9,2,1,3,1,183.0,183.4,172.0,176.8,0.491,0.353,0.568,0.386,157.42,0.417,0.1,0.222,1,0
1426312,113,9,17,0,3,3,5,177.8,171.2,176.4,146.6,0.491,0.353,0.571,0.526,157.41,0.405,0.182,0.286,0,1
1473438,174,20,14,3,0,5,4,167.8,138.6,194.0,166.6,0.571,0.526,0.5,0.486,159.91,0.587,0.591,0.385,0,0
1473439,286,11,9,3,0,3,1,165.8,159.2,159.8,171.6,0.491,0.343,0.56,0.386,157.32,0.429,0.614,0.375,1,0
1473440,155,20,17,0,3,1,2,159.6,171.6,172.2,178.4,0.533,0.547,0.645,0.593,156.89,0.405,0.533,0.704,0,0
1473441,209,3,2,1,2,2,3,170.0,190.0,195.8,196.2,0.462,0.667,0.472,0.415,151.53,0.5,0.0,0.429,0,0
1473442,243,2,3,1,2,2,2,168.4,185.8,188.8,184.0,0.494,0.188,0.688,0.5,169.79,0.579,0.5,0.562,1,0
1473443,151,12,14,2,1,1,4,168.0,184.6,168.8,145.0,0.553,0.386,0.571,0.526,169.83,0.0,0.333,0.0,0,0
1473444,190,1,3,1,2,3,1,189.6,174.6,182.8,203.4,0.491,0.343,0.462,0.667,158.69,0.419,0.621,0.5,0,0
1473445,196,11,21,1,2,4,3,199.0,172.0,171.4,176.8,0.506,0.486,0.651,0.593,156.89,0.421,0.385,0.708,1,0
1473446,196,3,2,2,1,1,1,206.0,204.2,161.8,174.2,0.647,0.5,0.533,0.547,172.5,0.55,0.529,0.0,1,0
1473448,182,13,16,2,1,1,2,170.0,186.2,167.2,188.2,0.553,0.386,0.641,0.593,165.38,0.333,0.25,0.0,1,0
1473447,163,13,10,2,1,2,3,184.6,170.4,186.6,188.6,0.491,0.343,0.478,0.415,155.19,0.556,0.5,0.5,0,1
1473449,116,11,23,2,1,4,1,152.4,147.8,164.8,179.6,0.576,0.526,0.527,0.547,165.16,0.545,0.294,0.6,0,0
1473450,171,3,1,2,1,2,2,194.0,194.4,184.4,199.8,0.5,0.667,0.494,0.188,153.36,0.5,0.5,0.5,0,0
1473451,169,3,2,2,1,4,2,190.0,165.0,201.2,191.4,0.506,0.486,0.647,0.5,161.77,0.521,0.467,0.5,0,0
1473452,200,18,9,3,0,3,2,144.2,144.2,185.4,170.8,0.576,0.526,0.491,0.333,160.07,0.594,0.584,0.3,1,0
1473453,203,5,1,2,1,2,1,195.2,196.4,154.2,168.2,0.5,0.667,0.533,0.547,154.73,0.556,0.467,0.0,1,0
1473454,183,11,19,1,2,4,2,189.2,189.8,163.2,178.4,0.478,0.415,0.631,0.593,157.05,0.41,0.273,0.699,1,1
1473455,205,16,11,2,1,2,3,177.6,192.4,192.0,200.6,0.553,0.386,0.5,0.188,167.5,0.5,1.0,0.2,1,0
1473457,152,1,3,0,3,1,3,174.4,183.0,195.2,184.0,0.481,0.333,0.667,0.5,159.1,0.432,0.61,0.0,0,0
1473458,221,13,19,1,2,3,1,186.4,171.0,164.6,177.4,0.506,0.486,0.527,0.547,164.76,0.551,0.444,0.605,1,0
1473456,238,3,2,1,2,3,3,198.0,193.0,151.4,136.4,0.5,0.667,0.576,0.526,160.07,0.585,0.333,0.589,1,0
1473459,219,13,16,2,1,3,1,186.8,193.4,165.8,186.8,0.494,0.188,0.631,0.593,169.58,0.4,0.167,0.0,1,1
1473460,217,5,1,2,1,4,2,196.4,184.0,183.8,189.0,0.684,0.5,0.553,0.386,172.71,0.524,0.556,0.75,1,0
1473461,163,18,11,2,1,3,4,187.0,174.6,181.6,181.2,0.506,0.486,0.478,0.429,161.86,0.528,0.461,0.333,0,0
1473462,103,19,10,2,1,1,2,167.8,187.0,175.4,161.4,0.631,0.593,0.57,0.526,157.2,0.41,0.689,0.333,0,0
1473463,180,4,1,2,1,4,3,193.6,176.6,202.8,200.6,0.684,0.5,0.5,0.667,157.38,0.5,0.5,0.5,0,0
1473464,245,7,16,0,3,3,1,201.6,204.8,182.2,190.8,0.494,0.212,0.481,0.333,159.02,0.444,0.333,0.6,0,1
1473465,173,14,15,2,1,2,3,187.8,197.4,185.2,173.6,0.545,0.386,0.506,0.486,155.13,0.656,0.649,0.444,0,0
1473466,205,19,16,2,1,1,5,167.2,178.8,187.4,176.4,0.521,0.547,0.484,0.429,161.32,0.5,0.467,0.439,1,0
1473467,166,3,1,2,1,4,0,198.2,194.4,156.8,177.4,0.533,0.667,0.631,0.593,158.88,0.545,0.529,0.0,0,0
1473468,111,12,21,2,1,3,3,207.8,211.2,162.0,146.6,0.494,0.206,0.575,0.526,175.36,0.4,0.286,0.0,1,1
1473470,162,10,12,1,2,1,2,174.4,191.4,177.2,185.8,0.481,0.333,0.521,0.547,165.18,0.544,0.154,0.598,0,0
1473471,95,16,17,3,0,3,3,184.8,173.4,181.4,183.8,0.511,0.486,0.494,0.229,161.91,0.534,0.455,0.455,0,0
1473473,180,1,4,1,2,3,2,192.8,190.0,181.4,182.2,0.533,0.667,0.538,0.386,155.46,0.667,0.5,0.638,1,1
1473472,203,3,2,3,0,3,4,179.8,175.4,183.2,165.2,0.478,0.429,0.684,0.5,173.28,0.5,0.8,0.579,0,0
1473474,157,18,16,1,2,3,2,165.6,168.6,164.6,163.8,0.5,0.229,0.511,0.486,166.31,0.4,0.375,0.0,0,0
1473475,176,18,20,3,0,1,3,161.2,171.4,178.4,179.0,0.636,0.593,0.526,0.547,165.17,0.549,0.52,0.602,0,0
1473476,198,2,1,2,1,4,2,184.8,173.8,150.4,138.6,0.7,0.5,0.575,0.526,160.86,0.576,1.0,0.582,1,0
1473477,159,3,3,0,3,4,2,194.6,190.2,187.2,183.6,0.533,0.714,0.478,0.429,159.33,0.583,0.5,0.5,0,0
1473478,143,10,13,1,2,1,3,168.8,186.0,189.6,191.0,0.481,0.333,0.531,0.547,160.09,0.444,0.607,0.615,0,0
1473479,205,16,14,1,2,3,1,162.6,161.2,180.6,183.0,0.517,0.486,0.538,0.386,161.12,0.541,0.449,0.5,1,0
1473480,154,15,6,2,1,1,1,161.2,170.4,164.8,182.0,0.636,0.593,0.481,0.333,156.62,0.425,0.68,0.167,0,0
1473482,215,1,6,0,3,4,3,180.6,179.0,185.8,184.2,0.536,0.547,0.533,0.714,165.27,0.554,0.607,0.6,1,0
1473483,162,12,18,2,1,2,3,182.8,183.8,159.4,158.2,0.484,0.429,0.517,0.486,162.02,0.482,0.429,0.6,0,0
1473484,209,6,1,3,0,4,0,190.4,171.8,178.4,193.0,0.7,0.5,0.532,0.386,155.86,0.667,1.0,0.627,0,0
1473485,204,18,14,2,1,1,1,120.4,170.2,181.4,184.2,0.568,0.526,0.484,0.429,162.04,0.491,0.455,0.424,1,0
1473486,190,16,14,1,2,1,2,160.4,164.8,162.4,120.6,0.636,0.593,0.5,0.222,156.59,0.439,0.671,0.4,0,0
1473487,217,15,14,1,2,5,1,181.8,167.0,189.0,191.4,0.536,0.547,0.537,0.386,156.77,0.676,0.25,0.633,1,0
1473488,224,4,1,3,0,3,2,201.6,183.8,171.8,172.8,0.7,0.5,0.491,0.333,174.36,0.522,0.6,0.0,1,0
1473489,213,12,21,2,1,4,1,159.8,156.8,158.2,159.8,0.522,0.486,0.636,0.593,161.58,0.533,0.456,0.556,1,0
1473490,206,15,12,1,2,2,1,114.4,160.6,177.8,199.8,0.568,0.526,0.531,0.386,160.46,0.567,0.57,0.333,1,1
1473491,236,2,3,1,2,3,2,152.2,109.2,170.4,180.4,0.506,0.222,0.5,0.714,169.69,0.417,0.385,0.0,1,0
1473493,155,2,4,0,3,5,3,184.2,151.8,203.0,189.2,0.536,0.547,0.7,0.5,165.45,0.548,0.611,0.6,0,0
1473494,179,11,19,2,1,2,1,134.2,181.0,179.8,181.0,0.568,0.538,0.627,0.593,160.92,0.567,0.574,0.5,0,1
1473498,199,3,3,2,1,1,4,169.8,146.4,196.4,183.0,0.479,0.429,0.714,0.5,162.41,0.483,0.419,0.5,0,0
1473497,219,11,17,1,2,2,1,182.0,111.0,181.2,203.4,0.506,0.216,0.531,0.386,156.93,0.657,0.167,0.623,1,1
1473499,205,4,1,2,1,1,2,173.0,191.6,178.6,187.0,0.471,0.714,0.482,0.333,159.37,0.615,0.474,0.0,0,0
1473500,187,16,14,1,2,1,1,182.8,183.6,187.4,211.2,0.627,0.593,0.531,0.386,162.83,0.492,0.727,0.385,0,0
1473501,180,20,16,2,1,4,1,182.0,148.8,169.0,146.6,0.536,0.547,0.479,0.429,165.33,0.553,0.604,0.333,1,0
1473502,235,2,4,2,1,1,4,180.8,199.2,196.6,182.2,0.471,0.714,0.727,0.5,175.41,0.5,0.0,0.619,1,0
1473503,231,12,11,1,2,2,4,170.4,179.0,167.4,164.4,0.491,0.333,0.522,0.486,161.68,0.643,0.5,1.0,1,0
1485779,206,17,15,2,1,3,0,194.4,121.0,161.0,150.8,0.506,0.237,0.474,0.429,157.85,0.657,0.286,0.286,0,0
1473504,230,3,4,2,1,1,3,185.0,185.8,197.4,197.4,0.627,0.593,0.696,0.5,176.85,0.48,0.333,0.591,1,1
1473505,278,9,19,0,3,3,2,184.2,183.6,151.0,195.4,0.491,0.333,0.568,0.525,163.08,0.5,0.667,0.5,1,1
1473506,184,17,14,2,1,4,3,182.6,137.8,195.4,161.2,0.536,0.547,0.506,0.237,158.63,0.667,0.333,0.25,0,0
1473507,227,2,3,2,1,1,4,191.8,204.0,186.2,191.0,0.471,0.714,0.516,0.486,163.98,0.6,0.45,0.5,0,0
1473508,101,18,17,1,2,3,4,194.0,160.0,200.4,205.0,0.512,0.237,0.522,0.486,165.39,0.5,0.333,1.0,0,0
1473509,228,2,5,0,3,3,3,190.2,146.6,185.0,201.0,0.536,0.547,0.696,0.5,0.0,0.0,0.0,0.0,1,1
1473510,203,17,15,2,1,3,2,192.8,156.0,167.0,141.4,0.536,0.556,0.512,0.237,177.23,0.48,0.0,0.6,0,0
1473511,190,18,18,2,1,4,3,180.6,186.4,184.0,182.0,0.527,0.486,0.518,0.237,178.09,0.5,0.4,0.667,1,0
1527674,201,13,11,2,1,4,4,211.2,188.0,185.6,190.8,0.491,0.351,0.527,0.486,162.18,0.526,0.429,0.463,0,0
1527675,220,11,24,2,1,2,2,152.8,211.4,190.0,174.0,0.568,0.525,0.536,0.556,165.22,0.547,0.278,0.609,0,0
1527676,127,16,15,1,2,2,2,200.2,184.2,186.2,207.6,0.627,0.6,0.537,0.386,168.1,0.25,0.0,0.4,0,0
1527677,162,3,3,1,2,2,2,181.8,209.4,177.0,178.2,0.696,0.5,0.512,0.237,218.0,0.0,0.0,0.0,0,0
1527678,141,3,4,0,3,1,1,205.4,217.8,170.2,159.0,0.471,0.714,0.479,0.429,166.91,0.625,0.429,0.667,0,0
1527679,226,10,19,1,2,3,2,220.4,197.8,195.4,216.0,0.491,0.351,0.568,0.525,161.12,0.567,0.273,0.568,1,0
1527680,209,16,15,1,2,2,3,187.6,171.0,168.8,169.0,0.627,0.6,0.518,0.237,156.98,0.452,0.662,0.455,0,0
1527681,162,21,16,2,1,3,2,203.8,188.6,161.2,146.4,0.541,0.556,0.485,0.429,163.7,0.5,0.5,0.414,0,0
1527682,210,2,6,1,2,2,1,169.4,191.2,184.8,211.4,0.542,0.386,0.696,0.5,178.36,0.481,0.6,0.565,1,1
1527683,156,2,4,2,1,4,1,228.4,185.2,201.4,203.8,0.491,0.351,0.471,0.714,158.78,0.447,0.597,0.667,0,0
1527684,250,13,21,3,0,4,2,183.6,188.8,187.2,170.4,0.532,0.486,0.627,0.6,162.65,0.532,0.469,0.5,1,0
1527686,150,14,16,2,1,3,2,188.0,188.6,200.2,197.2,0.542,0.4,0.541,0.556,161.33,0.4,0.5,0.0,1,0
1527687,210,4,3,2,1,0,3,184.6,213.6,167.4,178.8,0.696,0.5,0.49,0.429,163.69,0.508,0.667,0.42,1,0
1527688,181,2,4,2,1,0,2,150.6,182.2,193.6,187.8,0.562,0.512,0.5,0.714,159.98,0.559,0.557,0.5,0,0
1527689,201,17,14,2,1,5,4,195.8,184.0,177.0,172.0,0.532,0.486,0.542,0.4,157.79,0.333,0.0,0.571,0,0
1527690,219,17,7,3,0,3,3,218.4,176.2,173.4,174.0,0.491,0.351,0.523,0.237,190.75,1.0,0.0,1.0,0,0
1527691,212,19,12,1,2,1,3,192.0,184.6,169.4,179.8,0.618,0.6,0.485,0.429,157.55,0.465,0.654,0.333,1,0
1527692,164,3,4,3,0,3,1,189.0,182.8,186.2,208.4,0.526,0.714,0.696,0.5,165.87,0.647,0.409,0.333,0,0
1527693,240,14,19,1,2,4,2,190.0,179.0,188.0,189.8,0.532,0.486,0.535,0.556,165.67,0.552,0.474,0.613,1,0
1529264,216,12,9,3,0,2,5,216.0,183.0,175.6,168.4,0.491,0.351,0.548,0.4,158.77,0.458,0.587,0.333,1,0
1529265,192,20,11,2,1,2,0,197.0,184.8,151.0,182.0,0.618,0.6,0.562,0.512,158.02,0.455,0.658,0.375,1,0
1529266,146,2,4,1,2,2,4,174.8,175.4,216.8,203.2,0.526,0.714,0.532,0.486,163.41,0.526,1.0,0.476,0,0
1529267,195,17,16,1,2,1,4,186.8,196.2,197.8,196.6,0.53,0.556,0.529,0.237,166.18,0.546,0.606,0.474,0,0
1529268,180,1,3,1,2,0,2,149.4,164.8,189.8,195.2,0.556,0.512,0.708,0.5,179.21,0.481,0.75,0.542,0,1
1529270,194,7,15,2,1,2,2,203.6,181.2,189.4,187.4,0.491,0.351,0.618,0.6,159.11,0.449,0.594,0.429,1,0
1529269,175,19,12,2,1,4,3,208.6,195.6,183.0,186.2,0.537,0.486,0.48,0.429,163.23,0.532,0.482,0.4,0,0
1529272,254,3,3,2,1,4,2,196.0,195.0,158.6,159.2,0.534,0.237,0.526,0.714,200.83,1.0,1.0,0.0,1,0
1529271,155,12,16,1,2,4,0,169.8,174.2,141.4,156.2,0.541,0.4,0.556,0.5,160.19,0.565,0.308,0.551,0,1
1529273,199,3,5,1,2,1,3,185.2,194.4,184.4,185.6,0.53,0.556,0.708,0.5,179.24,0.481,0.0,0.56,1,0
1529274,242,13,11,2,1,3,3,202.2,177.4,177.2,180.0,0.491,0.351,0.485,0.429,159.45,0.44,0.6,0.6,1,0
1529275,159,4,2,2,1,3,2,175.2,181.0,170.4,181.0,0.541,0.391,0.5,0.714,165.81,0.667,1.0,0.391,1,0
1529276,207,18,21,2,1,2,1,200.8,200.6,180.2,170.4,0.609,0.6,0.53,0.556,166.42,0.551,0.5,0.6,1,0
1529277,205,3,3,1,2,3,3,172.0,192.4,203.0,191.2,0.68,0.5,0.537,0.486,163.39,0.537,0.667,0.476,0,0
1529278,264,16,17,2,1,2,5,187.2,200.2,210.0,197.0,0.48,0.429,0.534,0.237,164.16,0.5,0.416,0.5,0,1
1529279,228,9,13,0,3,3,3,165.0,164.0,205.4,184.2,0.541,0.391,0.491,0.351,159.05,0.676,0.613,0.5,0,0
1529280,158,4,4,2,1,3,3,200.4,179.4,172.2,191.6,0.609,0.6,0.68,0.5,158.21,0.444,0.662,0.0,0,0
1529282,75,13,19,2,1,1,3,207.2,220.8,194.2,190.8,0.48,0.419,0.542,0.486,165.16,0.5,0.411,0.636,0,0
1529283,222,12,17,2,1,5,2,230.0,217.4,180.6,185.2,0.534,0.237,0.541,0.391,207.38,0.667,1.0,0.0,0,0
1529284,243,14,10,3,0,1,4,168.6,179.0,220.0,197.8,0.525,0.556,0.5,0.351,166.33,0.545,0.594,0.143,0,1
1529285,155,4,3,2,1,4,3,169.4,165.4,162.6,181.4,0.546,0.486,0.692,0.5,178.42,0.464,0.5,0.538,0,0
1529286,225,15,14,1,1,2,1,185.8,189.4,180.4,194.2,0.547,0.391,0.48,0.419,160.12,0.684,0.603,0.375,0,1
1529287,159,21,19,1,2,1,3,192.6,198.8,190.6,161.8,0.525,0.545,0.609,0.6,158.23,0.457,0.5,0.654,0,1
1529288,165,11,19,2,1,5,1,226.0,201.8,167.4,173.0,0.5,0.351,0.556,0.5,160.13,0.431,0.606,0.667,0,1
1529289,163,4,3,2,1,4,3,232.4,221.2,161.2,179.6,0.534,0.237,0.704,0.5,177.82,0.483,0.571,0.556,0,0
1529290,228,6,2,2,1,0,1,156.8,176.4,180.0,182.8,0.455,0.714,0.525,0.536,166.95,0.545,0.5,0.588,0,0
1529291,155,12,20,2,1,2,3,187.8,196.8,180.2,155.8,0.48,0.419,0.609,0.6,164.28,0.508,0.407,0.667,0,1
1529292,235,17,8,2,1,4,3,215.8,203.8,220.4,210.8,0.5,0.342,0.534,0.237,160.21,0.431,0.597,0.308,1,0
1529293,209,2,5,1,2,0,3,169.6,189.2,152.4,152.6,0.455,0.714,0.546,0.486,164.37,0.6,0.36,0.667,1,0
1529294,142,14,19,0,3,1,2,183.0,193.6,165.0,169.6,0.48,0.409,0.556,0.5,164.21,0.508,0.402,0.462,0,0
1529295,229,6,3,1,2,3,2,158.4,176.2,199.0,191.4,0.714,0.5,0.547,0.383,161.11,0.684,0.667,0.594,1,0
1529296,203,3,2,2,1,1,3,182.2,200.0,173.6,154.8,0.455,0.714,0.609,0.6,158.24,0.457,0.333,0.659,0,0
1529297,166,19,15,1,2,2,2,186.8,188.8,163.2,165.2,0.529,0.536,0.541,0.486,0.0,0.0,0.0,0.0,0,0
1529298,210,18,16,2,1,2,1,221.2,218.8,172.4,174.6,0.528,0.237,0.48,0.409,165.63,0.385,0.4,0.5,0,0
1529299,168,5,1,3,0,4,4,184.2,166.8,224.0,207.4,0.714,0.5,0.5,0.342,177.49,0.5,0.571,0.0,1,0
1529300,192,20,15,2,1,3,3,162.4,159.6,161.6,162.6,0.56,0.5,0.545,0.486,166.5,1.0,0.0,1.0,0,0
1529301,200,17,17,3,0,1,1,212.4,222.0,180.2,202.2,0.528,0.237,0.529,0.536,168.59,0.429,0.375,0.0,0,0
1529302,187,3,3,2,1,4,1,178.4,156.6,182.8,190.8,0.614,0.6,0.455,0.714,165.91,0.571,0.5,0.385,0,0
1529303,247,1,4,0,3,3,5,164.8,162.2,176.8,142.8,0.56,0.5,0.714,0.5,160.17,0.565,0.556,1.0,1,0
1529305,193,15,15,0,2,2,2,198.4,205.0,162.8,163.6,0.54,0.383,0.485,0.409,164.01,0.516,0.429,0.398,0,0
1529304,222,19,18,3,0,3,0,159.2,160.0,199.4,210.2,0.55,0.486,0.528,0.237,170.59,0.467,0.5,0.353,1,0
1529306,180,15,8,1,2,3,3,174.4,173.4,192.8,202.0,0.614,0.6,0.492,0.342,158.73,0.468,0.663,0.231,0,1
1529307,220,2,5,1,2,2,1,196.6,196.4,205.2,220.6,0.478,0.714,0.54,0.383,161.55,0.667,0.667,0.585,0,0
1529308,147,25,11,2,1,2,3,200.4,200.8,182.0,174.8,0.534,0.536,0.56,0.5,160.86,0.557,0.714,0.56,0,0
1529309,229,5,4,2,1,4,3,188.0,160.6,178.8,177.2,0.69,0.5,0.614,0.59,176.19,0.484,0.586,0.5,1,0
1529310,255,13,12,1,2,3,3,183.2,192.4,188.2,184.8,0.492,0.342,0.55,0.486,160.87,0.423,0.603,0.333,1,1
1529311,196,3,4,0,3,2,0,209.6,210.4,194.8,209.0,0.478,0.714,0.522,0.237,166.68,0.591,0.407,0.667,0,0
1529312,205,15,16,2,1,2,2,204.6,218.8,181.2,180.6,0.545,0.383,0.534,0.536,167.42,0.55,0.5,0.592,1,0
1529313,203,14,20,0,3,3,4,187.2,186.8,180.6,173.2,0.49,0.409,0.565,0.5,160.73,0.563,0.2,0.564,1,0
1535462,254,4,4,1,2,3,4,197.2,204.2,202.2,157.6,0.55,0.486,0.69,0.5,172.81,0.438,0.667,0.0,1,0
1535463,243,9,14,0,3,2,3,200.0,209.4,184.4,183.8,0.545,0.383,0.492,0.359,210.9,0.75,1.0,0.0,1,0
1535464,214,3,7,2,1,3,3,203.6,203.4,201.2,175.8,0.545,0.383,0.667,0.5,212.33,0.6,1.0,0.0,0,1
1535465,155,4,5,1,2,3,4,199.2,188.2,207.4,194.8,0.667,0.5,0.55,0.486,176.4,0.469,0.6,0.429,0,0
